payment_id,amount,payment_method,failure_reason,previous_successful_payments,previous_failed_payments,retry_count,customer_success_rate,hour_of_payment,customer_tenure_days,recovery_action,recovered,recovered_amount
PAY_00001,5472,UPI,Insufficient Funds,6,1,2,0.75,8,502,Reminder,0,0
PAY_00002,3090,UPI,User Abandoned,7,1,2,0.778,17,179,UPI Link,1,3090
PAY_00003,1858,UPI,Insufficient Funds,6,0,0,0.857,6,477,UPI Link,0,0
PAY_00004,510,UPI,Network Error,8,3,0,0.667,22,1331,UPI Link,0,0
PAY_00005,1059,Wallet,Bank Timeout,8,1,1,0.8,18,570,UPI Link,1,1059
PAY_00006,4178,UPI,Bank Timeout,8,1,2,0.8,13,697,Reminder,0,0
PAY_00007,8852,Card,Technical Error,7,1,0,0.778,2,779,Retry,0,0
PAY_00008,8092,Net Banking,Network Error,11,0,0,0.917,1,1495,Retry,1,8092
PAY_00009,976,UPI,Card Declined,7,2,0,0.7,17,601,Reminder,0,0
PAY_00010,8944,Net Banking,Network Error,10,2,0,0.769,22,143,Retry,1,8944
PAY_00011,979,Card,Technical Error,10,1,0,0.833,7,207,Retry,1,979
PAY_00012,2396,Wallet,User Abandoned,6,2,0,0.667,5,759,Reminder,0,0
PAY_00013,1741,Net Banking,User Abandoned,8,0,2,0.889,20,147,UPI Link,1,1741
PAY_00014,7018,Card,Network Error,5,3,2,0.556,7,335,UPI Link,0,0
PAY_00015,2538,Net Banking,User Abandoned,10,5,2,0.625,17,450,UPI Link,1,2538
PAY_00016,5773,UPI,Bank Timeout,5,1,0,0.714,10,822,Retry,1,5773
PAY_00017,1197,Card,Network Error,9,1,2,0.818,10,436,UPI Link,0,0
PAY_00018,6319,Wallet,User Abandoned,10,1,1,0.833,4,543,Reminder,0,0
PAY_00019,3130,Net Banking,User Abandoned,12,2,1,0.8,13,1196,Reminder,1,3130
PAY_00020,6814,Card,Bank Timeout,18,0,1,0.947,15,187,UPI Link,1,6814
PAY_00021,3377,UPI,Bank Timeout,4,2,2,0.571,5,1394,Reminder,0,0
PAY_00022,2163,UPI,Card Declined,5,4,1,0.5,19,959,UPI Link,1,2163
PAY_00023,1929,UPI,User Abandoned,6,1,2,0.75,3,1397,UPI Link,1,1929
PAY_00024,7537,Net Banking,User Abandoned,12,0,0,0.923,3,602,Reminder,1,7537
PAY_00025,2826,Wallet,Insufficient Funds,7,0,2,0.875,23,540,Retry,1,2826
PAY_00026,18869,Card,Network Error,7,3,0,0.636,20,612,UPI Link,0,0
PAY_00027,23866,Card,Bank Timeout,7,0,0,0.875,5,1105,Reminder,0,0
PAY_00028,604,UPI,Network Error,5,0,0,0.833,15,40,Retry,1,604
PAY_00029,7864,Net Banking,Technical Error,13,2,0,0.812,1,494,UPI Link,0,0
PAY_00030,4615,UPI,Insufficient Funds,7,4,2,0.583,15,142,Retry,0,0
PAY_00031,1415,Card,Bank Timeout,8,2,2,0.727,15,1126,Reminder,1,1415
PAY_00032,1173,Wallet,Bank Timeout,5,2,1,0.625,23,1413,Retry,1,1173
PAY_00033,9891,Net Banking,Card Declined,10,0,2,0.909,20,765,UPI Link,1,9891
PAY_00034,2277,Wallet,Insufficient Funds,5,2,0,0.625,7,132,Reminder,0,0
PAY_00035,4282,Card,Network Error,10,3,0,0.714,0,146,UPI Link,0,0
PAY_00036,3539,UPI,Bank Timeout,8,2,0,0.727,1,677,Retry,1,3539
PAY_00037,6824,Card,Technical Error,5,2,2,0.625,15,439,UPI Link,0,0
PAY_00038,13220,Wallet,Bank Timeout,12,4,1,0.706,13,390,Retry,1,13220
PAY_00039,3900,Wallet,Technical Error,10,3,1,0.714,13,957,UPI Link,1,3900
PAY_00040,5560,UPI,User Abandoned,5,2,2,0.625,20,202,Reminder,1,5560
PAY_00041,2746,Net Banking,Insufficient Funds,12,2,0,0.8,6,390,UPI Link,1,2746
PAY_00042,6676,Card,Card Declined,4,1,0,0.667,8,948,UPI Link,0,0
PAY_00043,22250,UPI,Card Declined,3,1,1,0.6,3,104,UPI Link,1,22250
PAY_00044,2625,UPI,Insufficient Funds,6,2,0,0.667,5,833,UPI Link,0,0
PAY_00045,7530,Card,Card Declined,9,3,0,0.692,5,777,UPI Link,1,7530
PAY_00046,2002,Wallet,Technical Error,6,1,1,0.75,9,867,Retry,1,2002
PAY_00047,15977,Wallet,Bank Timeout,8,2,0,0.727,9,446,Reminder,1,15977
PAY_00048,7738,UPI,User Abandoned,6,1,0,0.75,1,103,UPI Link,1,7738
PAY_00049,367,Card,Insufficient Funds,11,2,1,0.786,2,381,Reminder,1,367
PAY_00050,6481,UPI,User Abandoned,7,2,0,0.7,12,246,UPI Link,1,6481
PAY_00051,2036,Card,Network Error,12,0,1,0.923,1,1269,Retry,1,2036
PAY_00052,6937,Net Banking,Technical Error,6,3,0,0.6,21,1467,Retry,0,0
PAY_00053,10317,Net Banking,Card Declined,11,0,0,0.917,21,1322,UPI Link,0,0
PAY_00054,2424,Net Banking,Insufficient Funds,9,2,0,0.75,14,1273,Retry,0,0
PAY_00055,5386,UPI,Insufficient Funds,7,2,1,0.7,6,1037,Reminder,0,0
PAY_00056,4725,Net Banking,Insufficient Funds,10,3,0,0.714,11,584,Reminder,0,0
PAY_00057,3862,Net Banking,Network Error,11,2,2,0.786,16,17,UPI Link,0,0
PAY_00058,6725,Net Banking,User Abandoned,7,1,0,0.778,4,542,Reminder,1,6725
PAY_00059,2845,UPI,User Abandoned,6,3,1,0.6,4,558,Reminder,1,2845
PAY_00060,6160,Card,User Abandoned,5,1,0,0.714,6,1408,UPI Link,0,0
PAY_00061,35473,Net Banking,Network Error,6,2,1,0.667,8,105,Retry,0,0
PAY_00062,3691,Wallet,Technical Error,9,2,0,0.75,0,684,UPI Link,1,3691
PAY_00063,5417,Net Banking,Bank Timeout,5,0,2,0.833,14,1130,UPI Link,0,0
PAY_00064,1746,UPI,Insufficient Funds,8,2,0,0.727,22,306,UPI Link,0,0
PAY_00065,4693,Net Banking,Network Error,10,1,1,0.833,4,881,Retry,0,0
PAY_00066,1135,Net Banking,Technical Error,7,2,0,0.7,11,431,Retry,1,1135
PAY_00067,4081,UPI,Technical Error,6,2,1,0.667,13,1272,UPI Link,0,0
PAY_00068,2965,Card,Bank Timeout,3,5,0,0.333,13,51,Retry,0,0
PAY_00069,667,Net Banking,Card Declined,4,2,2,0.571,23,509,UPI Link,1,667
PAY_00070,1106,UPI,Card Declined,9,2,0,0.75,15,456,UPI Link,1,1106
PAY_00071,765,Wallet,Technical Error,7,3,0,0.636,7,457,Retry,1,765
PAY_00072,8509,Card,Card Declined,6,5,0,0.5,8,143,Retry,0,0
PAY_00073,3285,Net Banking,Technical Error,9,5,2,0.6,16,819,UPI Link,0,0
PAY_00074,784,Net Banking,Insufficient Funds,6,0,0,0.857,8,366,UPI Link,0,0
PAY_00075,10836,Net Banking,Insufficient Funds,8,0,0,0.889,19,890,Reminder,0,0
PAY_00076,1564,Net Banking,Card Declined,10,4,1,0.667,16,237,UPI Link,0,0
PAY_00077,2397,Card,Technical Error,4,0,0,0.8,22,894,Retry,0,0
PAY_00078,2715,Card,Technical Error,10,1,1,0.833,2,1361,Reminder,0,0
PAY_00079,10005,Net Banking,User Abandoned,6,0,0,0.857,23,616,Reminder,0,0
PAY_00080,15055,Wallet,Technical Error,10,3,1,0.714,22,606,Retry,0,0
PAY_00081,2016,Card,Card Declined,11,0,2,0.917,12,1388,Reminder,1,2016
PAY_00082,2469,Card,Network Error,10,8,1,0.526,9,832,Retry,1,2469
PAY_00083,1951,UPI,Technical Error,7,3,0,0.636,6,881,UPI Link,1,1951
PAY_00084,5393,Net Banking,Card Declined,12,1,1,0.857,14,1384,UPI Link,0,0
PAY_00085,2341,Wallet,User Abandoned,6,4,0,0.545,21,174,Reminder,0,0
PAY_00086,4168,Net Banking,Insufficient Funds,2,3,0,0.333,21,636,Reminder,1,4168
PAY_00087,1157,Card,Bank Timeout,8,3,0,0.667,1,502,Reminder,1,1157
PAY_00088,2982,UPI,Card Declined,6,3,1,0.6,20,1179,UPI Link,0,0
PAY_00089,4461,Wallet,Card Declined,10,0,1,0.909,7,303,UPI Link,1,4461
PAY_00090,2845,UPI,Insufficient Funds,6,2,1,0.667,7,361,UPI Link,1,2845
PAY_00091,2995,Wallet,Insufficient Funds,8,2,1,0.727,7,249,UPI Link,0,0
PAY_00092,1884,Wallet,User Abandoned,6,1,1,0.75,17,1220,Reminder,1,1884
PAY_00093,1420,Wallet,Network Error,8,1,2,0.8,16,874,UPI Link,0,0
PAY_00094,2717,Wallet,Bank Timeout,14,0,2,0.933,15,922,Reminder,1,2717
PAY_00095,1383,Card,User Abandoned,11,0,0,0.917,16,993,UPI Link,1,1383
PAY_00096,2173,Net Banking,Card Declined,10,3,0,0.714,22,586,UPI Link,0,0
PAY_00097,805,Net Banking,Technical Error,10,3,1,0.714,2,284,Retry,1,805
PAY_00098,2090,Wallet,User Abandoned,10,1,0,0.833,22,439,Reminder,0,0
PAY_00099,862,Wallet,Technical Error,6,2,1,0.667,14,852,Retry,1,862
PAY_00100,2739,Wallet,Card Declined,9,1,1,0.818,22,41,Reminder,1,2739
PAY_00101,3110,Wallet,Card Declined,7,4,0,0.583,11,612,Reminder,0,0
PAY_00102,1378,Wallet,Network Error,5,2,2,0.625,23,1119,UPI Link,0,0
PAY_00103,9193,Card,Card Declined,9,3,0,0.692,8,893,UPI Link,1,9193
PAY_00104,3019,Wallet,Technical Error,8,4,2,0.615,21,829,UPI Link,0,0
PAY_00105,8979,Wallet,Bank Timeout,6,1,1,0.75,17,56,Reminder,1,8979
PAY_00106,5845,UPI,Insufficient Funds,6,3,2,0.6,13,278,Retry,0,0
PAY_00107,3691,Card,Insufficient Funds,6,5,0,0.5,12,671,Reminder,1,3691
PAY_00108,9643,Net Banking,Technical Error,5,2,1,0.625,8,864,Retry,1,9643
PAY_00109,1598,UPI,Card Declined,8,1,0,0.8,23,1105,UPI Link,1,1598
PAY_00110,1443,Net Banking,Bank Timeout,9,5,2,0.6,2,1335,Reminder,1,1443
PAY_00111,990,UPI,Bank Timeout,9,3,0,0.692,0,1273,Retry,0,0
PAY_00112,16901,Card,Card Declined,4,2,2,0.571,3,1156,Retry,0,0
PAY_00113,3232,Wallet,User Abandoned,9,2,0,0.75,11,344,UPI Link,1,3232
PAY_00114,35676,UPI,Bank Timeout,6,1,0,0.75,3,1186,Retry,0,0
PAY_00115,4319,Net Banking,Network Error,11,2,2,0.786,12,813,Retry,0,0
PAY_00116,862,Card,Insufficient Funds,9,1,1,0.818,22,1285,Reminder,0,0
PAY_00117,3737,Net Banking,User Abandoned,9,1,1,0.818,3,1160,UPI Link,1,3737
PAY_00118,7062,Net Banking,Network Error,11,2,1,0.786,21,759,Retry,0,0
PAY_00119,8003,Net Banking,Insufficient Funds,8,3,1,0.667,15,217,Reminder,0,0
PAY_00120,2695,Net Banking,User Abandoned,9,0,1,0.9,22,314,Reminder,1,2695
PAY_00121,3683,Net Banking,Network Error,8,1,1,0.8,15,953,Retry,1,3683
PAY_00122,5637,Net Banking,Technical Error,7,1,0,0.778,2,572,UPI Link,1,5637
PAY_00123,4594,Card,Card Declined,9,2,1,0.75,19,1369,UPI Link,1,4594
PAY_00124,1988,UPI,Card Declined,7,2,0,0.7,5,999,UPI Link,1,1988
PAY_00125,1430,Net Banking,Technical Error,8,2,0,0.727,19,1437,UPI Link,0,0
PAY_00126,3403,UPI,Network Error,10,5,0,0.625,2,495,UPI Link,0,0
PAY_00127,5294,Wallet,Network Error,5,0,0,0.833,22,976,Retry,1,5294
PAY_00128,1901,Wallet,Card Declined,9,2,0,0.75,2,603,UPI Link,1,1901
PAY_00129,8578,Card,Technical Error,8,4,2,0.615,18,756,UPI Link,0,0
PAY_00130,1771,Net Banking,Card Declined,9,3,2,0.692,17,678,UPI Link,1,1771
PAY_00131,4615,Wallet,Technical Error,16,1,0,0.889,8,473,Retry,1,4615
PAY_00132,7293,Card,Technical Error,14,1,0,0.875,23,1098,Reminder,1,7293
PAY_00133,2899,Card,Bank Timeout,9,1,0,0.818,23,992,Retry,1,2899
PAY_00134,1627,Net Banking,Insufficient Funds,9,4,0,0.643,9,466,Reminder,0,0
PAY_00135,10000,Net Banking,Insufficient Funds,7,3,2,0.636,17,260,Reminder,0,0
PAY_00136,2089,UPI,Network Error,6,2,0,0.667,22,259,Retry,1,2089
PAY_00137,1638,Wallet,Insufficient Funds,12,2,0,0.8,18,583,UPI Link,1,1638
PAY_00138,3098,Wallet,Technical Error,2,2,0,0.4,1,518,Reminder,1,3098
PAY_00139,8867,Wallet,Insufficient Funds,6,3,0,0.6,12,1008,Reminder,0,0
PAY_00140,2936,UPI,Bank Timeout,7,1,0,0.778,18,623,Retry,1,2936
PAY_00141,2854,Card,Insufficient Funds,6,0,1,0.857,13,1242,UPI Link,0,0
PAY_00142,4871,Card,Network Error,5,4,1,0.5,14,907,Retry,1,4871
PAY_00143,7759,Wallet,Technical Error,9,1,1,0.818,19,124,Retry,1,7759
PAY_00144,1530,UPI,Bank Timeout,9,2,2,0.75,6,542,UPI Link,0,0
PAY_00145,5184,Card,Bank Timeout,8,2,0,0.727,17,154,Retry,1,5184
PAY_00146,7895,Wallet,Card Declined,11,0,2,0.917,19,963,UPI Link,1,7895
PAY_00147,3772,Card,Technical Error,9,4,2,0.643,9,1440,Retry,0,0
PAY_00148,7736,UPI,User Abandoned,10,2,0,0.769,8,1281,UPI Link,1,7736
PAY_00149,22399,Card,Card Declined,11,1,0,0.846,17,461,UPI Link,1,22399
PAY_00150,1339,Net Banking,Bank Timeout,10,3,0,0.714,1,340,UPI Link,0,0
PAY_00151,2234,Net Banking,Card Declined,6,4,0,0.545,14,1411,UPI Link,0,0
PAY_00152,8552,Wallet,Technical Error,8,3,1,0.667,17,1012,Retry,1,8552
PAY_00153,3921,UPI,Card Declined,7,3,2,0.636,10,1237,UPI Link,0,0
PAY_00154,20041,UPI,Bank Timeout,8,1,2,0.8,18,1203,Retry,0,0
PAY_00155,2866,Net Banking,Network Error,10,1,0,0.833,5,964,Retry,1,2866
PAY_00156,5115,Wallet,Technical Error,3,2,0,0.5,18,893,Retry,1,5115
PAY_00157,9005,Wallet,Insufficient Funds,7,2,1,0.7,11,837,Reminder,0,0
PAY_00158,1608,UPI,Bank Timeout,7,5,0,0.538,13,1421,Retry,1,1608
PAY_00159,1942,Wallet,Network Error,11,4,0,0.688,14,181,Retry,1,1942
PAY_00160,673,Net Banking,Insufficient Funds,5,1,1,0.714,16,3,UPI Link,0,0
PAY_00161,2870,Wallet,Card Declined,5,0,0,0.833,6,1062,UPI Link,1,2870
PAY_00162,544,Wallet,User Abandoned,5,2,1,0.625,1,417,Reminder,1,544
PAY_00163,1576,Card,Technical Error,9,4,1,0.643,22,993,Retry,0,0
PAY_00164,4457,Card,User Abandoned,4,1,0,0.667,9,1129,Reminder,1,4457
PAY_00165,1850,Wallet,Insufficient Funds,6,0,0,0.857,3,946,Retry,1,1850
PAY_00166,4764,Card,Card Declined,8,2,2,0.727,9,1043,Reminder,0,0
PAY_00167,3688,Wallet,Card Declined,3,2,1,0.5,7,936,UPI Link,1,3688
PAY_00168,1790,Wallet,Bank Timeout,13,3,1,0.765,16,280,UPI Link,0,0
PAY_00169,11321,Net Banking,Card Declined,8,0,0,0.889,16,548,Reminder,0,0
PAY_00170,783,Net Banking,User Abandoned,7,2,0,0.7,18,1188,Retry,0,0
PAY_00171,3358,Wallet,Bank Timeout,4,0,1,0.8,17,992,Retry,1,3358
PAY_00172,1247,Wallet,Card Declined,6,4,0,0.545,6,1429,UPI Link,0,0
PAY_00173,875,Wallet,Bank Timeout,9,1,1,0.818,1,652,UPI Link,1,875
PAY_00174,918,Wallet,Card Declined,9,5,2,0.6,20,312,UPI Link,1,918
PAY_00175,3406,UPI,Bank Timeout,11,2,1,0.786,18,680,UPI Link,0,0
PAY_00176,2099,Wallet,Insufficient Funds,11,5,1,0.647,14,32,UPI Link,0,0
PAY_00177,2930,Wallet,User Abandoned,10,4,0,0.667,2,962,UPI Link,1,2930
PAY_00178,3054,Net Banking,Technical Error,5,4,1,0.5,22,815,Retry,0,0
PAY_00179,5563,Net Banking,User Abandoned,9,2,1,0.75,12,649,UPI Link,1,5563
PAY_00180,6664,Wallet,Network Error,7,3,0,0.636,19,141,Retry,1,6664
PAY_00181,823,Net Banking,Bank Timeout,11,2,2,0.786,2,889,Retry,0,0
PAY_00182,1761,UPI,Card Declined,10,1,0,0.833,22,614,Retry,0,0
PAY_00183,3420,UPI,Technical Error,5,0,0,0.833,9,735,Retry,1,3420
PAY_00184,712,Card,Bank Timeout,5,2,1,0.625,13,1160,Retry,1,712
PAY_00185,1042,Card,Bank Timeout,11,2,0,0.786,2,1249,UPI Link,1,1042
PAY_00186,1674,Card,Card Declined,10,3,1,0.714,4,476,UPI Link,1,1674
PAY_00187,2132,Net Banking,Card Declined,8,2,0,0.727,21,20,Reminder,0,0
PAY_00188,1166,Wallet,Technical Error,8,2,2,0.727,17,324,Reminder,1,1166
PAY_00189,3631,Net Banking,Network Error,5,0,0,0.833,20,869,Retry,1,3631
PAY_00190,1420,Wallet,Technical Error,5,3,0,0.556,12,990,Retry,0,0
PAY_00191,3901,Wallet,Network Error,5,1,0,0.714,18,606,Reminder,1,3901
PAY_00192,14091,Net Banking,Insufficient Funds,4,4,2,0.444,12,563,Reminder,0,0
PAY_00193,6397,UPI,Network Error,5,3,2,0.556,15,587,UPI Link,0,0
PAY_00194,6436,Card,Network Error,9,3,0,0.692,7,1304,Retry,0,0
PAY_00195,1088,Net Banking,User Abandoned,8,1,2,0.8,21,1395,UPI Link,0,0
PAY_00196,14484,UPI,User Abandoned,7,2,2,0.7,1,633,UPI Link,0,0
PAY_00197,2107,UPI,Network Error,8,4,0,0.615,23,270,Retry,0,0
PAY_00198,3247,Net Banking,Technical Error,7,7,2,0.467,13,360,Reminder,0,0
PAY_00199,1473,Net Banking,Network Error,6,0,1,0.857,8,337,Retry,1,1473
PAY_00200,7392,Wallet,Technical Error,8,0,2,0.889,10,236,UPI Link,0,0
PAY_00201,1709,UPI,Bank Timeout,11,2,0,0.786,21,1484,Retry,1,1709
PAY_00202,4748,Wallet,Network Error,7,0,0,0.875,2,809,Retry,1,4748
PAY_00203,4243,UPI,Card Declined,14,1,0,0.875,21,1377,UPI Link,1,4243
PAY_00204,2951,Wallet,User Abandoned,5,4,0,0.5,3,1383,Reminder,1,2951
PAY_00205,8900,UPI,Network Error,6,0,1,0.857,10,1250,Retry,1,8900
PAY_00206,6816,UPI,User Abandoned,0,2,1,0.0,22,619,UPI Link,0,0
PAY_00207,1811,UPI,Bank Timeout,2,3,0,0.333,1,624,Reminder,0,0
PAY_00208,1393,UPI,Insufficient Funds,12,2,0,0.8,17,278,Reminder,0,0
PAY_00209,1657,Net Banking,User Abandoned,9,2,2,0.75,22,1107,Reminder,0,0
PAY_00210,5601,Card,Card Declined,14,4,2,0.737,3,1003,UPI Link,1,5601
PAY_00211,5267,Net Banking,Insufficient Funds,4,3,2,0.5,11,445,Reminder,0,0
PAY_00212,2163,Card,Technical Error,10,0,0,0.909,21,753,Retry,1,2163
PAY_00213,2274,Net Banking,Insufficient Funds,9,1,1,0.818,8,389,Retry,1,2274
PAY_00214,1610,Wallet,Insufficient Funds,7,2,2,0.7,6,1315,UPI Link,0,0
PAY_00215,2372,UPI,Insufficient Funds,9,1,0,0.818,7,258,UPI Link,0,0
PAY_00216,3021,Card,Insufficient Funds,5,3,1,0.556,6,1201,Reminder,1,3021
PAY_00217,1660,Card,Technical Error,7,2,0,0.7,19,6,Retry,1,1660
PAY_00218,1927,Card,Bank Timeout,6,2,1,0.667,8,358,Retry,1,1927
PAY_00219,8746,UPI,Bank Timeout,10,0,0,0.909,11,488,Retry,1,8746
PAY_00220,4468,UPI,Bank Timeout,9,1,0,0.818,1,260,UPI Link,0,0
PAY_00221,3109,UPI,User Abandoned,5,2,0,0.625,15,919,UPI Link,1,3109
PAY_00222,7361,UPI,Card Declined,5,1,1,0.714,7,1260,UPI Link,1,7361
PAY_00223,16236,Net Banking,Card Declined,13,0,2,0.929,0,125,Retry,1,16236
PAY_00224,2669,Wallet,Card Declined,12,3,2,0.75,3,1005,Reminder,0,0
PAY_00225,2274,Wallet,Insufficient Funds,3,2,0,0.5,10,1246,Reminder,0,0
PAY_00226,709,Card,Technical Error,5,1,1,0.714,20,1199,Retry,0,0
PAY_00227,5849,Net Banking,Card Declined,6,3,1,0.6,16,604,UPI Link,0,0
PAY_00228,8365,Wallet,Insufficient Funds,10,6,2,0.588,3,1341,UPI Link,1,8365
PAY_00229,1438,Card,Card Declined,4,3,1,0.5,7,848,UPI Link,1,1438
PAY_00230,5663,Wallet,Card Declined,4,0,1,0.8,23,195,UPI Link,1,5663
PAY_00231,31087,Net Banking,User Abandoned,4,4,0,0.444,11,313,UPI Link,1,31087
PAY_00232,5167,Wallet,Insufficient Funds,10,1,0,0.833,2,191,Reminder,1,5167
PAY_00233,2286,Net Banking,Bank Timeout,6,3,1,0.6,1,1202,Reminder,1,2286
PAY_00234,1101,Net Banking,User Abandoned,8,1,0,0.8,13,725,UPI Link,0,0
PAY_00235,3227,Wallet,User Abandoned,5,4,0,0.5,9,1230,Reminder,0,0
PAY_00236,8791,UPI,Network Error,8,1,1,0.8,6,317,Retry,1,8791
PAY_00237,17086,Card,Insufficient Funds,5,0,0,0.833,17,753,Reminder,0,0
PAY_00238,2713,Net Banking,Network Error,10,2,0,0.769,13,1149,Reminder,1,2713
PAY_00239,4570,UPI,Network Error,11,1,2,0.846,22,548,Reminder,1,4570
PAY_00240,5310,Net Banking,User Abandoned,9,2,0,0.75,10,719,Reminder,0,0
PAY_00241,973,Card,Network Error,10,0,2,0.909,12,143,Reminder,0,0
PAY_00242,9462,UPI,Insufficient Funds,4,2,2,0.571,16,441,Reminder,1,9462
PAY_00243,1151,Wallet,Technical Error,10,6,0,0.588,11,639,UPI Link,1,1151
PAY_00244,9983,UPI,Insufficient Funds,5,2,0,0.625,5,1266,Reminder,1,9983
PAY_00245,6126,UPI,Technical Error,13,2,1,0.812,21,869,Retry,0,0
PAY_00246,11574,Wallet,Card Declined,10,4,0,0.667,6,1050,UPI Link,1,11574
PAY_00247,9529,Wallet,Insufficient Funds,10,0,0,0.909,21,1390,UPI Link,0,0
PAY_00248,9231,Net Banking,Insufficient Funds,13,1,0,0.867,12,1228,Reminder,1,9231
PAY_00249,1692,Card,Technical Error,12,5,0,0.667,4,524,Retry,1,1692
PAY_00250,3060,UPI,Insufficient Funds,7,1,1,0.778,23,882,Reminder,1,3060
PAY_00251,2249,Wallet,Network Error,9,1,2,0.818,7,1025,UPI Link,1,2249
PAY_00252,2708,Net Banking,Insufficient Funds,6,1,1,0.75,23,87,Reminder,1,2708
PAY_00253,622,Wallet,Insufficient Funds,8,0,0,0.889,18,880,UPI Link,1,622
PAY_00254,3057,Wallet,Technical Error,10,5,0,0.625,12,43,Reminder,0,0
PAY_00255,3338,Card,Network Error,9,2,1,0.75,22,742,Retry,1,3338
PAY_00256,16223,UPI,Bank Timeout,8,1,1,0.8,18,821,Retry,1,16223
PAY_00257,2136,Wallet,Technical Error,9,2,2,0.75,10,454,Reminder,1,2136
PAY_00258,7409,Card,Insufficient Funds,4,4,1,0.444,20,234,UPI Link,0,0
PAY_00259,1839,Card,Technical Error,5,4,0,0.5,23,1322,UPI Link,0,0
PAY_00260,2765,Card,Insufficient Funds,8,2,0,0.727,8,405,Reminder,0,0
PAY_00261,5530,Card,User Abandoned,5,0,0,0.833,5,1287,Reminder,1,5530
PAY_00262,100000,Wallet,User Abandoned,5,1,1,0.714,20,1302,Retry,0,0
PAY_00263,12666,Net Banking,User Abandoned,7,0,0,0.875,4,901,Reminder,0,0
PAY_00264,2012,Wallet,User Abandoned,8,2,0,0.727,8,1212,Reminder,0,0
PAY_00265,1572,UPI,Technical Error,7,1,1,0.778,14,78,Retry,1,1572
PAY_00266,8269,Net Banking,Insufficient Funds,7,0,2,0.875,2,1260,UPI Link,1,8269
PAY_00267,1305,Wallet,Card Declined,12,0,1,0.923,17,85,UPI Link,1,1305
PAY_00268,4578,Card,Technical Error,10,2,1,0.769,15,1027,Retry,1,4578
PAY_00269,4302,UPI,Card Declined,6,3,0,0.6,10,1463,UPI Link,1,4302
PAY_00270,16348,Card,Insufficient Funds,8,1,0,0.8,22,897,Retry,0,0
PAY_00271,1387,Card,Technical Error,5,2,0,0.625,9,794,Retry,1,1387
PAY_00272,3207,Net Banking,User Abandoned,9,0,1,0.9,1,1293,UPI Link,1,3207
PAY_00273,890,UPI,Technical Error,11,0,0,0.917,17,1390,Retry,1,890
PAY_00274,2835,Net Banking,User Abandoned,10,3,2,0.714,19,308,Reminder,0,0
PAY_00275,1246,Card,Technical Error,9,0,0,0.9,20,1431,Retry,1,1246
PAY_00276,2642,Card,Network Error,8,3,2,0.667,2,635,UPI Link,0,0
PAY_00277,2492,Net Banking,Bank Timeout,6,3,2,0.6,22,1404,Retry,0,0
PAY_00278,2555,UPI,User Abandoned,15,2,2,0.833,13,1042,Reminder,0,0
PAY_00279,29018,Net Banking,Technical Error,5,4,0,0.5,6,700,Reminder,0,0
PAY_00280,318,Wallet,Bank Timeout,10,2,0,0.769,4,318,Retry,1,318
PAY_00281,5250,UPI,Network Error,6,1,1,0.75,23,1079,Retry,1,5250
PAY_00282,650,Net Banking,Network Error,5,1,0,0.714,19,772,Retry,1,650
PAY_00283,2050,Card,User Abandoned,3,1,1,0.6,5,1477,Reminder,0,0
PAY_00284,3180,Wallet,Technical Error,7,2,2,0.7,23,487,Retry,0,0
PAY_00285,3201,Net Banking,User Abandoned,9,0,1,0.9,7,1094,Reminder,1,3201
PAY_00286,2034,Wallet,Bank Timeout,7,3,0,0.636,21,1169,Reminder,1,2034
PAY_00287,1693,Wallet,Technical Error,4,1,1,0.667,16,1081,Retry,1,1693
PAY_00288,1042,Card,Bank Timeout,11,1,1,0.846,4,513,Retry,1,1042
PAY_00289,1192,Wallet,Technical Error,11,2,1,0.786,3,1457,UPI Link,0,0
PAY_00290,7823,UPI,Technical Error,9,3,0,0.692,5,559,Retry,0,0
PAY_00291,5932,Card,Card Declined,10,1,0,0.833,7,924,Reminder,0,0
PAY_00292,2450,UPI,Card Declined,6,0,0,0.857,12,1029,UPI Link,1,2450
PAY_00293,1633,Wallet,Insufficient Funds,5,1,0,0.714,7,58,Reminder,0,0
PAY_00294,10777,UPI,User Abandoned,8,2,2,0.727,10,300,Reminder,1,10777
PAY_00295,779,Net Banking,Card Declined,13,1,2,0.867,4,1445,UPI Link,1,779
PAY_00296,9075,UPI,Insufficient Funds,7,0,0,0.875,8,442,UPI Link,1,9075
PAY_00297,1765,Wallet,Insufficient Funds,4,2,0,0.571,7,617,Reminder,1,1765
PAY_00298,4532,Card,Card Declined,10,0,2,0.909,19,937,UPI Link,1,4532
PAY_00299,3402,Wallet,Network Error,11,1,1,0.846,0,1295,Retry,1,3402
PAY_00300,4481,Card,User Abandoned,9,3,0,0.692,9,880,Reminder,1,4481
PAY_00301,34882,Net Banking,Bank Timeout,3,2,1,0.5,13,384,Retry,1,34882
PAY_00302,1963,UPI,Network Error,9,3,0,0.692,2,1078,Retry,1,1963
PAY_00303,5502,UPI,Card Declined,4,3,1,0.5,1,1302,UPI Link,1,5502
PAY_00304,17627,Net Banking,Technical Error,9,2,2,0.75,0,732,UPI Link,0,0
PAY_00305,1239,Net Banking,Bank Timeout,7,4,2,0.583,21,1287,Reminder,0,0
PAY_00306,766,Net Banking,Bank Timeout,7,1,0,0.778,11,1119,Retry,1,766
PAY_00307,8576,Card,User Abandoned,9,1,1,0.818,22,981,UPI Link,1,8576
PAY_00308,4402,Card,Insufficient Funds,10,1,2,0.833,14,76,Reminder,0,0
PAY_00309,5181,UPI,Bank Timeout,8,2,0,0.727,10,636,Retry,1,5181
PAY_00310,358,Wallet,Technical Error,7,0,0,0.875,20,392,Retry,1,358
PAY_00311,4692,UPI,User Abandoned,14,0,0,0.933,8,255,UPI Link,1,4692
PAY_00312,10384,Wallet,Card Declined,7,1,2,0.778,14,792,UPI Link,1,10384
PAY_00313,4528,Card,Card Declined,6,5,2,0.5,15,753,Retry,1,4528
PAY_00314,369,Net Banking,Insufficient Funds,4,3,2,0.5,13,162,Reminder,1,369
PAY_00315,801,Card,Network Error,8,3,0,0.667,10,211,Retry,1,801
PAY_00316,3897,Net Banking,Technical Error,3,3,1,0.429,19,1470,Retry,1,3897
PAY_00317,2607,Wallet,Technical Error,8,5,1,0.571,1,1489,UPI Link,1,2607
PAY_00318,2888,Net Banking,Network Error,11,1,1,0.846,8,1310,Reminder,1,2888
PAY_00319,478,UPI,Insufficient Funds,8,3,2,0.667,20,832,Reminder,0,0
PAY_00320,9453,Card,Insufficient Funds,9,1,0,0.818,19,1389,UPI Link,1,9453
PAY_00321,4713,UPI,Bank Timeout,9,2,0,0.75,7,1322,Retry,1,4713
PAY_00322,12918,Wallet,Network Error,6,1,0,0.75,19,315,Retry,1,12918
PAY_00323,487,Net Banking,Technical Error,9,3,1,0.692,2,1176,Retry,1,487
PAY_00324,10256,Net Banking,Card Declined,7,0,0,0.875,20,571,UPI Link,1,10256
PAY_00325,916,UPI,Insufficient Funds,8,2,2,0.727,5,1023,UPI Link,0,0
PAY_00326,3809,UPI,Technical Error,10,1,0,0.833,22,914,Retry,1,3809
PAY_00327,22144,Net Banking,User Abandoned,12,2,1,0.8,6,252,Reminder,0,0
PAY_00328,3502,UPI,Card Declined,9,1,0,0.818,22,912,Retry,0,0
PAY_00329,2830,Net Banking,User Abandoned,9,1,0,0.818,22,133,Reminder,1,2830
PAY_00330,6838,Net Banking,Technical Error,13,3,0,0.765,22,1454,Reminder,0,0
PAY_00331,10239,Card,Technical Error,11,0,1,0.917,7,249,Reminder,0,0
PAY_00332,1128,Card,Bank Timeout,10,3,1,0.714,0,740,Retry,0,0
PAY_00333,10476,Net Banking,Card Declined,8,2,1,0.727,4,1254,Reminder,0,0
PAY_00334,9064,UPI,Technical Error,4,3,1,0.5,22,1473,Retry,1,9064
PAY_00335,302,Wallet,Card Declined,8,3,1,0.667,2,257,Retry,0,0
PAY_00336,8174,UPI,Card Declined,11,0,1,0.917,21,1060,UPI Link,1,8174
PAY_00337,984,Card,Bank Timeout,0,3,1,0.0,16,114,UPI Link,1,984
PAY_00338,2422,Card,Technical Error,7,2,0,0.7,5,661,Reminder,1,2422
PAY_00339,3180,Card,Technical Error,7,5,1,0.538,9,162,Retry,1,3180
PAY_00340,2326,Net Banking,Bank Timeout,6,1,2,0.75,9,1259,UPI Link,0,0
PAY_00341,8622,Card,Network Error,1,1,1,0.333,4,351,Retry,1,8622
PAY_00342,2236,Net Banking,Network Error,9,1,0,0.818,0,167,Retry,1,2236
PAY_00343,1369,Net Banking,User Abandoned,5,3,0,0.556,18,854,UPI Link,1,1369
PAY_00344,1218,UPI,Card Declined,6,5,2,0.5,17,594,UPI Link,1,1218
PAY_00345,1625,Net Banking,Card Declined,9,1,0,0.818,21,832,UPI Link,1,1625
PAY_00346,938,UPI,User Abandoned,7,1,0,0.778,5,901,Reminder,0,0
PAY_00347,5032,Wallet,Bank Timeout,7,5,0,0.538,19,295,Retry,1,5032
PAY_00348,2134,Net Banking,User Abandoned,7,1,0,0.778,12,268,UPI Link,1,2134
PAY_00349,10152,UPI,Technical Error,7,3,0,0.636,14,251,Retry,1,10152
PAY_00350,15788,Card,Bank Timeout,5,1,0,0.714,1,595,Reminder,1,15788
PAY_00351,1346,Wallet,Bank Timeout,10,2,0,0.769,10,1184,UPI Link,1,1346
PAY_00352,3359,Card,Bank Timeout,9,3,1,0.692,16,957,Retry,0,0
PAY_00353,2084,Net Banking,Card Declined,16,2,0,0.842,2,806,UPI Link,1,2084
PAY_00354,257,Card,Bank Timeout,9,4,1,0.643,11,100,Retry,0,0
PAY_00355,18591,Wallet,Network Error,4,0,2,0.8,21,964,Reminder,0,0
PAY_00356,4282,UPI,Insufficient Funds,13,1,1,0.867,4,542,UPI Link,1,4282
PAY_00357,4923,Wallet,Technical Error,9,1,0,0.818,12,105,Retry,1,4923
PAY_00358,10590,Card,Technical Error,5,6,1,0.417,9,151,Retry,1,10590
PAY_00359,2515,Wallet,Network Error,12,3,0,0.75,19,1394,Retry,1,2515
PAY_00360,1855,Card,Insufficient Funds,7,2,1,0.7,11,695,UPI Link,0,0
PAY_00361,3514,Net Banking,Bank Timeout,6,3,0,0.6,19,1043,Retry,0,0
PAY_00362,7320,UPI,Insufficient Funds,6,2,0,0.667,4,1462,Reminder,1,7320
PAY_00363,1442,Wallet,Network Error,3,0,1,0.75,4,1242,UPI Link,1,1442
PAY_00364,4185,Card,Technical Error,7,1,1,0.778,10,333,Retry,1,4185
PAY_00365,4256,Net Banking,Network Error,13,4,0,0.722,16,1044,Retry,1,4256
PAY_00366,2608,Net Banking,Card Declined,6,1,0,0.75,11,679,UPI Link,1,2608
PAY_00367,3913,Wallet,Network Error,9,3,0,0.692,23,1410,Retry,1,3913
PAY_00368,6629,Wallet,Technical Error,6,1,2,0.75,18,1183,Reminder,0,0
PAY_00369,2467,UPI,Network Error,5,3,1,0.556,5,1074,Retry,1,2467
PAY_00370,2658,Wallet,Bank Timeout,13,3,2,0.765,7,65,UPI Link,1,2658
PAY_00371,907,UPI,Bank Timeout,12,3,0,0.75,14,643,Retry,0,0
PAY_00372,1736,Wallet,User Abandoned,4,2,0,0.571,13,1028,UPI Link,1,1736
PAY_00373,15937,Wallet,User Abandoned,5,1,2,0.714,1,1446,Reminder,1,15937
PAY_00374,8608,Card,Network Error,13,2,0,0.812,21,980,Retry,1,8608
PAY_00375,8532,Net Banking,Bank Timeout,8,1,1,0.8,17,702,Retry,1,8532
PAY_00376,2878,Net Banking,Network Error,9,2,1,0.75,6,505,Retry,0,0
PAY_00377,4496,Net Banking,Bank Timeout,3,1,0,0.6,9,1444,Retry,1,4496
PAY_00378,2213,Wallet,Technical Error,4,4,1,0.444,11,1148,Reminder,1,2213
PAY_00379,9396,Net Banking,Technical Error,10,1,0,0.833,18,1386,Retry,1,9396
PAY_00380,855,Wallet,Technical Error,5,0,0,0.833,9,87,Retry,1,855
PAY_00381,7176,UPI,Technical Error,5,2,1,0.625,20,526,UPI Link,1,7176
PAY_00382,656,Card,Bank Timeout,12,1,1,0.857,8,1152,Retry,1,656
PAY_00383,4489,Card,Insufficient Funds,10,2,1,0.769,23,1202,Reminder,1,4489
PAY_00384,3527,UPI,User Abandoned,5,3,1,0.556,7,1307,Reminder,1,3527
PAY_00385,4319,UPI,Card Declined,9,3,0,0.692,22,968,UPI Link,1,4319
PAY_00386,8887,Card,Insufficient Funds,5,2,1,0.625,5,834,UPI Link,0,0
PAY_00387,1414,Wallet,Card Declined,10,1,2,0.833,6,589,UPI Link,1,1414
PAY_00388,2064,UPI,Insufficient Funds,7,1,2,0.778,18,476,UPI Link,1,2064
PAY_00389,10367,UPI,Bank Timeout,6,1,1,0.75,5,75,Reminder,1,10367
PAY_00390,885,Wallet,Card Declined,10,2,0,0.769,23,593,Reminder,1,885
PAY_00391,743,UPI,Technical Error,13,2,1,0.812,19,220,Reminder,1,743
PAY_00392,1534,Net Banking,Technical Error,8,1,1,0.8,20,1113,Retry,1,1534
PAY_00393,1239,Card,Network Error,9,4,1,0.643,8,395,UPI Link,0,0
PAY_00394,1635,Net Banking,Bank Timeout,4,1,2,0.667,14,1328,Reminder,0,0
PAY_00395,2230,Card,Insufficient Funds,6,3,2,0.6,10,605,UPI Link,1,2230
PAY_00396,5193,Card,Bank Timeout,4,4,1,0.444,20,831,UPI Link,0,0
PAY_00397,7451,Net Banking,Insufficient Funds,7,3,1,0.636,21,196,Reminder,0,0
PAY_00398,1031,Card,Card Declined,8,3,0,0.667,7,14,UPI Link,1,1031
PAY_00399,7040,Card,Card Declined,8,2,0,0.727,10,619,UPI Link,1,7040
PAY_00400,3327,UPI,Technical Error,7,0,2,0.875,11,1419,Reminder,0,0
PAY_00401,2127,UPI,Card Declined,10,2,0,0.769,5,831,UPI Link,1,2127
PAY_00402,6547,Net Banking,User Abandoned,5,0,0,0.833,20,605,Reminder,1,6547
PAY_00403,3814,Card,Bank Timeout,6,4,0,0.545,15,314,Retry,1,3814
PAY_00404,2051,Net Banking,Card Declined,7,5,2,0.538,17,965,Reminder,1,2051
PAY_00405,6213,Card,Bank Timeout,6,1,2,0.75,19,168,UPI Link,1,6213
PAY_00406,5247,Net Banking,Insufficient Funds,9,1,1,0.818,3,127,UPI Link,1,5247
PAY_00407,1695,Card,Network Error,9,1,1,0.818,4,337,Retry,1,1695
PAY_00408,9225,Wallet,Insufficient Funds,9,1,2,0.818,6,1469,UPI Link,1,9225
PAY_00409,2403,UPI,Network Error,4,4,1,0.444,1,929,Retry,1,2403
PAY_00410,4770,Wallet,Card Declined,9,5,1,0.6,1,1145,UPI Link,0,0
PAY_00411,4253,Net Banking,User Abandoned,12,0,0,0.923,12,522,UPI Link,1,4253
PAY_00412,2663,Card,Network Error,8,2,0,0.727,1,868,Retry,1,2663
PAY_00413,1562,UPI,Network Error,6,5,0,0.5,2,967,Retry,0,0
PAY_00414,4263,Wallet,Bank Timeout,7,3,0,0.636,20,1494,Retry,1,4263
PAY_00415,2580,Wallet,Technical Error,9,2,1,0.75,14,774,Retry,1,2580
PAY_00416,2997,Card,User Abandoned,13,0,0,0.929,3,366,Retry,0,0
PAY_00417,1809,Wallet,Network Error,10,0,0,0.909,23,457,UPI Link,1,1809
PAY_00418,1915,UPI,Technical Error,5,3,1,0.556,21,1473,Retry,1,1915
PAY_00419,6225,Wallet,Bank Timeout,11,4,0,0.688,14,709,Retry,0,0
PAY_00420,1070,Card,User Abandoned,11,1,0,0.846,1,1353,Reminder,1,1070
PAY_00421,13283,UPI,Bank Timeout,7,3,0,0.636,2,207,Retry,1,13283
PAY_00422,2712,Wallet,Network Error,10,2,2,0.769,22,100,Reminder,0,0
PAY_00423,1376,UPI,Card Declined,4,3,1,0.5,7,1106,UPI Link,1,1376
PAY_00424,6369,UPI,Bank Timeout,6,2,1,0.667,9,480,UPI Link,0,0
PAY_00425,2445,Net Banking,Network Error,13,1,1,0.867,21,657,Retry,1,2445
PAY_00426,10716,Card,User Abandoned,5,1,1,0.714,7,847,Reminder,1,10716
PAY_00427,4185,UPI,Network Error,5,3,1,0.556,23,359,Retry,1,4185
PAY_00428,5576,Wallet,Network Error,8,4,1,0.615,1,706,Reminder,0,0
PAY_00429,2125,Wallet,Network Error,7,2,0,0.7,22,853,Retry,0,0
PAY_00430,4936,Net Banking,Card Declined,9,2,0,0.75,17,970,UPI Link,1,4936
PAY_00431,5473,Card,Technical Error,12,3,2,0.75,4,949,Retry,1,5473
PAY_00432,1641,Wallet,Card Declined,8,1,1,0.8,16,275,UPI Link,1,1641
PAY_00433,3340,Net Banking,Bank Timeout,10,1,0,0.833,20,162,Reminder,1,3340
PAY_00434,3095,Net Banking,Insufficient Funds,7,3,1,0.636,23,391,Reminder,0,0
PAY_00435,3035,Wallet,User Abandoned,9,3,1,0.692,19,81,UPI Link,1,3035
PAY_00436,2966,Card,Network Error,4,2,2,0.571,21,1145,Reminder,0,0
PAY_00437,11805,Card,Technical Error,3,4,0,0.375,0,434,Reminder,0,0
PAY_00438,1943,UPI,User Abandoned,10,0,1,0.909,7,1425,UPI Link,1,1943
PAY_00439,1902,Card,Card Declined,7,1,0,0.778,17,659,Reminder,1,1902
PAY_00440,5087,Wallet,Card Declined,6,1,1,0.75,20,736,UPI Link,1,5087
PAY_00441,1047,Net Banking,Network Error,6,1,1,0.75,14,202,UPI Link,0,0
PAY_00442,5164,Wallet,Technical Error,7,4,0,0.583,11,641,Retry,0,0
PAY_00443,1670,Card,User Abandoned,5,2,0,0.625,0,535,UPI Link,1,1670
PAY_00444,1168,Wallet,Technical Error,6,1,0,0.75,6,676,Retry,0,0
PAY_00445,2195,Card,Card Declined,12,3,1,0.75,20,1403,UPI Link,0,0
PAY_00446,11536,Wallet,User Abandoned,5,3,2,0.556,23,1005,Reminder,0,0
PAY_00447,2514,Net Banking,Bank Timeout,10,0,0,0.909,23,1120,Retry,1,2514
PAY_00448,2731,UPI,Network Error,10,4,0,0.667,2,1369,Retry,1,2731
PAY_00449,5604,UPI,Card Declined,9,2,0,0.75,20,474,UPI Link,1,5604
PAY_00450,3119,Card,Insufficient Funds,12,3,0,0.75,16,934,Reminder,1,3119
PAY_00451,1588,Wallet,User Abandoned,5,1,1,0.714,0,14,Reminder,1,1588
PAY_00452,401,Wallet,Insufficient Funds,8,3,0,0.667,16,1480,Reminder,1,401
PAY_00453,3749,Net Banking,Insufficient Funds,10,2,1,0.769,22,1381,Reminder,1,3749
PAY_00454,2208,Card,Insufficient Funds,12,0,0,0.923,16,305,Reminder,1,2208
PAY_00455,25011,Net Banking,Technical Error,10,2,0,0.769,12,162,Retry,1,25011
PAY_00456,1886,Wallet,Card Declined,9,2,1,0.75,7,1428,UPI Link,1,1886
PAY_00457,631,UPI,User Abandoned,8,3,2,0.667,1,192,Reminder,0,0
PAY_00458,1136,Wallet,Network Error,9,0,1,0.9,1,1305,Retry,1,1136
PAY_00459,3783,Card,Insufficient Funds,10,2,1,0.769,13,1321,UPI Link,1,3783
PAY_00460,2389,UPI,Network Error,7,8,0,0.438,7,433,Reminder,1,2389
PAY_00461,1331,Wallet,Technical Error,5,3,0,0.556,2,1402,Reminder,0,0
PAY_00462,3764,UPI,Bank Timeout,6,2,0,0.667,0,425,Retry,1,3764
PAY_00463,2735,Wallet,Insufficient Funds,11,3,0,0.733,5,1155,Reminder,1,2735
PAY_00464,3455,Wallet,User Abandoned,5,4,1,0.5,10,787,UPI Link,0,0
PAY_00465,7177,Card,User Abandoned,9,1,2,0.818,2,1026,UPI Link,1,7177
PAY_00466,1213,Net Banking,Insufficient Funds,6,0,0,0.857,13,476,UPI Link,0,0
PAY_00467,1433,Net Banking,Network Error,8,0,1,0.889,19,813,Reminder,0,0
PAY_00468,2126,Net Banking,Insufficient Funds,9,2,2,0.75,8,923,UPI Link,1,2126
PAY_00469,5772,Net Banking,Network Error,7,4,1,0.583,13,381,Retry,0,0
PAY_00470,2055,Wallet,Insufficient Funds,8,0,1,0.889,9,505,UPI Link,1,2055
PAY_00471,1637,UPI,Technical Error,8,4,0,0.615,12,1458,UPI Link,1,1637
PAY_00472,6239,Card,User Abandoned,12,5,1,0.667,10,739,Reminder,0,0
PAY_00473,1467,UPI,Technical Error,5,2,1,0.625,11,553,Retry,0,0
PAY_00474,2155,UPI,Bank Timeout,8,0,1,0.889,14,1141,Retry,1,2155
PAY_00475,4843,Wallet,Insufficient Funds,8,1,0,0.8,2,725,UPI Link,0,0
PAY_00476,8364,Net Banking,Card Declined,10,3,0,0.714,9,848,UPI Link,1,8364
PAY_00477,21436,UPI,User Abandoned,8,1,1,0.8,7,1172,Reminder,0,0
PAY_00478,5805,Wallet,Bank Timeout,6,3,0,0.6,8,617,Retry,0,0
PAY_00479,1443,Card,Insufficient Funds,5,0,0,0.833,13,566,Reminder,1,1443
PAY_00480,2331,Wallet,Insufficient Funds,10,0,0,0.909,8,506,UPI Link,1,2331
PAY_00481,4407,Wallet,Network Error,9,2,1,0.75,6,938,Retry,0,0
PAY_00482,10244,Net Banking,Insufficient Funds,7,2,1,0.7,10,1271,Reminder,1,10244
PAY_00483,6080,Net Banking,Card Declined,12,1,0,0.857,13,1334,Retry,1,6080
PAY_00484,4907,Card,Technical Error,9,0,0,0.9,19,1424,Retry,1,4907
PAY_00485,1304,Net Banking,Bank Timeout,11,3,1,0.733,10,597,UPI Link,0,0
PAY_00486,3292,Wallet,Network Error,9,0,0,0.9,10,771,Retry,0,0
PAY_00487,2542,Wallet,Technical Error,7,2,0,0.7,18,410,Retry,0,0
PAY_00488,1086,Card,User Abandoned,7,1,1,0.778,0,1490,Reminder,0,0
PAY_00489,1626,Card,Card Declined,9,3,0,0.692,22,142,Reminder,1,1626
PAY_00490,3519,Wallet,User Abandoned,10,1,1,0.833,4,1298,Reminder,1,3519
PAY_00491,1072,Net Banking,User Abandoned,7,1,0,0.778,22,867,UPI Link,1,1072
PAY_00492,7147,UPI,Card Declined,8,0,1,0.889,15,1193,UPI Link,1,7147
PAY_00493,11669,Wallet,Network Error,7,2,0,0.7,11,1437,UPI Link,0,0
PAY_00494,8667,UPI,Insufficient Funds,7,0,0,0.875,21,1362,Reminder,0,0
PAY_00495,331,UPI,Network Error,7,3,2,0.636,21,1325,Reminder,1,331
PAY_00496,1095,Net Banking,Card Declined,7,4,0,0.583,0,202,UPI Link,1,1095
PAY_00497,4061,Card,Card Declined,7,2,0,0.7,12,949,Reminder,1,4061
PAY_00498,1008,Card,Technical Error,9,1,0,0.818,15,215,Retry,1,1008
PAY_00499,1918,UPI,Insufficient Funds,7,6,2,0.5,4,714,Reminder,1,1918
PAY_00500,1732,Wallet,Bank Timeout,10,3,1,0.714,15,714,Retry,1,1732
PAY_00501,12921,Wallet,User Abandoned,7,0,2,0.875,14,654,Reminder,0,0
PAY_00502,1799,UPI,User Abandoned,9,1,0,0.818,0,703,UPI Link,1,1799
PAY_00503,1448,Card,User Abandoned,8,3,0,0.667,16,358,UPI Link,1,1448
PAY_00504,601,Net Banking,Network Error,7,3,1,0.636,14,475,UPI Link,1,601
PAY_00505,954,Card,Bank Timeout,4,3,2,0.5,21,886,Reminder,0,0
PAY_00506,6494,Card,Card Declined,10,0,1,0.909,13,797,UPI Link,1,6494
PAY_00507,4973,Card,Bank Timeout,9,1,0,0.818,22,129,Retry,1,4973
PAY_00508,3047,Card,Technical Error,11,3,0,0.733,6,938,Retry,1,3047
PAY_00509,2025,Wallet,Network Error,8,3,2,0.667,10,1223,Reminder,0,0
PAY_00510,14355,Wallet,Network Error,11,3,0,0.733,11,721,UPI Link,0,0
PAY_00511,5252,Card,User Abandoned,8,2,2,0.727,9,1259,UPI Link,1,5252
PAY_00512,2299,Card,Technical Error,7,5,0,0.538,7,626,Retry,1,2299
PAY_00513,6165,Net Banking,User Abandoned,6,0,0,0.857,16,796,Reminder,1,6165
PAY_00514,2636,Card,Network Error,10,0,1,0.909,13,381,Retry,1,2636
PAY_00515,3103,Card,Network Error,8,2,0,0.727,15,592,Retry,1,3103
PAY_00516,3983,Net Banking,Card Declined,1,1,1,0.333,1,736,Retry,1,3983
PAY_00517,2623,Wallet,Bank Timeout,7,0,0,0.875,12,1151,Retry,1,2623
PAY_00518,401,Wallet,Card Declined,6,3,2,0.6,15,852,Reminder,0,0
PAY_00519,1141,Wallet,Card Declined,7,1,0,0.778,2,1158,UPI Link,0,0
PAY_00520,3417,Card,Technical Error,8,1,0,0.8,8,461,Retry,1,3417
PAY_00521,6150,Card,Card Declined,6,2,1,0.667,23,1015,UPI Link,1,6150
PAY_00522,3257,UPI,Network Error,7,4,0,0.583,8,1113,UPI Link,0,0
PAY_00523,2601,Net Banking,Network Error,7,4,0,0.583,23,904,Retry,0,0
PAY_00524,758,Wallet,Insufficient Funds,11,1,2,0.846,20,507,Reminder,1,758
PAY_00525,391,UPI,Card Declined,8,2,0,0.727,11,179,UPI Link,1,391
PAY_00526,6478,UPI,Bank Timeout,4,2,0,0.571,23,1205,Retry,1,6478
PAY_00527,4131,Wallet,Bank Timeout,9,2,1,0.75,4,424,UPI Link,0,0
PAY_00528,2398,UPI,Network Error,6,2,0,0.667,17,576,Retry,1,2398
PAY_00529,9270,Card,Technical Error,5,2,2,0.625,9,593,UPI Link,0,0
PAY_00530,1127,UPI,Bank Timeout,5,2,1,0.625,1,568,UPI Link,0,0
PAY_00531,3817,Card,User Abandoned,10,2,0,0.769,7,300,UPI Link,1,3817
PAY_00532,1403,Card,User Abandoned,9,1,1,0.818,15,292,UPI Link,0,0
PAY_00533,583,Net Banking,User Abandoned,9,1,1,0.818,12,926,Reminder,1,583
PAY_00534,1906,UPI,Card Declined,6,1,1,0.75,23,570,UPI Link,1,1906
PAY_00535,6249,Net Banking,Card Declined,7,3,1,0.636,10,1192,UPI Link,0,0
PAY_00536,3768,UPI,User Abandoned,8,2,1,0.727,20,1361,UPI Link,1,3768
PAY_00537,3503,UPI,Network Error,7,2,1,0.7,6,880,UPI Link,1,3503
PAY_00538,871,Wallet,Technical Error,12,3,0,0.75,9,692,Retry,0,0
PAY_00539,8422,Card,Network Error,5,1,1,0.714,10,1398,UPI Link,1,8422
PAY_00540,3502,UPI,Insufficient Funds,7,0,2,0.875,14,34,Reminder,0,0
PAY_00541,1657,Card,Card Declined,9,0,1,0.9,0,877,UPI Link,0,0
PAY_00542,17093,Card,User Abandoned,9,1,0,0.818,5,562,Reminder,1,17093
PAY_00543,2886,Net Banking,Technical Error,10,5,0,0.625,11,1361,Reminder,0,0
PAY_00544,7435,Card,Insufficient Funds,6,0,1,0.857,20,626,UPI Link,1,7435
PAY_00545,1859,Card,Card Declined,7,1,2,0.778,2,1442,UPI Link,0,0
PAY_00546,630,Card,Card Declined,10,2,0,0.769,4,1216,UPI Link,0,0
PAY_00547,10158,Wallet,Insufficient Funds,8,4,0,0.615,22,704,UPI Link,0,0
PAY_00548,1877,Wallet,User Abandoned,10,2,0,0.769,15,146,Reminder,0,0
PAY_00549,6805,UPI,User Abandoned,3,3,0,0.429,3,642,Reminder,1,6805
PAY_00550,11079,Net Banking,Bank Timeout,9,0,1,0.9,4,1314,Reminder,0,0
PAY_00551,3023,Card,Insufficient Funds,4,1,1,0.667,18,18,UPI Link,0,0
PAY_00552,1597,Card,Card Declined,7,2,0,0.7,23,437,UPI Link,0,0
PAY_00553,8931,Card,Card Declined,6,3,1,0.6,21,907,Reminder,1,8931
PAY_00554,1120,UPI,Insufficient Funds,9,1,0,0.818,3,1208,UPI Link,1,1120
PAY_00555,3590,Net Banking,Card Declined,4,4,0,0.444,4,508,UPI Link,1,3590
PAY_00556,3569,UPI,Bank Timeout,5,2,1,0.625,19,1229,UPI Link,1,3569
PAY_00557,6718,Net Banking,User Abandoned,3,0,0,0.75,21,618,Reminder,1,6718
PAY_00558,5240,Card,User Abandoned,10,4,1,0.667,9,1324,Reminder,1,5240
PAY_00559,1044,Card,Card Declined,9,4,1,0.643,3,494,UPI Link,1,1044
PAY_00560,2451,UPI,Network Error,5,2,0,0.625,11,649,Retry,1,2451
PAY_00561,927,Wallet,Technical Error,4,1,1,0.667,21,354,UPI Link,0,0
PAY_00562,8784,UPI,Insufficient Funds,7,3,1,0.636,2,29,Reminder,0,0
PAY_00563,2279,UPI,Insufficient Funds,10,2,1,0.769,16,587,UPI Link,1,2279
PAY_00564,1081,Wallet,Card Declined,8,1,2,0.8,12,169,UPI Link,1,1081
PAY_00565,7136,Card,Technical Error,6,5,0,0.5,9,162,Retry,0,0
PAY_00566,1278,Card,Bank Timeout,8,3,1,0.667,10,801,Retry,1,1278
PAY_00567,4769,UPI,Technical Error,8,2,2,0.727,13,1495,Retry,1,4769
PAY_00568,1437,Card,Insufficient Funds,5,1,0,0.714,2,890,Reminder,1,1437
PAY_00569,1373,UPI,Technical Error,10,3,2,0.714,23,1348,UPI Link,0,0
PAY_00570,5112,UPI,Insufficient Funds,7,2,2,0.7,4,1437,Reminder,0,0
PAY_00571,2009,Wallet,Technical Error,9,2,1,0.75,16,1477,Retry,1,2009
PAY_00572,4525,Net Banking,Bank Timeout,11,3,2,0.733,8,242,UPI Link,1,4525
PAY_00573,3157,UPI,Technical Error,8,0,1,0.889,8,1073,Retry,1,3157
PAY_00574,3775,UPI,Card Declined,4,4,1,0.444,16,738,UPI Link,1,3775
PAY_00575,42722,Card,Technical Error,6,2,0,0.667,8,211,UPI Link,1,42722
PAY_00576,1375,UPI,Bank Timeout,10,1,2,0.833,16,6,Reminder,0,0
PAY_00577,4997,UPI,Bank Timeout,9,1,0,0.818,15,746,Retry,1,4997
PAY_00578,3974,Card,Bank Timeout,10,3,0,0.714,17,1463,UPI Link,1,3974
PAY_00579,1553,Wallet,Bank Timeout,7,0,0,0.875,7,853,Reminder,0,0
PAY_00580,7250,Net Banking,Technical Error,10,1,0,0.833,18,764,Retry,1,7250
PAY_00581,1101,UPI,Bank Timeout,6,1,0,0.75,16,95,Reminder,0,0
PAY_00582,13211,UPI,Card Declined,9,2,0,0.75,9,671,UPI Link,1,13211
PAY_00583,1042,Wallet,Insufficient Funds,8,0,0,0.889,6,598,UPI Link,1,1042
PAY_00584,2717,Net Banking,User Abandoned,5,4,1,0.5,7,951,Reminder,1,2717
PAY_00585,2192,Wallet,Bank Timeout,6,3,2,0.6,17,503,Reminder,1,2192
PAY_00586,1141,Wallet,Insufficient Funds,5,2,0,0.625,17,710,UPI Link,0,0
PAY_00587,1259,UPI,Technical Error,8,2,0,0.727,21,771,UPI Link,0,0
PAY_00588,1379,Net Banking,Insufficient Funds,10,2,0,0.769,16,488,Reminder,1,1379
PAY_00589,7179,UPI,Bank Timeout,9,1,2,0.818,8,191,Reminder,1,7179
PAY_00590,4099,Card,Network Error,3,3,1,0.429,22,763,Retry,1,4099
PAY_00591,5952,UPI,Network Error,8,3,0,0.667,16,274,Retry,1,5952
PAY_00592,34436,Wallet,Insufficient Funds,9,3,1,0.692,18,128,Reminder,1,34436
PAY_00593,2198,Card,Bank Timeout,6,4,0,0.545,8,646,Reminder,1,2198
PAY_00594,1393,Wallet,User Abandoned,7,4,2,0.583,10,652,Reminder,0,0
PAY_00595,6548,Card,Insufficient Funds,10,3,0,0.714,4,1198,Reminder,0,0
PAY_00596,3318,UPI,Bank Timeout,5,1,1,0.714,14,644,Retry,1,3318
PAY_00597,2745,Net Banking,Bank Timeout,8,3,1,0.667,9,949,Retry,1,2745
PAY_00598,872,UPI,Insufficient Funds,10,0,0,0.909,21,624,UPI Link,1,872
PAY_00599,7996,UPI,Bank Timeout,11,1,0,0.846,4,187,UPI Link,1,7996
PAY_00600,6495,Net Banking,Card Declined,7,1,1,0.778,1,1387,UPI Link,1,6495
PAY_00601,1666,Card,Insufficient Funds,3,2,1,0.5,14,1139,UPI Link,1,1666
PAY_00602,1786,Card,Insufficient Funds,6,2,1,0.667,3,287,Reminder,1,1786
PAY_00603,1451,UPI,Bank Timeout,8,2,0,0.727,6,821,Retry,1,1451
PAY_00604,17661,UPI,Network Error,12,1,1,0.857,8,154,Retry,1,17661
PAY_00605,3852,UPI,Bank Timeout,5,4,2,0.5,14,264,Reminder,1,3852
PAY_00606,3216,Net Banking,Insufficient Funds,7,3,0,0.636,14,104,Reminder,1,3216
PAY_00607,720,Wallet,User Abandoned,4,3,1,0.5,15,61,Reminder,0,0
PAY_00608,1872,Wallet,Bank Timeout,11,1,0,0.846,6,384,Retry,1,1872
PAY_00609,6481,Wallet,Bank Timeout,7,5,0,0.538,19,1269,Retry,1,6481
PAY_00610,9167,Net Banking,Card Declined,7,2,1,0.7,17,982,UPI Link,1,9167
PAY_00611,3996,Net Banking,Card Declined,13,1,0,0.867,13,409,UPI Link,1,3996
PAY_00612,1897,Card,User Abandoned,4,3,1,0.5,0,784,UPI Link,1,1897
PAY_00613,9173,Net Banking,Card Declined,8,2,1,0.727,15,705,Retry,0,0
PAY_00614,3242,Net Banking,Card Declined,10,2,0,0.769,5,54,UPI Link,1,3242
PAY_00615,3533,Card,Insufficient Funds,7,1,0,0.778,1,967,UPI Link,1,3533
PAY_00616,1051,Card,Bank Timeout,11,1,0,0.846,7,1346,Retry,1,1051
PAY_00617,2003,UPI,Bank Timeout,7,3,1,0.636,12,727,Reminder,0,0
PAY_00618,2066,Card,Bank Timeout,9,0,0,0.9,18,652,UPI Link,1,2066
PAY_00619,5211,Net Banking,Network Error,4,2,0,0.571,22,1435,Retry,1,5211
PAY_00620,1780,Card,Network Error,5,0,0,0.833,15,1111,Retry,1,1780
PAY_00621,5216,Wallet,Insufficient Funds,11,3,0,0.733,1,477,UPI Link,1,5216
PAY_00622,3834,UPI,Network Error,13,1,1,0.867,0,680,Reminder,1,3834
PAY_00623,1612,Card,Bank Timeout,6,2,0,0.667,22,364,Reminder,1,1612
PAY_00624,7490,Net Banking,Insufficient Funds,5,1,0,0.714,4,1202,UPI Link,1,7490
PAY_00625,2416,Card,Insufficient Funds,5,2,1,0.625,11,149,Reminder,0,0
PAY_00626,5697,Wallet,Network Error,5,2,0,0.625,10,619,Retry,0,0
PAY_00627,6771,Card,User Abandoned,9,2,1,0.75,20,998,UPI Link,1,6771
PAY_00628,1824,Card,User Abandoned,8,4,1,0.615,22,1257,UPI Link,0,0
PAY_00629,2377,Card,User Abandoned,10,0,1,0.909,5,775,Reminder,0,0
PAY_00630,1085,Net Banking,Bank Timeout,9,0,0,0.9,23,4,Reminder,1,1085
PAY_00631,6999,Wallet,Network Error,5,4,0,0.5,5,1234,Retry,0,0
PAY_00632,4021,Card,User Abandoned,5,0,1,0.833,3,1017,Reminder,1,4021
PAY_00633,3869,UPI,Bank Timeout,8,1,0,0.8,10,344,Retry,1,3869
PAY_00634,29583,UPI,User Abandoned,3,1,2,0.6,20,1494,UPI Link,1,29583
PAY_00635,990,Wallet,Insufficient Funds,7,3,0,0.636,6,512,UPI Link,1,990
PAY_00636,22982,Net Banking,Technical Error,9,5,0,0.6,23,3,Retry,0,0
PAY_00637,2650,Wallet,User Abandoned,7,2,1,0.7,5,848,Reminder,1,2650
PAY_00638,5038,Wallet,Technical Error,6,3,1,0.6,12,208,UPI Link,0,0
PAY_00639,850,Card,Bank Timeout,12,2,1,0.8,2,69,Retry,1,850
PAY_00640,1512,Net Banking,Technical Error,6,4,0,0.545,2,701,Retry,1,1512
PAY_00641,4329,Wallet,Bank Timeout,7,4,2,0.583,2,1121,Retry,0,0
PAY_00642,1503,UPI,Technical Error,9,2,1,0.75,19,989,UPI Link,0,0
PAY_00643,3671,Wallet,User Abandoned,10,0,0,0.909,19,890,Reminder,1,3671
PAY_00644,7625,UPI,Technical Error,3,3,0,0.429,6,839,Retry,1,7625
PAY_00645,415,Net Banking,User Abandoned,10,2,0,0.769,9,487,Reminder,1,415
PAY_00646,4812,Wallet,Network Error,6,4,1,0.545,15,315,Retry,1,4812
PAY_00647,5964,UPI,Card Declined,10,1,0,0.833,9,1356,UPI Link,1,5964
PAY_00648,3827,Wallet,Bank Timeout,12,2,0,0.8,0,424,Retry,1,3827
PAY_00649,1200,Net Banking,Insufficient Funds,6,4,1,0.545,3,632,UPI Link,0,0
PAY_00650,20961,Wallet,Card Declined,8,2,2,0.727,8,187,UPI Link,0,0
PAY_00651,22913,Wallet,Bank Timeout,14,2,0,0.824,12,757,Retry,1,22913
PAY_00652,2384,UPI,Technical Error,10,1,1,0.833,14,540,Retry,1,2384
PAY_00653,4044,Net Banking,Network Error,12,1,0,0.857,4,1427,Retry,1,4044
PAY_00654,6352,UPI,User Abandoned,5,2,0,0.625,17,848,Retry,0,0
PAY_00655,9059,Card,Network Error,1,3,0,0.2,12,1071,Retry,0,0
PAY_00656,8355,Wallet,Network Error,12,6,0,0.632,15,613,Retry,1,8355
PAY_00657,7685,UPI,Network Error,8,3,1,0.667,16,1171,Retry,1,7685
PAY_00658,3756,Card,Insufficient Funds,5,2,1,0.625,5,343,Retry,0,0
PAY_00659,9211,Card,Bank Timeout,6,2,0,0.667,13,161,Reminder,0,0
PAY_00660,8982,Wallet,Bank Timeout,6,3,2,0.6,4,1219,Reminder,0,0
PAY_00661,1822,UPI,Insufficient Funds,9,0,1,0.9,17,814,UPI Link,1,1822
PAY_00662,2333,Net Banking,Network Error,11,6,1,0.611,0,1435,Retry,1,2333
PAY_00663,10406,Wallet,Insufficient Funds,7,2,1,0.7,4,304,UPI Link,0,0
PAY_00664,3446,UPI,Insufficient Funds,9,3,1,0.692,3,586,Retry,0,0
PAY_00665,8908,Net Banking,Card Declined,12,5,0,0.667,12,1342,UPI Link,1,8908
PAY_00666,6962,Wallet,Insufficient Funds,10,1,0,0.833,8,826,Reminder,1,6962
PAY_00667,12213,Wallet,Insufficient Funds,6,2,1,0.667,10,1415,Reminder,0,0
PAY_00668,3978,Wallet,Technical Error,4,3,0,0.5,0,692,UPI Link,0,0
PAY_00669,6187,Net Banking,Technical Error,5,2,0,0.625,15,1426,Retry,1,6187
PAY_00670,3725,Card,Bank Timeout,7,1,0,0.778,23,908,UPI Link,0,0
PAY_00671,2332,Net Banking,Technical Error,9,4,2,0.643,13,1239,UPI Link,0,0
PAY_00672,4559,Card,Card Declined,8,1,0,0.8,13,993,Reminder,1,4559
PAY_00673,2009,Net Banking,Insufficient Funds,8,2,1,0.727,5,135,Reminder,1,2009
PAY_00674,1040,Wallet,Bank Timeout,11,2,1,0.786,18,60,Retry,0,0
PAY_00675,2530,Card,Insufficient Funds,7,1,0,0.778,1,935,Reminder,1,2530
PAY_00676,6129,Net Banking,User Abandoned,6,2,0,0.667,8,755,UPI Link,1,6129
PAY_00677,5007,Wallet,User Abandoned,7,1,0,0.778,21,63,Reminder,0,0
PAY_00678,15490,Wallet,Network Error,10,2,1,0.769,5,972,Retry,0,0
PAY_00679,2960,Net Banking,Technical Error,7,1,0,0.778,8,1411,Retry,1,2960
PAY_00680,5946,UPI,Card Declined,3,2,0,0.5,5,1172,Reminder,0,0
PAY_00681,7157,Card,Bank Timeout,9,1,2,0.818,7,1388,Reminder,0,0
PAY_00682,11786,Wallet,Network Error,6,1,0,0.75,21,19,Retry,0,0
PAY_00683,1822,Card,User Abandoned,7,2,0,0.7,19,18,Reminder,0,0
PAY_00684,1563,Net Banking,User Abandoned,7,1,2,0.778,20,564,Reminder,1,1563
PAY_00685,10206,Wallet,Technical Error,13,1,1,0.867,8,447,Retry,1,10206
PAY_00686,6380,Wallet,Network Error,7,1,0,0.778,0,1048,Reminder,0,0
PAY_00687,1560,Net Banking,Network Error,3,2,2,0.5,19,1248,Reminder,1,1560
PAY_00688,1971,UPI,Card Declined,8,1,0,0.8,10,567,UPI Link,1,1971
PAY_00689,9434,Net Banking,Technical Error,5,0,2,0.833,22,1335,Reminder,1,9434
PAY_00690,5449,Card,Network Error,9,2,0,0.75,1,1229,Retry,1,5449
PAY_00691,8195,Net Banking,User Abandoned,11,2,0,0.786,23,53,UPI Link,0,0
PAY_00692,2128,Net Banking,Technical Error,6,2,1,0.667,12,796,UPI Link,1,2128
PAY_00693,2394,Card,Technical Error,7,3,2,0.636,22,456,UPI Link,0,0
PAY_00694,6148,Wallet,User Abandoned,6,4,0,0.545,16,615,UPI Link,1,6148
PAY_00695,1264,Card,Technical Error,6,2,0,0.667,15,263,UPI Link,1,1264
PAY_00696,7778,Card,User Abandoned,11,3,0,0.733,20,183,Reminder,1,7778
PAY_00697,11924,Card,User Abandoned,11,1,0,0.846,13,679,Reminder,1,11924
PAY_00698,2521,Net Banking,Card Declined,4,4,0,0.444,15,110,Reminder,0,0
PAY_00699,2562,UPI,Card Declined,14,1,0,0.875,16,246,Reminder,0,0
PAY_00700,2716,Wallet,Network Error,11,1,0,0.846,13,111,UPI Link,1,2716
PAY_00701,2694,Card,Bank Timeout,12,1,0,0.857,10,839,Reminder,1,2694
PAY_00702,5219,Wallet,Bank Timeout,9,1,0,0.818,22,370,UPI Link,1,5219
PAY_00703,2134,Wallet,Technical Error,5,3,2,0.556,5,642,UPI Link,0,0
PAY_00704,1650,UPI,Card Declined,9,3,0,0.692,6,346,UPI Link,1,1650
PAY_00705,8122,Card,Card Declined,3,4,0,0.375,4,1259,UPI Link,1,8122
PAY_00706,5530,Wallet,Card Declined,5,1,1,0.714,15,786,UPI Link,1,5530
PAY_00707,3307,Card,User Abandoned,11,1,0,0.846,0,660,UPI Link,1,3307
PAY_00708,2338,Card,Insufficient Funds,7,2,2,0.7,0,1284,UPI Link,0,0
PAY_00709,3786,Card,User Abandoned,9,2,0,0.75,9,265,Reminder,1,3786
PAY_00710,719,Net Banking,Bank Timeout,7,2,0,0.7,1,611,Reminder,1,719
PAY_00711,3305,Wallet,User Abandoned,11,2,1,0.786,19,1074,Reminder,1,3305
PAY_00712,1027,Card,Technical Error,9,3,1,0.692,11,386,Retry,1,1027
PAY_00713,7016,Wallet,Insufficient Funds,6,1,0,0.75,7,1490,Retry,1,7016
PAY_00714,7082,Card,User Abandoned,3,1,0,0.6,18,1034,Reminder,0,0
PAY_00715,4587,Net Banking,User Abandoned,8,1,2,0.8,1,769,UPI Link,0,0
PAY_00716,6983,Net Banking,Network Error,6,5,1,0.5,1,1217,Reminder,0,0
PAY_00717,308,UPI,User Abandoned,6,1,0,0.75,1,1413,Reminder,0,0
PAY_00718,1211,Wallet,Card Declined,11,4,0,0.688,17,518,UPI Link,1,1211
PAY_00719,13561,Card,Bank Timeout,8,2,2,0.727,21,1291,Reminder,1,13561
PAY_00720,7074,Wallet,User Abandoned,9,1,0,0.818,21,1066,Reminder,1,7074
PAY_00721,1538,Card,Card Declined,5,3,0,0.556,16,1473,UPI Link,0,0
PAY_00722,3444,Net Banking,Insufficient Funds,9,0,0,0.9,15,407,UPI Link,0,0
PAY_00723,15492,Net Banking,Network Error,10,1,0,0.833,11,1441,Retry,1,15492
PAY_00724,22709,Card,Insufficient Funds,11,2,1,0.786,15,426,UPI Link,0,0
PAY_00725,1252,Wallet,Technical Error,6,3,0,0.6,0,27,Retry,1,1252
PAY_00726,3693,UPI,Network Error,8,3,2,0.667,15,306,Retry,0,0
PAY_00727,1986,UPI,User Abandoned,5,1,2,0.714,3,525,UPI Link,1,1986
PAY_00728,1852,Wallet,Technical Error,10,3,0,0.714,14,103,Retry,1,1852
PAY_00729,17850,Card,Insufficient Funds,10,2,0,0.769,11,1387,Reminder,1,17850
PAY_00730,5013,UPI,Insufficient Funds,7,2,0,0.7,0,284,UPI Link,1,5013
PAY_00731,3634,Card,Technical Error,9,2,0,0.75,14,1274,Retry,1,3634
PAY_00732,37553,UPI,Technical Error,12,0,0,0.923,5,234,Retry,1,37553
PAY_00733,4342,Wallet,Technical Error,3,4,1,0.375,22,980,UPI Link,1,4342
PAY_00734,1691,Card,Insufficient Funds,12,1,0,0.857,22,1488,Reminder,1,1691
PAY_00735,684,Card,Insufficient Funds,6,1,1,0.75,18,989,UPI Link,1,684
PAY_00736,37349,Wallet,Bank Timeout,8,1,1,0.8,12,735,Retry,1,37349
PAY_00737,1290,Card,Card Declined,12,2,1,0.8,3,843,UPI Link,1,1290
PAY_00738,4202,UPI,Technical Error,7,2,2,0.7,10,26,UPI Link,0,0
PAY_00739,200,Card,User Abandoned,12,6,0,0.632,16,1072,UPI Link,1,200
PAY_00740,4573,UPI,Card Declined,8,2,2,0.727,23,510,UPI Link,0,0
PAY_00741,1326,Wallet,Bank Timeout,10,2,1,0.769,19,112,Retry,0,0
PAY_00742,4766,Card,Network Error,6,3,1,0.6,15,339,Retry,1,4766
PAY_00743,211,Wallet,Technical Error,17,1,0,0.895,10,570,Retry,1,211
PAY_00744,3667,Card,Network Error,13,2,2,0.812,12,826,UPI Link,1,3667
PAY_00745,476,UPI,Card Declined,6,3,1,0.6,18,918,UPI Link,1,476
PAY_00746,2935,Wallet,Card Declined,6,0,0,0.857,3,1019,Reminder,1,2935
PAY_00747,8820,UPI,Insufficient Funds,8,3,1,0.667,13,74,UPI Link,0,0
PAY_00748,1983,UPI,Insufficient Funds,10,3,1,0.714,19,1306,Reminder,0,0
PAY_00749,668,Card,User Abandoned,8,3,2,0.667,14,699,Reminder,1,668
PAY_00750,1728,UPI,Bank Timeout,9,1,1,0.818,10,1148,UPI Link,1,1728
PAY_00751,3682,Wallet,User Abandoned,16,2,2,0.842,11,1467,Reminder,1,3682
PAY_00752,3127,UPI,User Abandoned,11,1,0,0.846,0,700,Reminder,1,3127
PAY_00753,6312,Net Banking,Network Error,10,3,1,0.714,11,1438,Retry,1,6312
PAY_00754,4410,Card,Card Declined,12,1,0,0.857,22,1478,UPI Link,0,0
PAY_00755,14432,Net Banking,Network Error,13,4,0,0.722,6,248,Reminder,0,0
PAY_00756,2563,Wallet,Bank Timeout,7,0,1,0.875,6,1468,Retry,1,2563
PAY_00757,2080,Wallet,Insufficient Funds,4,3,2,0.5,21,1206,Reminder,1,2080
PAY_00758,4564,Wallet,Card Declined,8,2,2,0.727,18,1033,UPI Link,0,0
PAY_00759,4245,Wallet,Insufficient Funds,9,3,1,0.692,23,100,UPI Link,1,4245
PAY_00760,2998,Wallet,Network Error,7,0,1,0.875,16,363,Retry,1,2998
PAY_00761,1299,Card,User Abandoned,12,2,0,0.8,3,794,UPI Link,1,1299
PAY_00762,6764,Net Banking,Network Error,9,0,1,0.9,13,1248,Reminder,1,6764
PAY_00763,9753,Card,Technical Error,7,2,1,0.7,10,603,Retry,0,0
PAY_00764,23030,Card,Bank Timeout,9,0,1,0.9,19,1434,UPI Link,1,23030
PAY_00765,7057,Net Banking,User Abandoned,8,3,1,0.667,10,1458,UPI Link,0,0
PAY_00766,6335,Card,Bank Timeout,6,2,0,0.667,19,1464,Retry,0,0
PAY_00767,1582,Net Banking,User Abandoned,12,0,0,0.923,22,1332,Retry,0,0
PAY_00768,955,Card,Network Error,7,0,1,0.875,22,1305,Retry,1,955
PAY_00769,3648,UPI,Technical Error,14,2,1,0.824,15,1194,Retry,1,3648
PAY_00770,764,Wallet,User Abandoned,8,1,2,0.8,17,586,UPI Link,0,0
PAY_00771,459,Wallet,Insufficient Funds,8,2,1,0.727,3,52,Reminder,1,459
PAY_00772,5158,UPI,User Abandoned,6,1,0,0.75,6,547,UPI Link,0,0
PAY_00773,11003,Card,Technical Error,3,2,2,0.5,8,300,UPI Link,0,0
PAY_00774,845,Net Banking,Bank Timeout,7,1,1,0.778,1,735,UPI Link,0,0
PAY_00775,3462,UPI,Network Error,7,5,2,0.538,23,1151,Retry,1,3462
PAY_00776,1451,Wallet,Bank Timeout,5,0,1,0.833,22,590,Retry,1,1451
PAY_00777,1116,UPI,Card Declined,7,2,1,0.7,13,1404,UPI Link,0,0
PAY_00778,9306,UPI,Insufficient Funds,11,2,2,0.786,8,416,UPI Link,0,0
PAY_00779,10270,Wallet,Bank Timeout,11,0,2,0.917,22,1454,UPI Link,0,0
PAY_00780,7444,Card,User Abandoned,12,2,0,0.8,9,920,Reminder,0,0
PAY_00781,7668,UPI,Bank Timeout,13,3,0,0.765,23,1053,Retry,1,7668
PAY_00782,4698,UPI,Card Declined,4,5,0,0.4,17,542,UPI Link,0,0
PAY_00783,4976,Net Banking,Insufficient Funds,8,0,0,0.889,14,1454,Retry,1,4976
PAY_00784,12867,UPI,Bank Timeout,12,0,0,0.923,19,105,UPI Link,1,12867
PAY_00785,3892,Net Banking,Card Declined,7,1,1,0.778,17,734,UPI Link,0,0
PAY_00786,528,Net Banking,Network Error,12,2,0,0.8,5,1067,Retry,0,0
PAY_00787,5724,Card,Card Declined,11,1,1,0.846,17,827,UPI Link,1,5724
PAY_00788,7004,Card,Bank Timeout,10,3,2,0.714,10,679,Reminder,0,0
PAY_00789,1806,Card,Network Error,12,2,1,0.8,15,1150,UPI Link,0,0
PAY_00790,8273,UPI,Insufficient Funds,8,2,2,0.727,11,913,Reminder,1,8273
PAY_00791,5472,Card,Insufficient Funds,5,6,2,0.417,10,782,Retry,0,0
PAY_00792,6198,UPI,Card Declined,9,2,0,0.75,17,1483,UPI Link,1,6198
PAY_00793,5570,Net Banking,Network Error,8,4,1,0.615,14,997,Retry,1,5570
PAY_00794,1141,Card,Technical Error,6,2,1,0.667,2,197,Retry,1,1141
PAY_00795,3056,UPI,User Abandoned,11,1,0,0.846,6,1373,UPI Link,1,3056
PAY_00796,1926,Card,User Abandoned,7,2,1,0.7,3,422,Reminder,1,1926
PAY_00797,4099,Wallet,User Abandoned,9,2,0,0.75,23,1406,Reminder,0,0
PAY_00798,9860,Wallet,User Abandoned,7,0,0,0.875,1,180,Reminder,1,9860
PAY_00799,1338,Card,Technical Error,6,3,1,0.6,2,1178,UPI Link,1,1338
PAY_00800,1451,Net Banking,Card Declined,6,1,1,0.75,14,1291,UPI Link,1,1451
PAY_00801,2592,Net Banking,Insufficient Funds,3,0,1,0.75,21,243,UPI Link,0,0
PAY_00802,975,UPI,User Abandoned,5,5,1,0.455,1,1436,UPI Link,0,0
PAY_00803,12508,Net Banking,Network Error,5,1,0,0.714,9,1405,Retry,0,0
PAY_00804,18364,UPI,Technical Error,8,1,1,0.8,12,810,UPI Link,1,18364
PAY_00805,2591,UPI,Card Declined,6,2,0,0.667,17,451,UPI Link,1,2591
PAY_00806,7911,Wallet,Network Error,10,4,0,0.667,20,296,Retry,0,0
PAY_00807,7245,Net Banking,Insufficient Funds,9,1,1,0.818,17,290,Reminder,0,0
PAY_00808,3114,UPI,Network Error,5,3,1,0.556,12,1101,Retry,1,3114
PAY_00809,1234,UPI,Technical Error,9,1,0,0.818,23,1487,Retry,1,1234
PAY_00810,4003,Wallet,User Abandoned,12,1,1,0.857,4,330,Reminder,1,4003
PAY_00811,5435,Net Banking,Bank Timeout,15,0,0,0.938,5,1375,UPI Link,0,0
PAY_00812,1210,UPI,Network Error,5,1,1,0.714,20,1126,Retry,0,0
PAY_00813,2522,UPI,Technical Error,5,2,0,0.625,6,1487,Retry,1,2522
PAY_00814,5550,Net Banking,Technical Error,10,2,0,0.769,21,1343,Retry,1,5550
PAY_00815,1341,Net Banking,Network Error,9,2,0,0.75,6,651,Retry,0,0
PAY_00816,769,Net Banking,Network Error,8,4,2,0.615,9,1421,UPI Link,0,0
PAY_00817,5169,Net Banking,Technical Error,4,2,1,0.571,5,10,Retry,0,0
PAY_00818,1792,Card,User Abandoned,10,2,2,0.769,20,894,Reminder,0,0
PAY_00819,280,Net Banking,Bank Timeout,13,2,2,0.812,23,680,Retry,0,0
PAY_00820,1344,Wallet,Card Declined,4,0,0,0.8,9,998,UPI Link,0,0
PAY_00821,2378,Card,User Abandoned,8,3,1,0.667,2,575,UPI Link,0,0
PAY_00822,754,Card,Network Error,9,1,0,0.818,8,1284,Retry,1,754
PAY_00823,1239,UPI,Insufficient Funds,8,2,1,0.727,20,64,UPI Link,0,0
PAY_00824,14347,Wallet,Network Error,3,1,0,0.6,1,1130,Retry,1,14347
PAY_00825,2789,Wallet,User Abandoned,3,2,0,0.5,11,804,Reminder,0,0
PAY_00826,3110,Net Banking,Bank Timeout,14,2,1,0.824,16,1046,Retry,1,3110
PAY_00827,9025,Net Banking,Network Error,11,3,0,0.733,21,490,UPI Link,0,0
PAY_00828,666,Card,Network Error,3,1,0,0.6,14,327,Retry,1,666
PAY_00829,8148,Card,User Abandoned,7,0,2,0.875,15,735,Reminder,0,0
PAY_00830,883,Wallet,Bank Timeout,11,0,0,0.917,8,757,Retry,1,883
PAY_00831,2672,Card,Network Error,10,1,0,0.833,12,962,Reminder,0,0
PAY_00832,1760,UPI,Insufficient Funds,8,1,2,0.8,10,212,UPI Link,1,1760
PAY_00833,1511,Net Banking,User Abandoned,10,2,0,0.769,18,1115,UPI Link,1,1511
PAY_00834,6416,Wallet,User Abandoned,6,4,1,0.545,11,1204,UPI Link,1,6416
PAY_00835,1910,UPI,Network Error,6,0,0,0.857,12,457,Retry,1,1910
PAY_00836,4737,Net Banking,Technical Error,5,3,1,0.556,15,1238,Retry,1,4737
PAY_00837,8571,Card,Card Declined,9,2,0,0.75,7,158,UPI Link,1,8571
PAY_00838,8136,Net Banking,Bank Timeout,7,1,0,0.778,5,323,Retry,1,8136
PAY_00839,2260,UPI,User Abandoned,11,2,0,0.786,13,677,UPI Link,1,2260
PAY_00840,1979,Wallet,User Abandoned,8,0,1,0.889,15,432,UPI Link,1,1979
PAY_00841,4714,Wallet,Insufficient Funds,11,3,0,0.733,1,262,UPI Link,0,0
PAY_00842,6872,Card,Bank Timeout,5,0,2,0.833,16,81,Retry,1,6872
PAY_00843,791,Card,Insufficient Funds,10,1,0,0.833,8,369,UPI Link,1,791
PAY_00844,1420,Wallet,Network Error,5,2,1,0.625,20,39,UPI Link,1,1420
PAY_00845,4637,Net Banking,Insufficient Funds,9,0,0,0.9,14,1243,Retry,0,0
PAY_00846,6253,Wallet,Bank Timeout,13,1,0,0.867,13,1231,Retry,1,6253
PAY_00847,838,Card,Network Error,6,1,2,0.75,16,542,Reminder,0,0
PAY_00848,2904,Net Banking,Card Declined,7,3,1,0.636,18,141,UPI Link,1,2904
PAY_00849,7748,Wallet,Bank Timeout,12,2,0,0.8,0,415,Retry,1,7748
PAY_00850,5571,Wallet,Bank Timeout,8,0,1,0.889,3,364,Retry,1,5571
PAY_00851,2819,UPI,Network Error,6,1,1,0.75,3,191,Retry,0,0
PAY_00852,1596,Card,Network Error,5,0,1,0.833,0,1390,Retry,1,1596
PAY_00853,4046,Wallet,Technical Error,12,1,0,0.857,22,1086,Retry,1,4046
PAY_00854,13959,Wallet,Card Declined,10,4,0,0.667,18,1427,UPI Link,0,0
PAY_00855,984,Wallet,Bank Timeout,9,1,0,0.818,15,477,Reminder,0,0
PAY_00856,4482,UPI,Technical Error,13,3,1,0.765,17,837,Retry,1,4482
PAY_00857,8449,UPI,User Abandoned,6,1,2,0.75,0,1184,Reminder,1,8449
PAY_00858,2795,UPI,Card Declined,9,2,2,0.75,6,1409,Reminder,0,0
PAY_00859,886,Wallet,Technical Error,9,3,0,0.692,4,873,Retry,1,886
PAY_00860,2045,Net Banking,Technical Error,14,1,1,0.875,13,1157,Retry,1,2045
PAY_00861,10507,Net Banking,User Abandoned,9,0,1,0.9,6,847,UPI Link,1,10507
PAY_00862,1850,Wallet,Bank Timeout,7,0,0,0.875,17,1137,Retry,1,1850
PAY_00863,2503,Net Banking,Network Error,11,3,0,0.733,22,816,UPI Link,0,0
PAY_00864,1364,UPI,User Abandoned,6,4,0,0.545,14,1433,UPI Link,1,1364
PAY_00865,763,UPI,Bank Timeout,8,0,1,0.889,12,694,UPI Link,1,763
PAY_00866,7162,UPI,Bank Timeout,12,1,1,0.857,20,11,UPI Link,1,7162
PAY_00867,3291,Card,Card Declined,8,1,1,0.8,13,181,UPI Link,0,0
PAY_00868,986,Card,Technical Error,8,0,0,0.889,19,78,UPI Link,1,986
PAY_00869,3026,Wallet,Network Error,14,2,2,0.824,16,587,UPI Link,1,3026
PAY_00870,2871,UPI,Bank Timeout,8,3,2,0.667,15,900,Reminder,0,0
PAY_00871,2447,Net Banking,Bank Timeout,5,3,0,0.556,19,1046,Retry,1,2447
PAY_00872,1006,Card,Network Error,10,2,0,0.769,21,74,Retry,0,0
PAY_00873,14223,UPI,Bank Timeout,6,3,0,0.6,8,819,Retry,1,14223
PAY_00874,8551,Wallet,Card Declined,11,1,1,0.846,6,1061,UPI Link,1,8551
PAY_00875,5133,UPI,Insufficient Funds,7,1,1,0.778,9,1488,UPI Link,0,0
PAY_00876,1512,Net Banking,Technical Error,8,2,0,0.727,7,1242,Reminder,0,0
PAY_00877,4511,Wallet,Card Declined,6,2,1,0.667,0,535,UPI Link,1,4511
PAY_00878,2680,UPI,Network Error,11,5,0,0.647,16,603,Retry,1,2680
PAY_00879,3916,UPI,Network Error,7,3,0,0.636,17,1178,Retry,0,0
PAY_00880,1178,Wallet,Card Declined,5,3,1,0.556,15,499,Reminder,1,1178
PAY_00881,20682,Wallet,User Abandoned,9,3,1,0.692,18,57,Reminder,1,20682
PAY_00882,2496,Net Banking,Insufficient Funds,5,3,1,0.556,20,452,UPI Link,0,0
PAY_00883,2089,Card,Technical Error,6,3,1,0.6,11,1058,Retry,1,2089
PAY_00884,7940,Net Banking,Bank Timeout,9,1,0,0.818,2,818,Retry,1,7940
PAY_00885,4456,Net Banking,Insufficient Funds,5,3,1,0.556,5,976,Reminder,1,4456
PAY_00886,4386,Card,Network Error,8,1,0,0.8,5,1400,Reminder,1,4386
PAY_00887,2434,Card,Card Declined,9,3,2,0.692,6,481,Reminder,0,0
PAY_00888,7334,Net Banking,Bank Timeout,1,1,0,0.333,6,512,UPI Link,1,7334
PAY_00889,2323,Net Banking,Bank Timeout,6,0,0,0.857,3,161,Retry,1,2323
PAY_00890,4028,Wallet,Network Error,9,2,0,0.75,17,87,UPI Link,0,0
PAY_00891,9101,Net Banking,Network Error,11,2,0,0.786,15,1177,UPI Link,1,9101
PAY_00892,12495,Wallet,Bank Timeout,5,4,1,0.5,8,815,Retry,1,12495
PAY_00893,6321,Card,Insufficient Funds,7,3,1,0.636,13,980,Retry,1,6321
PAY_00894,1826,UPI,Network Error,10,1,0,0.833,12,1406,UPI Link,0,0
PAY_00895,1952,Wallet,Insufficient Funds,8,4,2,0.615,16,943,Reminder,1,1952
PAY_00896,4310,UPI,Insufficient Funds,9,3,2,0.692,6,778,UPI Link,1,4310
PAY_00897,6249,Net Banking,Technical Error,8,2,1,0.727,8,384,Retry,1,6249
PAY_00898,1441,Card,Technical Error,8,0,1,0.889,19,703,Retry,1,1441
PAY_00899,3063,Wallet,Card Declined,12,3,0,0.75,13,1436,Reminder,0,0
PAY_00900,2426,Net Banking,Card Declined,11,2,0,0.786,14,369,UPI Link,1,2426
PAY_00901,1522,Card,Insufficient Funds,5,2,2,0.625,8,483,UPI Link,0,0
PAY_00902,2303,Wallet,Bank Timeout,11,1,0,0.846,23,307,Retry,1,2303
PAY_00903,5381,UPI,Bank Timeout,10,1,1,0.833,15,276,Reminder,1,5381
PAY_00904,958,Net Banking,Card Declined,7,1,0,0.778,8,1152,Reminder,1,958
PAY_00905,12069,UPI,Card Declined,10,2,0,0.769,22,335,UPI Link,1,12069
PAY_00906,5981,Net Banking,Card Declined,6,3,2,0.6,3,922,Reminder,1,5981
PAY_00907,5808,Net Banking,Technical Error,7,3,0,0.636,17,1142,Reminder,0,0
PAY_00908,3177,Net Banking,Technical Error,5,0,0,0.833,13,249,Retry,1,3177
PAY_00909,3252,Card,Network Error,8,1,1,0.8,20,1330,Retry,1,3252
PAY_00910,5562,Net Banking,Technical Error,8,3,0,0.667,21,1046,Retry,1,5562
PAY_00911,4083,Wallet,Insufficient Funds,8,3,1,0.667,19,587,UPI Link,1,4083
PAY_00912,3240,Card,Bank Timeout,12,4,2,0.706,10,864,UPI Link,1,3240
PAY_00913,6792,Wallet,Insufficient Funds,5,4,0,0.5,5,704,Reminder,0,0
PAY_00914,6108,Net Banking,User Abandoned,5,2,0,0.625,22,548,UPI Link,0,0
PAY_00915,4472,Wallet,Technical Error,12,2,1,0.8,11,1203,Retry,1,4472
PAY_00916,8847,Wallet,Card Declined,13,0,0,0.929,5,48,UPI Link,1,8847
PAY_00917,1424,Card,User Abandoned,6,1,0,0.75,23,1436,UPI Link,1,1424
PAY_00918,1440,Card,Bank Timeout,9,0,1,0.9,3,196,Retry,1,1440
PAY_00919,2396,Wallet,Network Error,10,1,0,0.833,0,814,Retry,1,2396
PAY_00920,909,UPI,Insufficient Funds,6,1,0,0.75,19,319,Reminder,0,0
PAY_00921,1699,Wallet,Technical Error,8,2,0,0.727,7,582,Retry,1,1699
PAY_00922,3611,Card,Bank Timeout,12,6,1,0.632,5,59,Retry,1,3611
PAY_00923,2140,Net Banking,Technical Error,5,3,1,0.556,14,1108,Reminder,0,0
PAY_00924,2191,Wallet,Bank Timeout,14,2,2,0.824,17,363,UPI Link,0,0
PAY_00925,7645,Wallet,User Abandoned,11,7,2,0.579,20,1156,Reminder,1,7645
PAY_00926,1938,Net Banking,Technical Error,3,3,1,0.429,17,466,UPI Link,1,1938
PAY_00927,1360,Wallet,Technical Error,5,1,0,0.714,13,533,Retry,1,1360
PAY_00928,2318,UPI,Insufficient Funds,10,2,1,0.769,4,705,Reminder,1,2318
PAY_00929,5842,UPI,User Abandoned,4,0,1,0.8,15,614,Reminder,1,5842
PAY_00930,3669,Wallet,Technical Error,8,2,1,0.727,7,15,Retry,0,0
PAY_00931,1709,Card,Card Declined,8,0,1,0.889,13,809,UPI Link,1,1709
PAY_00932,929,Wallet,Card Declined,4,1,0,0.667,8,163,UPI Link,1,929
PAY_00933,1526,Card,Network Error,6,3,1,0.6,22,1403,Retry,0,0
PAY_00934,3829,Net Banking,Card Declined,5,0,0,0.833,2,374,UPI Link,1,3829
PAY_00935,10291,UPI,User Abandoned,12,1,1,0.857,19,928,Reminder,1,10291
PAY_00936,3545,Wallet,Bank Timeout,10,1,0,0.833,0,312,Retry,1,3545
PAY_00937,9474,UPI,Bank Timeout,10,1,0,0.833,9,552,Retry,1,9474
PAY_00938,1136,Wallet,User Abandoned,9,1,0,0.818,7,185,Reminder,1,1136
PAY_00939,1213,Wallet,Bank Timeout,7,1,0,0.778,13,639,UPI Link,1,1213
PAY_00940,10787,Wallet,Technical Error,8,3,1,0.667,22,65,Retry,1,10787
PAY_00941,4852,Card,Insufficient Funds,9,4,0,0.643,12,147,UPI Link,1,4852
PAY_00942,1217,Card,Bank Timeout,3,1,0,0.6,12,26,Retry,0,0
PAY_00943,1614,Card,Card Declined,11,1,1,0.846,7,69,UPI Link,1,1614
PAY_00944,11272,UPI,Network Error,8,2,2,0.727,6,969,Reminder,0,0
PAY_00945,1392,Net Banking,Technical Error,10,1,0,0.833,20,1492,Retry,1,1392
PAY_00946,1186,UPI,Technical Error,11,1,1,0.846,20,612,Retry,0,0
PAY_00947,2469,UPI,User Abandoned,8,2,0,0.727,3,484,UPI Link,1,2469
PAY_00948,6646,Net Banking,Insufficient Funds,10,2,0,0.769,8,1198,Reminder,1,6646
PAY_00949,1285,Card,Insufficient Funds,4,1,0,0.667,18,1415,UPI Link,0,0
PAY_00950,5168,Card,Technical Error,1,3,0,0.2,7,323,Retry,1,5168
PAY_00951,11001,Net Banking,User Abandoned,5,1,0,0.714,1,729,UPI Link,1,11001
PAY_00952,1062,UPI,Bank Timeout,12,1,1,0.857,7,649,Reminder,0,0
PAY_00953,4126,Net Banking,Card Declined,13,2,2,0.812,6,44,UPI Link,1,4126
PAY_00954,659,Net Banking,User Abandoned,5,3,0,0.556,8,81,Reminder,1,659
PAY_00955,6945,Wallet,Network Error,8,1,0,0.8,17,1428,Retry,1,6945
PAY_00956,10497,Card,Network Error,6,4,0,0.545,10,1500,Retry,1,10497
PAY_00957,2872,Card,Insufficient Funds,8,1,1,0.8,4,921,Reminder,1,2872
PAY_00958,4324,Net Banking,Network Error,10,3,0,0.714,14,2,UPI Link,1,4324
PAY_00959,926,Wallet,User Abandoned,9,1,0,0.818,0,1270,UPI Link,1,926
PAY_00960,2211,Card,Technical Error,9,4,2,0.643,2,1349,Retry,1,2211
PAY_00961,11856,Wallet,Bank Timeout,7,2,1,0.7,21,1019,UPI Link,1,11856
PAY_00962,4066,Card,Network Error,6,4,0,0.545,10,840,Retry,1,4066
PAY_00963,3583,UPI,Insufficient Funds,5,2,1,0.625,21,137,Reminder,1,3583
PAY_00964,3731,Card,Bank Timeout,8,2,0,0.727,6,220,Retry,1,3731
PAY_00965,2471,UPI,Insufficient Funds,8,2,1,0.727,20,796,UPI Link,1,2471
PAY_00966,3478,Net Banking,Insufficient Funds,2,3,0,0.333,7,1241,UPI Link,0,0
PAY_00967,2075,UPI,Bank Timeout,10,3,2,0.714,15,164,UPI Link,0,0
PAY_00968,3489,UPI,Technical Error,8,3,1,0.667,23,852,UPI Link,1,3489
PAY_00969,1796,UPI,Network Error,9,0,0,0.9,16,84,UPI Link,1,1796
PAY_00970,7240,Net Banking,Insufficient Funds,14,2,0,0.824,16,199,Reminder,0,0
PAY_00971,5148,Card,Network Error,8,1,1,0.8,6,396,Retry,1,5148
PAY_00972,1322,Card,Network Error,7,1,2,0.778,5,1144,UPI Link,0,0
PAY_00973,2112,Wallet,User Abandoned,10,4,0,0.667,20,1181,Reminder,0,0
PAY_00974,2792,Wallet,User Abandoned,7,4,2,0.583,13,214,Reminder,1,2792
PAY_00975,1497,Card,Network Error,7,1,1,0.778,16,692,Retry,0,0
PAY_00976,1646,Wallet,Technical Error,12,4,0,0.706,17,665,UPI Link,1,1646
PAY_00977,1459,Wallet,User Abandoned,7,8,1,0.438,23,663,UPI Link,0,0
PAY_00978,1563,Card,Card Declined,6,1,1,0.75,23,521,UPI Link,1,1563
PAY_00979,4713,Wallet,Card Declined,6,3,1,0.6,0,1488,UPI Link,1,4713
PAY_00980,1178,Net Banking,Network Error,4,5,0,0.4,16,277,Reminder,0,0
PAY_00981,2046,Net Banking,Insufficient Funds,7,1,0,0.778,7,440,Retry,0,0
PAY_00982,4930,UPI,User Abandoned,7,1,0,0.778,17,1048,UPI Link,1,4930
PAY_00983,4764,Card,Insufficient Funds,10,2,0,0.769,14,729,Reminder,0,0
PAY_00984,5948,Net Banking,Technical Error,7,2,1,0.7,7,478,Retry,0,0
PAY_00985,4916,Net Banking,Insufficient Funds,10,2,1,0.769,12,1166,Retry,0,0
PAY_00986,2971,UPI,User Abandoned,11,0,0,0.917,15,355,Reminder,1,2971
PAY_00987,4125,UPI,Network Error,2,4,2,0.286,9,77,UPI Link,0,0
PAY_00988,1272,Wallet,Insufficient Funds,8,1,0,0.8,10,713,Retry,0,0
PAY_00989,3103,Wallet,Card Declined,13,1,0,0.867,7,1337,Reminder,0,0
PAY_00990,1739,UPI,User Abandoned,13,1,2,0.867,12,111,Reminder,0,0
PAY_00991,1587,UPI,Technical Error,4,0,1,0.8,18,307,Retry,1,1587
PAY_00992,1442,Card,Bank Timeout,9,0,0,0.9,21,1499,Reminder,0,0
PAY_00993,13156,Wallet,Network Error,12,2,1,0.8,16,185,Retry,1,13156
PAY_00994,3297,Net Banking,Card Declined,5,0,0,0.833,4,689,UPI Link,1,3297
PAY_00995,10986,UPI,Network Error,8,1,1,0.8,8,175,Retry,1,10986
PAY_00996,2607,Wallet,User Abandoned,5,3,0,0.556,4,985,UPI Link,1,2607
PAY_00997,3412,Wallet,Card Declined,14,2,2,0.824,18,402,UPI Link,1,3412
PAY_00998,10371,Card,Bank Timeout,8,2,0,0.727,8,881,Retry,1,10371
PAY_00999,5934,UPI,Insufficient Funds,14,2,2,0.824,13,868,Reminder,1,5934
PAY_01000,3670,Card,Technical Error,7,1,0,0.778,19,1343,Retry,1,3670
PAY_01001,12986,Net Banking,Bank Timeout,7,2,0,0.7,19,906,Retry,0,0
PAY_01002,1101,Wallet,Insufficient Funds,7,3,0,0.636,6,1404,Reminder,1,1101
PAY_01003,3175,UPI,Insufficient Funds,9,0,2,0.9,1,498,Retry,1,3175
PAY_01004,3161,Card,Technical Error,7,1,0,0.778,10,1421,UPI Link,0,0
PAY_01005,2513,Net Banking,Card Declined,5,2,1,0.625,0,680,UPI Link,1,2513
PAY_01006,6974,Card,Bank Timeout,7,0,1,0.875,16,530,Retry,1,6974
PAY_01007,7080,Card,User Abandoned,11,3,2,0.733,21,38,Reminder,1,7080
PAY_01008,8039,UPI,Technical Error,7,3,0,0.636,1,582,Retry,1,8039
PAY_01009,1495,Net Banking,Insufficient Funds,13,3,1,0.765,20,18,Reminder,0,0
PAY_01010,6315,Net Banking,User Abandoned,10,2,2,0.769,11,221,Reminder,0,0
PAY_01011,3504,Wallet,Bank Timeout,5,4,1,0.5,16,1454,Retry,1,3504
PAY_01012,611,Net Banking,Card Declined,8,1,1,0.8,17,181,UPI Link,0,0
PAY_01013,6645,Wallet,Network Error,3,1,2,0.6,0,82,Reminder,1,6645
PAY_01014,5904,Net Banking,Technical Error,6,2,1,0.667,12,322,Retry,0,0
PAY_01015,1943,Net Banking,Technical Error,4,4,2,0.444,9,484,Retry,1,1943
PAY_01016,4944,Net Banking,Insufficient Funds,4,1,2,0.667,8,793,Retry,0,0
PAY_01017,4263,UPI,Network Error,7,1,0,0.778,7,311,Retry,1,4263
PAY_01018,3612,Wallet,User Abandoned,5,3,0,0.556,2,1495,Reminder,0,0
PAY_01019,7915,Card,Card Declined,15,3,0,0.789,18,313,UPI Link,0,0
PAY_01020,5043,Net Banking,Network Error,7,4,0,0.583,14,1111,Retry,0,0
PAY_01021,1880,Card,Network Error,4,4,1,0.444,21,415,UPI Link,1,1880
PAY_01022,3167,Net Banking,User Abandoned,12,0,2,0.923,16,277,Reminder,1,3167
PAY_01023,11586,Card,User Abandoned,8,5,1,0.571,5,651,Reminder,1,11586
PAY_01024,1574,UPI,Bank Timeout,9,0,0,0.9,4,1490,Retry,0,0
PAY_01025,1103,Net Banking,Card Declined,12,0,1,0.923,9,908,Reminder,1,1103
PAY_01026,1314,Net Banking,Bank Timeout,3,0,0,0.75,3,270,Retry,0,0
PAY_01027,1969,Net Banking,Network Error,9,2,1,0.75,19,473,Retry,1,1969
PAY_01028,1323,Card,User Abandoned,8,1,0,0.8,11,163,UPI Link,1,1323
PAY_01029,200,Wallet,Bank Timeout,12,1,1,0.857,19,961,UPI Link,1,200
PAY_01030,2057,Net Banking,Bank Timeout,8,1,1,0.8,15,971,Retry,1,2057
PAY_01031,31497,Card,Bank Timeout,9,1,0,0.818,13,31,Reminder,0,0
PAY_01032,6057,Wallet,Bank Timeout,9,4,2,0.643,21,416,UPI Link,0,0
PAY_01033,1249,UPI,Bank Timeout,6,2,1,0.667,19,1004,Retry,1,1249
PAY_01034,3726,Wallet,Bank Timeout,12,4,1,0.706,12,86,Retry,1,3726
PAY_01035,1697,Wallet,User Abandoned,13,2,0,0.812,12,1253,UPI Link,1,1697
PAY_01036,13965,UPI,Network Error,7,3,0,0.636,14,936,UPI Link,0,0
PAY_01037,6147,UPI,Bank Timeout,14,4,1,0.737,17,811,Reminder,1,6147
PAY_01038,12008,UPI,Network Error,9,0,1,0.9,16,1292,Reminder,1,12008
PAY_01039,2209,Card,Technical Error,6,3,1,0.6,12,624,UPI Link,0,0
PAY_01040,12644,Net Banking,Card Declined,6,1,0,0.75,13,603,UPI Link,0,0
PAY_01041,3576,UPI,User Abandoned,8,2,1,0.727,4,950,UPI Link,1,3576
PAY_01042,2702,Wallet,Insufficient Funds,7,7,2,0.467,16,232,Reminder,1,2702
PAY_01043,5292,Card,Card Declined,4,4,1,0.444,10,924,UPI Link,1,5292
PAY_01044,20425,Wallet,Network Error,8,4,2,0.615,6,932,Reminder,0,0
PAY_01045,6682,Net Banking,User Abandoned,9,2,2,0.75,22,336,UPI Link,0,0
PAY_01046,3030,UPI,Insufficient Funds,14,2,0,0.824,22,921,UPI Link,1,3030
PAY_01047,14097,UPI,Network Error,10,2,2,0.769,12,1489,UPI Link,0,0
PAY_01048,1988,Card,Card Declined,5,0,1,0.833,12,90,Reminder,1,1988
PAY_01049,1812,Net Banking,Network Error,11,1,2,0.846,4,333,Retry,1,1812
PAY_01050,891,Card,User Abandoned,12,1,0,0.857,13,631,Reminder,0,0
PAY_01051,21210,Wallet,Technical Error,7,2,2,0.7,5,241,Retry,1,21210
PAY_01052,3641,Card,Insufficient Funds,6,2,1,0.667,8,26,UPI Link,0,0
PAY_01053,4810,Wallet,Network Error,9,1,0,0.818,19,1011,Retry,1,4810
PAY_01054,1050,Wallet,Card Declined,3,1,1,0.6,14,163,UPI Link,1,1050
PAY_01055,6346,UPI,Bank Timeout,5,3,1,0.556,8,1270,Retry,1,6346
PAY_01056,1550,Card,Insufficient Funds,12,1,0,0.857,4,113,UPI Link,1,1550
PAY_01057,618,UPI,Bank Timeout,8,1,0,0.8,21,1184,UPI Link,0,0
PAY_01058,6734,Net Banking,Technical Error,5,3,0,0.556,1,224,Retry,0,0
PAY_01059,4850,Card,Bank Timeout,9,3,2,0.692,9,1252,UPI Link,1,4850
PAY_01060,9624,Card,Card Declined,7,3,2,0.636,18,738,Retry,0,0
PAY_01061,6656,UPI,Technical Error,8,2,0,0.727,11,777,UPI Link,0,0
PAY_01062,9812,Wallet,Network Error,5,1,0,0.714,9,965,Retry,1,9812
PAY_01063,9418,Net Banking,Technical Error,9,3,1,0.692,13,1075,Retry,1,9418
PAY_01064,3215,Card,Network Error,11,1,0,0.846,3,1171,UPI Link,0,0
PAY_01065,1315,UPI,Card Declined,9,2,2,0.75,22,1239,Retry,1,1315
PAY_01066,4390,Net Banking,Card Declined,3,1,1,0.6,10,532,UPI Link,1,4390
PAY_01067,2597,Net Banking,Bank Timeout,5,2,1,0.625,18,1017,Retry,1,2597
PAY_01068,3762,Wallet,Card Declined,6,2,0,0.667,19,477,Reminder,0,0
PAY_01069,616,Card,Insufficient Funds,4,1,0,0.667,0,953,UPI Link,0,0
PAY_01070,3240,UPI,User Abandoned,8,2,0,0.727,19,850,Reminder,0,0
PAY_01071,3948,Net Banking,Technical Error,5,3,1,0.556,20,435,Retry,1,3948
PAY_01072,2018,Card,User Abandoned,5,1,0,0.714,8,139,Reminder,0,0
PAY_01073,1965,Net Banking,Insufficient Funds,13,1,0,0.867,21,683,Reminder,1,1965
PAY_01074,15576,UPI,Bank Timeout,5,1,0,0.714,10,693,Reminder,0,0
PAY_01075,1653,Wallet,Card Declined,6,2,0,0.667,20,279,UPI Link,1,1653
PAY_01076,9135,Wallet,Network Error,8,1,0,0.8,14,848,Reminder,0,0
PAY_01077,23848,UPI,Network Error,8,3,0,0.667,18,1485,Retry,1,23848
PAY_01078,6390,UPI,Bank Timeout,9,0,1,0.9,21,680,UPI Link,1,6390
PAY_01079,8839,Net Banking,Insufficient Funds,9,0,0,0.9,8,64,Reminder,0,0
PAY_01080,2289,Wallet,User Abandoned,8,0,1,0.889,5,1170,UPI Link,1,2289
PAY_01081,6106,Card,Network Error,12,2,0,0.8,9,1445,UPI Link,1,6106
PAY_01082,1818,UPI,Technical Error,15,5,1,0.714,2,1018,UPI Link,0,0
PAY_01083,9272,Net Banking,Card Declined,9,3,0,0.692,6,1076,UPI Link,0,0
PAY_01084,1932,UPI,Technical Error,3,1,0,0.6,6,190,Retry,1,1932
PAY_01085,5470,UPI,Card Declined,9,0,1,0.9,4,390,UPI Link,0,0
PAY_01086,13293,Wallet,User Abandoned,7,2,1,0.7,9,671,Reminder,1,13293
PAY_01087,7128,UPI,Network Error,5,4,2,0.5,4,421,UPI Link,0,0
PAY_01088,5591,Wallet,Card Declined,5,1,2,0.714,16,238,UPI Link,0,0
PAY_01089,3158,UPI,User Abandoned,8,3,1,0.667,2,683,Reminder,1,3158
PAY_01090,3464,UPI,Insufficient Funds,12,3,1,0.75,21,640,Reminder,0,0
PAY_01091,4219,Net Banking,User Abandoned,10,2,0,0.769,10,411,Reminder,1,4219
PAY_01092,2899,Net Banking,Network Error,9,4,0,0.643,14,1375,Retry,0,0
PAY_01093,1880,Card,Bank Timeout,5,3,0,0.556,3,32,Reminder,0,0
PAY_01094,3239,UPI,Bank Timeout,8,1,1,0.8,11,1126,Retry,1,3239
PAY_01095,1128,Card,User Abandoned,12,1,0,0.857,18,502,Reminder,1,1128
PAY_01096,4125,Net Banking,Network Error,10,2,0,0.769,17,909,Retry,1,4125
PAY_01097,500,UPI,Card Declined,4,5,2,0.4,1,217,UPI Link,0,0
PAY_01098,10594,UPI,Card Declined,9,0,1,0.9,5,1444,UPI Link,1,10594
PAY_01099,27778,Wallet,Network Error,5,4,0,0.5,9,681,UPI Link,0,0
PAY_01100,1761,UPI,Card Declined,9,0,1,0.9,4,191,Reminder,0,0
PAY_01101,7295,Wallet,Insufficient Funds,6,0,1,0.857,9,1402,UPI Link,1,7295
PAY_01102,10089,Wallet,Card Declined,12,1,0,0.857,7,295,Reminder,0,0
PAY_01103,8654,Net Banking,Technical Error,9,1,1,0.818,5,1433,Reminder,1,8654
PAY_01104,4143,Net Banking,Technical Error,3,4,1,0.375,15,62,Retry,1,4143
PAY_01105,1736,UPI,Technical Error,12,2,1,0.8,14,350,Retry,1,1736
PAY_01106,6248,Net Banking,Network Error,13,3,1,0.765,4,1041,Retry,1,6248
PAY_01107,1579,UPI,Technical Error,11,0,1,0.917,20,146,UPI Link,1,1579
PAY_01108,3981,Wallet,Card Declined,9,2,1,0.75,13,489,UPI Link,0,0
PAY_01109,2239,Card,Card Declined,9,3,1,0.692,2,698,UPI Link,1,2239
PAY_01110,3651,Wallet,Card Declined,10,2,1,0.769,10,1116,UPI Link,1,3651
PAY_01111,3264,Card,User Abandoned,4,2,2,0.571,2,1458,UPI Link,0,0
PAY_01112,29659,Wallet,Insufficient Funds,5,1,1,0.714,19,949,Reminder,0,0
PAY_01113,11642,UPI,Card Declined,5,3,0,0.556,9,832,UPI Link,0,0
PAY_01114,1741,UPI,User Abandoned,12,3,1,0.75,12,671,Reminder,1,1741
PAY_01115,3343,UPI,Insufficient Funds,8,0,0,0.889,4,1190,Retry,1,3343
PAY_01116,2145,UPI,Bank Timeout,6,1,2,0.75,4,928,UPI Link,1,2145
PAY_01117,4623,Wallet,Network Error,8,2,1,0.727,14,401,Retry,1,4623
PAY_01118,2890,Net Banking,Technical Error,8,2,1,0.727,21,624,Reminder,1,2890
PAY_01119,696,Wallet,User Abandoned,7,0,0,0.875,2,1194,Reminder,1,696
PAY_01120,3351,Wallet,Bank Timeout,8,3,0,0.667,1,757,Reminder,1,3351
PAY_01121,5659,UPI,Insufficient Funds,5,6,2,0.417,17,736,Reminder,0,0
PAY_01122,706,Net Banking,Insufficient Funds,6,1,0,0.75,13,1439,UPI Link,0,0
PAY_01123,1768,Net Banking,User Abandoned,6,2,1,0.667,12,782,Reminder,0,0
PAY_01124,1449,Card,User Abandoned,9,0,0,0.9,15,285,Reminder,1,1449
PAY_01125,584,Wallet,Technical Error,7,3,1,0.636,4,591,Reminder,1,584
PAY_01126,3597,Card,Bank Timeout,5,1,0,0.714,2,1328,Retry,1,3597
PAY_01127,2539,Wallet,User Abandoned,13,1,1,0.867,4,174,Reminder,0,0
PAY_01128,2378,Wallet,Card Declined,5,1,2,0.714,19,872,UPI Link,1,2378
PAY_01129,3229,Wallet,Network Error,7,1,1,0.778,17,922,Retry,1,3229
PAY_01130,2613,Card,Bank Timeout,9,1,1,0.818,19,16,Retry,1,2613
PAY_01131,4798,Card,User Abandoned,8,4,1,0.615,8,842,UPI Link,0,0
PAY_01132,12153,Net Banking,Insufficient Funds,11,3,0,0.733,18,990,UPI Link,0,0
PAY_01133,3562,UPI,Network Error,4,1,1,0.667,22,164,Retry,0,0
PAY_01134,3104,Net Banking,Card Declined,5,1,1,0.714,2,1072,Reminder,0,0
PAY_01135,4265,UPI,Bank Timeout,14,2,1,0.824,20,1360,Reminder,0,0
PAY_01136,963,UPI,User Abandoned,7,4,2,0.583,17,1188,Reminder,0,0
PAY_01137,6990,UPI,Technical Error,9,0,1,0.9,0,961,Retry,1,6990
PAY_01138,7120,Wallet,Network Error,4,0,2,0.8,10,863,Reminder,1,7120
PAY_01139,5500,Net Banking,Technical Error,7,2,0,0.7,1,1424,Reminder,0,0
PAY_01140,812,Net Banking,User Abandoned,17,1,1,0.895,8,126,UPI Link,1,812
PAY_01141,2599,Card,Network Error,5,5,0,0.455,21,598,UPI Link,1,2599
PAY_01142,564,UPI,Technical Error,13,1,1,0.867,2,260,Retry,1,564
PAY_01143,5499,Net Banking,Technical Error,7,4,0,0.583,19,576,Retry,1,5499
PAY_01144,4038,Net Banking,Insufficient Funds,6,3,2,0.6,3,1237,Reminder,0,0
PAY_01145,3228,Card,User Abandoned,11,1,1,0.846,11,360,Reminder,0,0
PAY_01146,10898,Card,Card Declined,9,5,0,0.6,16,68,UPI Link,1,10898
PAY_01147,6838,UPI,Bank Timeout,10,2,1,0.769,4,1016,UPI Link,0,0
PAY_01148,6613,Wallet,Card Declined,8,2,0,0.727,21,902,Reminder,1,6613
PAY_01149,2588,Card,Bank Timeout,5,4,1,0.5,23,707,Retry,1,2588
PAY_01150,4628,Net Banking,Insufficient Funds,7,1,0,0.778,5,951,Reminder,1,4628
PAY_01151,2467,Net Banking,Card Declined,9,2,2,0.75,17,479,UPI Link,0,0
PAY_01152,4276,Wallet,Card Declined,8,3,0,0.667,4,1087,Reminder,0,0
PAY_01153,1404,UPI,Technical Error,11,2,1,0.786,12,1390,Retry,1,1404
PAY_01154,2040,UPI,Insufficient Funds,6,3,1,0.6,20,725,Retry,0,0
PAY_01155,2948,Wallet,Network Error,4,5,2,0.4,8,687,Reminder,0,0
PAY_01156,4549,UPI,Technical Error,2,4,2,0.286,18,802,UPI Link,0,0
PAY_01157,3628,Card,User Abandoned,3,3,2,0.429,18,400,Reminder,0,0
PAY_01158,2649,Card,Technical Error,6,2,1,0.667,0,1378,Retry,1,2649
PAY_01159,3912,UPI,Insufficient Funds,6,2,1,0.667,3,1076,Reminder,0,0
PAY_01160,1996,Wallet,Technical Error,7,1,0,0.778,23,581,Retry,1,1996
PAY_01161,2623,UPI,Insufficient Funds,11,1,1,0.846,2,117,Retry,0,0
PAY_01162,1182,Card,Network Error,12,3,2,0.75,3,1451,Retry,0,0
PAY_01163,23540,UPI,Network Error,11,1,0,0.846,12,1345,UPI Link,1,23540
PAY_01164,1162,Card,Insufficient Funds,9,3,2,0.692,5,519,Reminder,0,0
PAY_01165,5612,UPI,User Abandoned,5,2,1,0.625,8,875,UPI Link,1,5612
PAY_01166,1587,Net Banking,Technical Error,7,0,0,0.875,2,568,UPI Link,1,1587
PAY_01167,14032,Wallet,Card Declined,6,1,0,0.75,1,529,Retry,1,14032
PAY_01168,1155,Net Banking,Bank Timeout,8,2,1,0.727,2,1008,Reminder,1,1155
PAY_01169,22035,Card,Network Error,11,3,1,0.733,5,1322,Retry,0,0
PAY_01170,1455,Card,Network Error,10,3,1,0.714,6,1258,Retry,1,1455
PAY_01171,1559,Wallet,User Abandoned,10,5,0,0.625,3,72,Reminder,1,1559
PAY_01172,3438,Net Banking,Card Declined,10,3,0,0.714,15,305,UPI Link,0,0
PAY_01173,8840,UPI,Insufficient Funds,4,4,2,0.444,12,546,Reminder,1,8840
PAY_01174,2506,Net Banking,Card Declined,13,1,1,0.867,0,1056,Reminder,1,2506
PAY_01175,661,Wallet,Card Declined,8,3,1,0.667,12,1491,Reminder,1,661
PAY_01176,7311,UPI,Network Error,7,3,0,0.636,0,788,Reminder,0,0
PAY_01177,1438,Wallet,Insufficient Funds,6,4,1,0.545,17,736,Reminder,1,1438
PAY_01178,200,Net Banking,Card Declined,5,1,0,0.714,20,1326,UPI Link,1,200
PAY_01179,4538,Net Banking,Insufficient Funds,9,3,1,0.692,9,1327,Reminder,0,0
PAY_01180,5640,UPI,Card Declined,9,4,2,0.643,6,613,UPI Link,1,5640
PAY_01181,4364,UPI,User Abandoned,13,1,2,0.867,11,997,Reminder,1,4364
PAY_01182,1275,Wallet,User Abandoned,6,3,0,0.6,4,74,Reminder,1,1275
PAY_01183,8263,Card,Card Declined,13,2,1,0.812,2,1108,UPI Link,1,8263
PAY_01184,4872,Wallet,Network Error,9,2,1,0.75,0,76,Retry,1,4872
PAY_01185,7107,Net Banking,User Abandoned,13,3,0,0.765,12,243,Reminder,1,7107
PAY_01186,1725,Wallet,User Abandoned,8,1,1,0.8,4,1187,Reminder,0,0
PAY_01187,18585,UPI,Insufficient Funds,13,1,2,0.867,4,1002,UPI Link,0,0
PAY_01188,4919,Wallet,Network Error,6,1,0,0.75,7,1437,Retry,1,4919
PAY_01189,25292,UPI,Bank Timeout,7,8,2,0.438,1,630,UPI Link,0,0
PAY_01190,10324,UPI,Card Declined,8,2,1,0.727,5,1211,UPI Link,1,10324
PAY_01191,2262,UPI,Insufficient Funds,8,3,1,0.667,19,1261,Reminder,1,2262
PAY_01192,802,Card,Card Declined,10,2,0,0.769,23,1390,UPI Link,1,802
PAY_01193,5636,UPI,User Abandoned,7,3,1,0.636,17,282,Reminder,1,5636
PAY_01194,7563,Card,Insufficient Funds,6,2,1,0.667,5,688,Reminder,0,0
PAY_01195,5547,Net Banking,Bank Timeout,7,3,1,0.636,5,1427,Retry,1,5547
PAY_01196,8776,Card,Card Declined,7,2,0,0.7,18,84,UPI Link,1,8776
PAY_01197,2858,Wallet,Bank Timeout,11,5,0,0.647,15,166,Retry,0,0
PAY_01198,1989,Card,Insufficient Funds,9,5,2,0.6,20,1216,Retry,1,1989
PAY_01199,1358,Wallet,User Abandoned,7,3,1,0.636,22,260,Reminder,0,0
PAY_01200,1451,Net Banking,Network Error,15,0,1,0.938,13,490,Reminder,0,0
PAY_01201,1541,UPI,Network Error,8,2,0,0.727,22,1024,Retry,0,0
PAY_01202,8558,UPI,User Abandoned,8,1,0,0.8,11,858,Reminder,1,8558
PAY_01203,7335,Card,Bank Timeout,5,1,0,0.714,16,196,Retry,1,7335
PAY_01204,3971,Card,Card Declined,6,6,2,0.462,21,427,UPI Link,0,0
PAY_01205,864,Card,Insufficient Funds,8,4,0,0.615,21,972,UPI Link,0,0
PAY_01206,8646,Card,User Abandoned,10,4,0,0.667,1,1321,Reminder,0,0
PAY_01207,5157,Card,Card Declined,11,1,0,0.846,10,1264,Reminder,1,5157
PAY_01208,4330,Wallet,Insufficient Funds,10,8,0,0.526,23,108,Retry,0,0
PAY_01209,5198,Card,Bank Timeout,10,2,0,0.769,15,1055,Retry,1,5198
PAY_01210,7895,Card,User Abandoned,11,1,1,0.846,18,1188,Reminder,1,7895
PAY_01211,710,Card,User Abandoned,10,1,2,0.833,10,472,UPI Link,0,0
PAY_01212,1857,Net Banking,Bank Timeout,6,4,0,0.545,7,845,UPI Link,1,1857
PAY_01213,17133,Wallet,Bank Timeout,9,3,0,0.692,15,1199,Retry,1,17133
PAY_01214,47722,Wallet,Bank Timeout,11,2,0,0.786,19,932,Retry,1,47722
PAY_01215,3724,Net Banking,Bank Timeout,4,3,1,0.5,23,398,Retry,1,3724
PAY_01216,1676,Net Banking,Bank Timeout,9,3,0,0.692,4,66,Retry,1,1676
PAY_01217,631,UPI,Technical Error,9,1,0,0.818,3,954,Retry,1,631
PAY_01218,5692,Card,Technical Error,10,5,0,0.625,9,1237,Retry,0,0
PAY_01219,14232,Card,Network Error,3,1,1,0.6,7,178,Retry,1,14232
PAY_01220,486,Wallet,Bank Timeout,12,1,1,0.857,15,948,Retry,1,486
PAY_01221,4286,Wallet,User Abandoned,9,1,0,0.818,7,671,Reminder,1,4286
PAY_01222,12035,Card,Network Error,12,1,0,0.857,18,11,Retry,1,12035
PAY_01223,1517,UPI,Insufficient Funds,12,1,1,0.857,23,1033,Reminder,1,1517
PAY_01224,1780,Wallet,Card Declined,10,4,2,0.667,3,927,UPI Link,0,0
PAY_01225,2348,UPI,Network Error,11,1,0,0.846,22,1499,Retry,1,2348
PAY_01226,11985,Card,Bank Timeout,4,3,0,0.5,9,490,Retry,1,11985
PAY_01227,2915,UPI,Insufficient Funds,7,0,1,0.875,21,625,Reminder,1,2915
PAY_01228,3331,Wallet,Network Error,9,1,2,0.818,18,50,Retry,1,3331
PAY_01229,4586,Wallet,Bank Timeout,7,1,2,0.778,12,379,UPI Link,1,4586
PAY_01230,3352,Net Banking,User Abandoned,5,3,1,0.556,22,1298,Reminder,1,3352
PAY_01231,834,UPI,Card Declined,7,1,2,0.778,10,1088,UPI Link,1,834
PAY_01232,1268,Wallet,Technical Error,7,2,2,0.7,19,1111,UPI Link,0,0
PAY_01233,6851,Card,User Abandoned,8,1,0,0.8,19,688,UPI Link,1,6851
PAY_01234,3390,UPI,Network Error,12,5,2,0.667,11,106,Reminder,0,0
PAY_01235,7880,Net Banking,Card Declined,16,0,1,0.941,1,749,UPI Link,1,7880
PAY_01236,3284,UPI,Network Error,10,8,2,0.526,6,284,Retry,1,3284
PAY_01237,13013,Card,Network Error,2,2,0,0.4,20,980,UPI Link,1,13013
PAY_01238,2904,Card,User Abandoned,9,1,0,0.818,10,723,UPI Link,1,2904
PAY_01239,3204,Wallet,Technical Error,6,1,0,0.75,2,764,Retry,1,3204
PAY_01240,3253,Wallet,Network Error,7,3,1,0.636,3,963,UPI Link,1,3253
PAY_01241,5729,Net Banking,Card Declined,13,1,1,0.867,11,1379,Retry,0,0
PAY_01242,3940,UPI,Bank Timeout,7,2,1,0.7,2,165,Retry,1,3940
PAY_01243,10383,Card,Technical Error,6,4,0,0.545,3,338,Retry,1,10383
PAY_01244,4362,Card,Card Declined,6,3,0,0.6,6,1067,Retry,0,0
PAY_01245,3687,UPI,Technical Error,10,2,1,0.769,21,1109,Reminder,0,0
PAY_01246,683,Wallet,Technical Error,11,1,1,0.846,14,1321,Retry,1,683
PAY_01247,6193,Card,Insufficient Funds,8,2,0,0.727,7,1065,UPI Link,0,0
PAY_01248,5050,Wallet,Network Error,7,3,0,0.636,20,1324,UPI Link,1,5050
PAY_01249,1769,Wallet,Network Error,4,2,2,0.571,22,1086,UPI Link,0,0
PAY_01250,778,Wallet,Card Declined,8,1,0,0.8,18,271,Reminder,0,0
PAY_01251,9308,Net Banking,Bank Timeout,4,4,0,0.444,7,992,Retry,0,0
PAY_01252,746,Net Banking,Insufficient Funds,5,2,0,0.625,11,583,UPI Link,1,746
PAY_01253,2032,Card,Network Error,8,2,0,0.727,22,1097,Retry,0,0
PAY_01254,2589,Card,User Abandoned,9,2,2,0.75,21,315,Reminder,1,2589
PAY_01255,1488,UPI,Insufficient Funds,9,1,0,0.818,18,260,Reminder,1,1488
PAY_01256,4461,Net Banking,Bank Timeout,3,2,0,0.5,17,1449,Retry,1,4461
PAY_01257,12371,Net Banking,Technical Error,7,1,0,0.778,11,919,Retry,0,0
PAY_01258,2567,Card,Network Error,11,1,0,0.846,3,52,Retry,1,2567
PAY_01259,3947,Wallet,Bank Timeout,8,2,1,0.727,10,320,Retry,0,0
PAY_01260,633,Net Banking,User Abandoned,12,1,2,0.857,9,971,UPI Link,0,0
PAY_01261,406,Card,Network Error,4,3,2,0.5,14,694,UPI Link,0,0
PAY_01262,4782,Wallet,Insufficient Funds,4,1,0,0.667,21,1129,Reminder,0,0
PAY_01263,5882,UPI,Card Declined,7,3,1,0.636,7,914,UPI Link,1,5882
PAY_01264,2557,Net Banking,Insufficient Funds,12,2,1,0.8,20,400,UPI Link,1,2557
PAY_01265,4160,Card,Technical Error,8,0,0,0.889,0,172,Retry,1,4160
PAY_01266,14669,Wallet,User Abandoned,7,1,2,0.778,2,1049,Reminder,0,0
PAY_01267,993,Wallet,Technical Error,7,4,1,0.583,19,1048,Reminder,1,993
PAY_01268,4120,Net Banking,Card Declined,10,3,0,0.714,22,876,UPI Link,1,4120
PAY_01269,5745,Net Banking,Insufficient Funds,11,1,0,0.846,11,720,Reminder,0,0
PAY_01270,2918,Wallet,Network Error,19,0,0,0.95,6,1491,UPI Link,0,0
PAY_01271,7807,Wallet,Card Declined,6,0,0,0.857,5,1491,Retry,0,0
PAY_01272,5219,Wallet,User Abandoned,11,6,1,0.611,4,1203,UPI Link,0,0
PAY_01273,841,Card,Bank Timeout,9,1,0,0.818,15,1076,Reminder,0,0
PAY_01274,12611,UPI,Network Error,5,2,1,0.625,2,14,Retry,1,12611
PAY_01275,1340,Net Banking,Card Declined,5,1,0,0.714,17,947,Reminder,1,1340
PAY_01276,4328,Card,Bank Timeout,4,7,0,0.333,12,593,Retry,1,4328
PAY_01277,17111,UPI,Technical Error,11,2,1,0.786,9,1012,Retry,1,17111
PAY_01278,2776,Wallet,Bank Timeout,11,3,0,0.733,0,316,Retry,0,0
PAY_01279,6455,Wallet,Insufficient Funds,8,3,2,0.667,21,590,Reminder,0,0
PAY_01280,9065,Wallet,User Abandoned,4,1,2,0.667,7,59,Reminder,1,9065
PAY_01281,1940,Net Banking,Card Declined,14,0,0,0.933,19,741,UPI Link,1,1940
PAY_01282,5484,Wallet,Technical Error,7,3,2,0.636,21,975,Retry,1,5484
PAY_01283,1508,UPI,Technical Error,12,0,1,0.923,23,1179,Retry,1,1508
PAY_01284,12673,Net Banking,Bank Timeout,6,0,1,0.857,1,300,Retry,1,12673
PAY_01285,1847,Card,Technical Error,4,3,0,0.5,1,559,Retry,1,1847
PAY_01286,4513,Net Banking,Insufficient Funds,8,2,0,0.727,9,1085,UPI Link,0,0
PAY_01287,2715,UPI,Network Error,9,0,0,0.9,20,376,UPI Link,1,2715
PAY_01288,1259,Card,Network Error,9,2,0,0.75,10,1403,UPI Link,0,0
PAY_01289,5230,Net Banking,User Abandoned,9,3,2,0.692,22,743,Reminder,0,0
PAY_01290,1967,Net Banking,Bank Timeout,8,1,0,0.8,4,1062,Retry,1,1967
PAY_01291,9247,Wallet,Card Declined,10,7,0,0.556,5,210,UPI Link,1,9247
PAY_01292,6523,Card,Bank Timeout,7,0,1,0.875,19,1413,UPI Link,1,6523
PAY_01293,959,UPI,Card Declined,7,3,1,0.636,2,239,Reminder,0,0
PAY_01294,11564,UPI,Card Declined,10,0,0,0.909,9,1416,UPI Link,1,11564
PAY_01295,1792,Wallet,Network Error,8,4,1,0.615,10,353,UPI Link,1,1792
PAY_01296,5566,UPI,User Abandoned,15,2,0,0.833,7,264,UPI Link,1,5566
PAY_01297,770,Card,User Abandoned,4,2,0,0.571,9,257,Reminder,1,770
PAY_01298,11441,UPI,Card Declined,9,1,2,0.818,3,160,UPI Link,1,11441
PAY_01299,4206,Wallet,Card Declined,7,0,0,0.875,6,221,UPI Link,1,4206
PAY_01300,1202,UPI,Card Declined,7,3,0,0.636,8,89,UPI Link,0,0
PAY_01301,15582,UPI,Insufficient Funds,10,3,0,0.714,19,421,UPI Link,0,0
PAY_01302,19524,Card,Bank Timeout,8,4,2,0.615,11,60,Reminder,0,0
PAY_01303,2989,Net Banking,Network Error,10,3,0,0.714,11,329,UPI Link,0,0
PAY_01304,1690,Card,Network Error,5,2,1,0.625,2,203,UPI Link,0,0
PAY_01305,8833,UPI,Network Error,12,3,0,0.75,22,393,Reminder,0,0
PAY_01306,1526,Card,Network Error,11,1,0,0.846,23,203,Reminder,1,1526
PAY_01307,1774,Wallet,Technical Error,7,2,2,0.7,18,380,Reminder,0,0
PAY_01308,5486,UPI,Bank Timeout,9,0,0,0.9,12,869,Retry,1,5486
PAY_01309,1520,Card,Card Declined,10,3,0,0.714,10,254,UPI Link,1,1520
PAY_01310,1154,Card,Card Declined,10,5,0,0.625,22,591,UPI Link,1,1154
PAY_01311,23433,UPI,Insufficient Funds,11,2,0,0.786,15,237,Reminder,0,0
PAY_01312,7471,Wallet,Network Error,13,6,2,0.65,9,1408,Retry,1,7471
PAY_01313,5640,Wallet,Bank Timeout,8,1,1,0.8,13,596,Reminder,0,0
PAY_01314,3520,Wallet,Bank Timeout,11,3,0,0.733,15,1391,Retry,1,3520
PAY_01315,9053,UPI,User Abandoned,9,6,1,0.562,21,216,Reminder,1,9053
PAY_01316,2186,UPI,Insufficient Funds,3,6,0,0.3,12,821,UPI Link,1,2186
PAY_01317,2923,UPI,User Abandoned,6,1,0,0.75,2,745,Retry,0,0
PAY_01318,6830,Net Banking,Bank Timeout,5,1,1,0.714,12,252,Retry,1,6830
PAY_01319,2422,Wallet,User Abandoned,13,4,1,0.722,8,1462,UPI Link,1,2422
PAY_01320,883,Net Banking,User Abandoned,14,5,1,0.7,11,975,UPI Link,1,883
PAY_01321,5229,Wallet,Card Declined,5,0,1,0.833,8,302,Reminder,1,5229
PAY_01322,10040,UPI,Insufficient Funds,13,3,0,0.765,15,1019,Reminder,1,10040
PAY_01323,4064,Card,Insufficient Funds,10,1,0,0.833,23,109,UPI Link,0,0
PAY_01324,8581,Wallet,User Abandoned,5,2,0,0.625,5,784,UPI Link,0,0
PAY_01325,3101,Net Banking,Bank Timeout,6,2,0,0.667,19,1277,Retry,1,3101
PAY_01326,1595,UPI,User Abandoned,10,2,1,0.769,15,955,Reminder,0,0
PAY_01327,8580,Wallet,Card Declined,6,4,1,0.545,8,1111,UPI Link,1,8580
PAY_01328,18626,UPI,Insufficient Funds,12,1,1,0.857,3,786,UPI Link,0,0
PAY_01329,2261,Wallet,Card Declined,9,2,1,0.75,1,68,UPI Link,1,2261
PAY_01330,3481,Net Banking,User Abandoned,11,3,0,0.733,15,883,Reminder,0,0
PAY_01331,1475,Wallet,Card Declined,4,1,0,0.667,18,1383,UPI Link,1,1475
PAY_01332,4862,Wallet,Card Declined,9,2,1,0.75,5,1038,UPI Link,1,4862
PAY_01333,10656,Net Banking,Card Declined,5,3,1,0.556,12,1264,UPI Link,1,10656
PAY_01334,11401,Net Banking,Technical Error,6,4,0,0.545,0,1210,Retry,1,11401
PAY_01335,7320,Net Banking,Technical Error,3,0,2,0.75,18,56,UPI Link,1,7320
PAY_01336,8202,Net Banking,Card Declined,8,1,0,0.8,13,707,Retry,1,8202
PAY_01337,3809,Wallet,Technical Error,8,1,0,0.8,21,501,Retry,1,3809
PAY_01338,6814,Net Banking,Network Error,6,0,0,0.857,22,135,UPI Link,0,0
PAY_01339,3420,UPI,Technical Error,9,1,0,0.818,0,1103,Retry,1,3420
PAY_01340,6513,Wallet,User Abandoned,6,2,1,0.667,18,1055,UPI Link,1,6513
PAY_01341,3568,Net Banking,Insufficient Funds,9,1,2,0.818,15,1205,Reminder,1,3568
PAY_01342,10127,Net Banking,Card Declined,9,1,1,0.818,12,661,UPI Link,1,10127
PAY_01343,3542,Wallet,Insufficient Funds,8,1,2,0.8,21,422,Reminder,1,3542
PAY_01344,29174,Net Banking,Bank Timeout,13,0,1,0.929,9,745,Reminder,0,0
PAY_01345,8395,Card,Card Declined,7,1,2,0.778,2,1098,UPI Link,1,8395
PAY_01346,9870,Net Banking,Insufficient Funds,6,2,0,0.667,18,824,UPI Link,0,0
PAY_01347,1952,UPI,User Abandoned,8,3,1,0.667,3,1213,Reminder,0,0
PAY_01348,2989,UPI,Network Error,14,1,1,0.875,15,875,Retry,1,2989
PAY_01349,7605,UPI,User Abandoned,7,2,0,0.7,16,615,Reminder,1,7605
PAY_01350,2475,Net Banking,Bank Timeout,9,1,1,0.818,12,515,Retry,1,2475
PAY_01351,5744,Wallet,User Abandoned,7,3,1,0.636,5,39,UPI Link,1,5744
PAY_01352,1754,Card,Network Error,11,2,1,0.786,6,1354,Reminder,1,1754
PAY_01353,2786,Wallet,Technical Error,7,3,2,0.636,17,1259,Retry,1,2786
PAY_01354,1450,Wallet,Network Error,9,3,2,0.692,20,123,UPI Link,0,0
PAY_01355,7955,Net Banking,Card Declined,15,2,0,0.833,7,309,Reminder,0,0
PAY_01356,7696,Net Banking,Card Declined,5,6,1,0.417,10,132,UPI Link,1,7696
PAY_01357,1718,Wallet,Technical Error,13,2,0,0.812,20,329,Retry,1,1718
PAY_01358,3780,Card,Card Declined,5,5,0,0.455,3,308,UPI Link,1,3780
PAY_01359,8013,Card,Technical Error,6,3,1,0.6,15,1147,Reminder,0,0
PAY_01360,9150,Wallet,User Abandoned,8,3,0,0.667,6,327,Reminder,1,9150
PAY_01361,4098,UPI,Technical Error,13,1,0,0.867,21,1128,Retry,1,4098
PAY_01362,4345,UPI,User Abandoned,7,2,1,0.7,0,114,UPI Link,0,0
PAY_01363,9007,UPI,Technical Error,3,2,1,0.5,9,131,Reminder,0,0
PAY_01364,3856,Wallet,Technical Error,6,4,2,0.545,21,185,Reminder,1,3856
PAY_01365,2457,Card,Bank Timeout,9,0,0,0.9,18,1025,Reminder,1,2457
PAY_01366,905,Net Banking,Card Declined,9,2,0,0.75,7,1229,UPI Link,0,0
PAY_01367,2461,Net Banking,Technical Error,3,2,1,0.5,23,799,UPI Link,1,2461
PAY_01368,1572,Card,Card Declined,11,1,0,0.846,4,219,UPI Link,1,1572
PAY_01369,3036,Net Banking,Card Declined,6,5,1,0.5,8,1208,UPI Link,0,0
PAY_01370,7229,Net Banking,User Abandoned,6,3,0,0.6,10,1118,Reminder,0,0
PAY_01371,6273,Card,Technical Error,8,2,0,0.727,11,974,UPI Link,1,6273
PAY_01372,13038,Net Banking,Insufficient Funds,10,0,2,0.909,19,72,UPI Link,0,0
PAY_01373,6810,UPI,User Abandoned,6,1,2,0.75,7,519,UPI Link,1,6810
PAY_01374,3213,Net Banking,User Abandoned,10,1,2,0.833,11,1404,Reminder,1,3213
PAY_01375,6830,Card,Card Declined,11,0,1,0.917,0,805,Retry,1,6830
PAY_01376,1515,Net Banking,Technical Error,10,4,0,0.667,7,610,Retry,1,1515
PAY_01377,3362,Card,Card Declined,10,1,2,0.833,10,1320,UPI Link,1,3362
PAY_01378,3015,UPI,Technical Error,9,1,0,0.818,15,965,UPI Link,1,3015
PAY_01379,3749,Net Banking,User Abandoned,9,1,1,0.818,3,329,UPI Link,1,3749
PAY_01380,8415,UPI,Technical Error,6,3,1,0.6,19,1494,UPI Link,1,8415
PAY_01381,4493,Net Banking,Card Declined,8,3,2,0.667,0,107,UPI Link,0,0
PAY_01382,2770,Card,User Abandoned,6,0,1,0.857,20,279,Reminder,1,2770
PAY_01383,14739,Card,User Abandoned,11,1,0,0.846,10,1180,Reminder,1,14739
PAY_01384,1924,Card,Bank Timeout,3,1,1,0.6,22,1330,UPI Link,1,1924
PAY_01385,4166,Wallet,Technical Error,6,3,1,0.6,15,274,Retry,1,4166
PAY_01386,957,Net Banking,Technical Error,10,7,0,0.556,2,849,Retry,1,957
PAY_01387,4509,Wallet,Card Declined,10,1,1,0.833,7,43,Retry,0,0
PAY_01388,3648,Card,Insufficient Funds,9,1,1,0.818,6,537,UPI Link,1,3648
PAY_01389,24075,Card,Insufficient Funds,7,3,1,0.636,19,879,UPI Link,0,0
PAY_01390,12786,Card,Insufficient Funds,8,2,0,0.727,5,1162,Reminder,0,0
PAY_01391,2656,Wallet,Card Declined,12,4,2,0.706,15,243,UPI Link,1,2656
PAY_01392,5935,Card,Bank Timeout,12,1,0,0.857,9,1013,Retry,1,5935
PAY_01393,1592,Wallet,Bank Timeout,5,5,1,0.455,6,580,UPI Link,0,0
PAY_01394,847,Card,Card Declined,10,1,0,0.833,13,299,UPI Link,1,847
PAY_01395,1808,Net Banking,Bank Timeout,11,1,1,0.846,14,509,Retry,1,1808
PAY_01396,3465,Wallet,Insufficient Funds,7,0,0,0.875,15,273,Retry,1,3465
PAY_01397,673,Wallet,User Abandoned,9,3,0,0.692,22,786,UPI Link,1,673
PAY_01398,1872,Net Banking,Insufficient Funds,10,3,0,0.714,17,121,Reminder,0,0
PAY_01399,1360,Card,Card Declined,8,4,0,0.615,19,1374,Retry,1,1360
PAY_01400,2341,UPI,Insufficient Funds,10,2,0,0.769,16,1270,Reminder,0,0
PAY_01401,8528,Wallet,User Abandoned,6,4,0,0.545,4,1146,Reminder,1,8528
PAY_01402,2115,Card,Technical Error,11,1,0,0.846,16,1010,Reminder,1,2115
PAY_01403,1697,Wallet,Bank Timeout,9,1,0,0.818,10,1455,Retry,1,1697
PAY_01404,5930,Card,Technical Error,11,0,0,0.917,10,91,Reminder,1,5930
PAY_01405,4201,Wallet,Technical Error,6,1,2,0.75,11,881,Reminder,1,4201
PAY_01406,2722,Net Banking,Network Error,7,1,0,0.778,16,642,Retry,0,0
PAY_01407,694,Card,Technical Error,12,3,2,0.75,15,310,UPI Link,1,694
PAY_01408,16862,Wallet,Insufficient Funds,10,1,0,0.833,4,112,Reminder,1,16862
PAY_01409,1917,UPI,Card Declined,11,1,0,0.846,5,1446,UPI Link,1,1917
PAY_01410,100000,UPI,Card Declined,13,4,0,0.722,14,731,Retry,0,0
PAY_01411,5894,Wallet,Card Declined,4,2,1,0.571,3,1475,Reminder,1,5894
PAY_01412,1512,UPI,Technical Error,9,2,0,0.75,6,582,Retry,0,0
PAY_01413,6238,Card,User Abandoned,9,1,1,0.818,8,1154,UPI Link,1,6238
PAY_01414,1098,Card,Network Error,6,1,0,0.75,16,1169,Retry,0,0
PAY_01415,6160,UPI,Bank Timeout,6,0,1,0.857,21,194,UPI Link,1,6160
PAY_01416,4416,UPI,Technical Error,8,2,2,0.727,21,250,Reminder,0,0
PAY_01417,8061,UPI,Technical Error,5,2,0,0.625,0,167,Retry,0,0
PAY_01418,1852,Wallet,Card Declined,10,3,2,0.714,8,1217,UPI Link,0,0
PAY_01419,1760,Net Banking,Insufficient Funds,5,4,2,0.5,19,928,Reminder,0,0
PAY_01420,8159,Card,Bank Timeout,9,5,0,0.6,20,580,Retry,0,0
PAY_01421,752,UPI,User Abandoned,11,2,0,0.786,17,1234,Reminder,1,752
PAY_01422,9697,Wallet,Technical Error,11,3,0,0.733,7,817,Retry,0,0
PAY_01423,8414,Card,Bank Timeout,7,1,1,0.778,12,584,Retry,0,0
PAY_01424,1085,Card,Insufficient Funds,4,3,0,0.5,15,886,UPI Link,0,0
PAY_01425,1679,Net Banking,User Abandoned,10,0,1,0.909,4,736,UPI Link,1,1679
PAY_01426,1455,Net Banking,Network Error,8,3,0,0.667,15,913,UPI Link,1,1455
PAY_01427,6479,Wallet,Technical Error,11,1,1,0.846,19,867,Retry,1,6479
PAY_01428,4049,Wallet,Technical Error,10,1,1,0.833,5,890,Retry,1,4049
PAY_01429,1068,UPI,Insufficient Funds,5,2,1,0.625,10,950,UPI Link,1,1068
PAY_01430,6010,Card,Card Declined,12,1,1,0.857,20,1326,UPI Link,1,6010
PAY_01431,3598,Net Banking,Card Declined,13,0,1,0.929,2,979,UPI Link,1,3598
PAY_01432,32524,Card,User Abandoned,9,1,0,0.818,7,1072,Reminder,1,32524
PAY_01433,1295,UPI,Network Error,11,2,0,0.786,1,1052,Retry,1,1295
PAY_01434,6382,Wallet,Card Declined,5,2,0,0.625,14,1354,Reminder,1,6382
PAY_01435,2929,Net Banking,Technical Error,8,3,0,0.667,18,168,UPI Link,1,2929
PAY_01436,2786,UPI,Insufficient Funds,7,2,2,0.7,21,948,Reminder,0,0
PAY_01437,2134,Card,Card Declined,7,1,0,0.778,2,853,Reminder,0,0
PAY_01438,742,Net Banking,Technical Error,13,4,1,0.722,23,932,UPI Link,0,0
PAY_01439,1031,Wallet,Network Error,4,2,0,0.571,10,384,Retry,0,0
PAY_01440,2509,UPI,User Abandoned,4,4,1,0.444,8,1380,Reminder,1,2509
PAY_01441,12474,UPI,Insufficient Funds,5,4,1,0.5,3,28,Reminder,1,12474
PAY_01442,2294,Wallet,Card Declined,4,5,2,0.4,12,1348,Retry,0,0
PAY_01443,2189,Wallet,Technical Error,11,0,1,0.917,19,739,Retry,1,2189
PAY_01444,6079,Wallet,Technical Error,10,1,0,0.833,4,277,Retry,1,6079
PAY_01445,3535,UPI,Insufficient Funds,11,1,2,0.846,6,55,Reminder,0,0
PAY_01446,448,Card,User Abandoned,13,1,0,0.867,13,1283,UPI Link,1,448
PAY_01447,5235,Card,Insufficient Funds,2,3,0,0.333,14,304,UPI Link,1,5235
PAY_01448,2427,UPI,Insufficient Funds,8,4,0,0.615,4,1439,Reminder,0,0
PAY_01449,1885,Wallet,Card Declined,7,0,0,0.875,14,1199,UPI Link,1,1885
PAY_01450,2922,Net Banking,Network Error,11,3,1,0.733,1,684,Retry,1,2922
PAY_01451,3621,Wallet,Card Declined,14,1,1,0.875,23,1186,UPI Link,1,3621
PAY_01452,3984,Net Banking,Insufficient Funds,9,4,1,0.643,12,996,UPI Link,1,3984
PAY_01453,5094,Wallet,Bank Timeout,8,2,2,0.727,1,1082,Reminder,0,0
PAY_01454,556,Net Banking,Network Error,12,2,0,0.8,8,1328,Retry,1,556
PAY_01455,1504,Wallet,Insufficient Funds,6,4,1,0.545,19,1324,Reminder,1,1504
PAY_01456,4826,Wallet,Insufficient Funds,7,3,0,0.636,9,1488,Reminder,0,0
PAY_01457,2971,Net Banking,Card Declined,5,1,0,0.714,16,450,UPI Link,0,0
PAY_01458,5990,Net Banking,Network Error,5,1,2,0.714,21,960,Reminder,0,0
PAY_01459,628,Net Banking,User Abandoned,9,6,2,0.562,12,854,UPI Link,1,628
PAY_01460,2918,Net Banking,Card Declined,11,1,0,0.846,19,425,UPI Link,1,2918
PAY_01461,2306,UPI,User Abandoned,12,5,1,0.667,4,355,Reminder,1,2306
PAY_01462,3871,Wallet,Insufficient Funds,6,3,1,0.6,15,622,Reminder,0,0
PAY_01463,4288,UPI,Insufficient Funds,8,1,0,0.8,8,732,UPI Link,0,0
PAY_01464,2980,Card,Network Error,12,4,0,0.706,2,692,Retry,1,2980
PAY_01465,3994,Card,Insufficient Funds,6,2,1,0.667,7,997,Reminder,0,0
PAY_01466,4710,Net Banking,Technical Error,4,0,0,0.8,17,548,UPI Link,0,0
PAY_01467,5884,UPI,User Abandoned,12,4,0,0.706,14,937,Retry,0,0
PAY_01468,6693,UPI,Insufficient Funds,13,1,1,0.867,19,209,UPI Link,0,0
PAY_01469,1433,UPI,Network Error,11,1,0,0.846,5,1291,Retry,1,1433
PAY_01470,1585,Card,Technical Error,8,1,0,0.8,23,599,UPI Link,0,0
PAY_01471,5083,Wallet,User Abandoned,7,3,0,0.636,4,1326,Reminder,1,5083
PAY_01472,1411,Card,Insufficient Funds,9,1,0,0.818,14,852,UPI Link,1,1411
PAY_01473,6227,UPI,Bank Timeout,11,1,1,0.846,10,588,Retry,1,6227
PAY_01474,1829,UPI,Technical Error,12,1,0,0.857,22,850,Retry,1,1829
PAY_01475,2463,Card,Bank Timeout,3,2,1,0.5,13,468,Retry,1,2463
PAY_01476,2076,Wallet,Card Declined,11,1,1,0.846,14,1058,Reminder,0,0
PAY_01477,3393,Net Banking,Insufficient Funds,6,2,1,0.667,4,21,UPI Link,0,0
PAY_01478,1872,UPI,Insufficient Funds,4,1,0,0.667,10,823,Retry,0,0
PAY_01479,7365,Card,Card Declined,11,3,0,0.733,12,76,UPI Link,0,0
PAY_01480,961,Card,Network Error,4,1,0,0.667,20,1461,UPI Link,0,0
PAY_01481,1543,Net Banking,Card Declined,12,0,1,0.923,21,1436,UPI Link,1,1543
PAY_01482,14719,Net Banking,User Abandoned,10,2,2,0.769,10,705,Reminder,1,14719
PAY_01483,1841,Net Banking,Network Error,5,1,1,0.714,4,1435,Retry,1,1841
PAY_01484,15528,Card,Network Error,11,0,1,0.917,19,1336,Retry,1,15528
PAY_01485,4365,Net Banking,User Abandoned,5,4,1,0.5,6,618,Reminder,1,4365
PAY_01486,9048,Net Banking,Card Declined,12,2,2,0.8,23,259,UPI Link,0,0
PAY_01487,6260,Net Banking,Bank Timeout,4,2,0,0.571,16,1131,Retry,1,6260
PAY_01488,7576,Net Banking,User Abandoned,7,0,0,0.875,0,58,UPI Link,1,7576
PAY_01489,2558,Net Banking,Bank Timeout,10,4,0,0.667,23,866,Reminder,0,0
PAY_01490,2882,UPI,User Abandoned,6,2,0,0.667,11,532,UPI Link,0,0
PAY_01491,5577,Net Banking,Insufficient Funds,7,2,0,0.7,20,256,Reminder,1,5577
PAY_01492,2777,UPI,Card Declined,9,7,0,0.529,7,1192,UPI Link,1,2777
PAY_01493,5519,Card,Technical Error,11,1,0,0.846,9,1366,UPI Link,0,0
PAY_01494,1951,Card,User Abandoned,4,1,1,0.667,16,508,Reminder,0,0
PAY_01495,24561,Card,Technical Error,11,2,1,0.786,3,301,UPI Link,0,0
PAY_01496,11454,Wallet,Insufficient Funds,9,2,0,0.75,1,871,Retry,1,11454
PAY_01497,21846,Wallet,Bank Timeout,8,2,1,0.727,2,757,Retry,1,21846
PAY_01498,7331,Wallet,Network Error,8,4,1,0.615,16,809,UPI Link,0,0
PAY_01499,5181,Wallet,User Abandoned,8,1,1,0.8,14,1412,UPI Link,1,5181
PAY_01500,6381,Wallet,User Abandoned,8,4,1,0.615,5,296,Reminder,1,6381
PAY_01501,4691,Wallet,User Abandoned,7,2,1,0.7,4,1443,Reminder,0,0
PAY_01502,758,UPI,User Abandoned,7,5,0,0.538,14,970,Reminder,1,758
PAY_01503,4916,Card,Network Error,4,0,0,0.8,3,1233,UPI Link,0,0
PAY_01504,2873,UPI,Insufficient Funds,6,1,0,0.75,18,594,Reminder,1,2873
PAY_01505,5815,Card,Insufficient Funds,11,3,0,0.733,9,767,Reminder,1,5815
PAY_01506,4631,Wallet,Insufficient Funds,5,2,0,0.625,4,1208,Reminder,0,0
PAY_01507,2383,Net Banking,Technical Error,6,2,0,0.667,5,1002,Retry,1,2383
PAY_01508,1300,Net Banking,Insufficient Funds,6,2,0,0.667,13,986,UPI Link,0,0
PAY_01509,2130,Wallet,Technical Error,14,1,1,0.875,15,1475,UPI Link,1,2130
PAY_01510,3670,Card,Bank Timeout,7,1,1,0.778,20,944,UPI Link,0,0
PAY_01511,3107,Wallet,Bank Timeout,4,3,2,0.5,10,183,UPI Link,0,0
PAY_01512,923,Wallet,Card Declined,6,3,0,0.6,12,695,UPI Link,1,923
PAY_01513,3983,Wallet,User Abandoned,13,2,0,0.812,20,182,UPI Link,1,3983
PAY_01514,2068,UPI,Network Error,6,0,2,0.857,22,633,UPI Link,0,0
PAY_01515,4327,UPI,User Abandoned,11,0,1,0.917,2,395,Retry,1,4327
PAY_01516,9866,UPI,Network Error,9,2,1,0.75,6,975,Retry,1,9866
PAY_01517,1193,UPI,Insufficient Funds,3,2,2,0.5,17,369,Retry,0,0
PAY_01518,6140,Net Banking,Bank Timeout,7,3,0,0.636,22,1187,Retry,1,6140
PAY_01519,13779,Net Banking,Card Declined,4,1,1,0.667,1,1007,Reminder,1,13779
PAY_01520,2959,UPI,Technical Error,13,6,1,0.65,5,850,Retry,1,2959
PAY_01521,4814,Net Banking,Card Declined,7,2,0,0.7,2,235,Retry,1,4814
PAY_01522,5314,Card,Technical Error,12,2,0,0.8,5,524,UPI Link,1,5314
PAY_01523,9241,Card,Technical Error,6,2,1,0.667,21,347,Retry,1,9241
PAY_01524,501,Net Banking,Bank Timeout,4,3,0,0.5,22,120,Retry,1,501
PAY_01525,2263,UPI,Technical Error,8,1,0,0.8,13,664,Retry,1,2263
PAY_01526,12228,UPI,Insufficient Funds,14,0,0,0.933,7,1223,UPI Link,0,0
PAY_01527,1846,Wallet,Network Error,6,1,1,0.75,12,236,Retry,1,1846
PAY_01528,15724,Net Banking,Card Declined,3,2,1,0.5,13,135,UPI Link,1,15724
PAY_01529,2141,Wallet,User Abandoned,8,5,0,0.571,0,552,UPI Link,1,2141
PAY_01530,2968,UPI,Bank Timeout,9,0,1,0.9,20,258,Retry,1,2968
PAY_01531,873,Wallet,Card Declined,12,0,0,0.923,20,1025,UPI Link,1,873
PAY_01532,7765,Card,Technical Error,6,3,1,0.6,5,503,Retry,1,7765
PAY_01533,7060,Wallet,Network Error,8,4,1,0.615,1,3,UPI Link,1,7060
PAY_01534,3915,Net Banking,User Abandoned,6,2,0,0.667,0,124,UPI Link,1,3915
PAY_01535,4960,Wallet,Technical Error,9,2,1,0.75,8,1393,Retry,0,0
PAY_01536,11611,Net Banking,User Abandoned,7,2,0,0.7,18,1046,Reminder,1,11611
PAY_01537,4238,Card,User Abandoned,6,4,1,0.545,18,144,Reminder,0,0
PAY_01538,2545,Wallet,User Abandoned,10,6,0,0.588,4,1485,UPI Link,1,2545
PAY_01539,4889,Net Banking,Card Declined,8,2,0,0.727,19,1034,Retry,0,0
PAY_01540,3779,Net Banking,User Abandoned,10,4,0,0.667,20,536,Retry,0,0
PAY_01541,5680,Wallet,Technical Error,11,2,0,0.786,21,659,Retry,0,0
PAY_01542,10454,Wallet,Network Error,9,6,0,0.562,0,1417,Retry,1,10454
PAY_01543,14763,UPI,Network Error,8,2,1,0.727,0,20,Retry,0,0
PAY_01544,6030,Wallet,Network Error,8,3,2,0.667,22,1002,UPI Link,0,0
PAY_01545,7071,UPI,User Abandoned,3,3,2,0.429,2,1104,Reminder,0,0
PAY_01546,2387,Wallet,User Abandoned,11,3,0,0.733,11,771,UPI Link,1,2387
PAY_01547,1468,Net Banking,Card Declined,4,1,0,0.667,22,18,UPI Link,1,1468
PAY_01548,9678,Net Banking,Bank Timeout,13,3,1,0.765,0,454,UPI Link,1,9678
PAY_01549,3502,Net Banking,User Abandoned,7,1,2,0.778,11,393,Reminder,0,0
PAY_01550,5795,Net Banking,User Abandoned,10,2,0,0.769,7,1012,Retry,0,0
PAY_01551,13603,UPI,Technical Error,9,1,1,0.818,22,1448,Retry,1,13603
PAY_01552,1816,UPI,Bank Timeout,6,0,2,0.857,12,228,Retry,0,0
PAY_01553,524,Wallet,Bank Timeout,9,1,1,0.818,6,1352,UPI Link,0,0
PAY_01554,2713,Card,Insufficient Funds,5,0,1,0.833,4,134,Reminder,0,0
PAY_01555,2192,Card,Network Error,10,3,2,0.714,8,393,UPI Link,0,0
PAY_01556,4146,UPI,User Abandoned,7,2,2,0.7,17,1259,Reminder,0,0
PAY_01557,4936,Wallet,Insufficient Funds,13,1,1,0.867,20,1379,Retry,1,4936
PAY_01558,1434,UPI,Technical Error,5,3,1,0.556,13,562,Retry,1,1434
PAY_01559,5271,Wallet,Card Declined,14,4,0,0.737,16,90,Reminder,0,0
PAY_01560,18045,Card,Insufficient Funds,7,1,0,0.778,13,1091,Reminder,0,0
PAY_01561,5298,UPI,Card Declined,7,4,0,0.583,10,168,Reminder,0,0
PAY_01562,2456,UPI,User Abandoned,10,3,0,0.714,22,868,Retry,0,0
PAY_01563,2444,Card,Bank Timeout,13,1,0,0.867,10,637,Retry,1,2444
PAY_01564,5018,UPI,Insufficient Funds,8,5,1,0.571,13,50,UPI Link,0,0
PAY_01565,28669,Net Banking,Technical Error,9,3,0,0.692,3,970,Retry,1,28669
PAY_01566,1775,Net Banking,Insufficient Funds,7,0,0,0.875,16,485,Retry,1,1775
PAY_01567,1130,Wallet,Insufficient Funds,6,0,2,0.857,14,1186,Reminder,0,0
PAY_01568,3362,UPI,Insufficient Funds,6,1,1,0.75,10,1421,Reminder,0,0
PAY_01569,5942,Card,Insufficient Funds,8,0,1,0.889,1,618,UPI Link,1,5942
PAY_01570,3837,Wallet,Insufficient Funds,6,1,0,0.75,21,115,UPI Link,0,0
PAY_01571,6594,Net Banking,Card Declined,10,3,1,0.714,3,1265,Reminder,0,0
PAY_01572,2513,Card,Network Error,11,2,2,0.786,19,22,UPI Link,0,0
PAY_01573,4516,Wallet,Card Declined,9,7,1,0.529,19,208,UPI Link,0,0
PAY_01574,8660,UPI,Card Declined,11,3,1,0.733,10,1204,UPI Link,1,8660
PAY_01575,538,UPI,Insufficient Funds,10,2,1,0.769,22,139,UPI Link,0,0
PAY_01576,1711,Card,Network Error,12,2,0,0.8,20,1043,Retry,0,0
PAY_01577,3249,Wallet,Card Declined,8,2,2,0.727,19,911,UPI Link,0,0
PAY_01578,6496,Card,Insufficient Funds,6,0,0,0.857,4,639,UPI Link,1,6496
PAY_01579,21601,Net Banking,Technical Error,8,3,1,0.667,17,299,Retry,1,21601
PAY_01580,5621,Net Banking,Network Error,7,6,0,0.5,9,756,Reminder,0,0
PAY_01581,4878,Card,Insufficient Funds,7,1,0,0.778,16,1146,Retry,0,0
PAY_01582,3704,Wallet,Technical Error,6,0,0,0.857,6,1312,Reminder,1,3704
PAY_01583,1003,UPI,Technical Error,10,0,0,0.909,21,975,Retry,1,1003
PAY_01584,9753,Wallet,Network Error,4,3,2,0.5,10,1185,UPI Link,1,9753
PAY_01585,16262,Net Banking,Network Error,6,5,0,0.5,13,674,Retry,0,0
PAY_01586,273,Wallet,Insufficient Funds,10,3,1,0.714,7,8,UPI Link,0,0
PAY_01587,2302,Card,Card Declined,11,3,1,0.733,6,490,UPI Link,1,2302
PAY_01588,851,Net Banking,User Abandoned,9,2,1,0.75,6,820,Reminder,1,851
PAY_01589,1679,UPI,Technical Error,9,1,0,0.818,2,733,Retry,1,1679
PAY_01590,1629,UPI,Bank Timeout,4,1,0,0.667,14,399,Retry,1,1629
PAY_01591,4936,Net Banking,Insufficient Funds,8,8,0,0.471,6,406,Reminder,0,0
PAY_01592,7336,Card,Technical Error,7,2,2,0.7,5,696,UPI Link,0,0
PAY_01593,2853,Card,Bank Timeout,9,1,0,0.818,0,361,UPI Link,0,0
PAY_01594,6411,UPI,Insufficient Funds,10,2,2,0.769,4,777,UPI Link,0,0
PAY_01595,20795,UPI,Technical Error,8,3,0,0.667,9,935,Retry,1,20795
PAY_01596,4138,Net Banking,User Abandoned,11,2,0,0.786,16,1277,UPI Link,0,0
PAY_01597,4382,UPI,Insufficient Funds,6,4,0,0.545,4,389,Reminder,1,4382
PAY_01598,2374,Wallet,User Abandoned,8,1,0,0.8,10,1228,Reminder,1,2374
PAY_01599,2229,Card,Insufficient Funds,8,4,1,0.615,18,388,Retry,0,0
PAY_01600,1481,Net Banking,Bank Timeout,13,3,0,0.765,7,110,Retry,1,1481
PAY_01601,1633,Net Banking,Bank Timeout,10,3,1,0.714,18,1002,Retry,0,0
PAY_01602,4552,UPI,Card Declined,9,3,2,0.692,19,133,UPI Link,1,4552
PAY_01603,7914,Wallet,User Abandoned,6,3,1,0.6,11,1022,Reminder,1,7914
PAY_01604,4504,Card,Technical Error,9,0,2,0.9,11,1077,UPI Link,1,4504
PAY_01605,4111,Wallet,Card Declined,6,3,0,0.6,18,822,UPI Link,1,4111
PAY_01606,3287,UPI,Bank Timeout,12,0,0,0.923,6,926,UPI Link,1,3287
PAY_01607,2932,Wallet,Bank Timeout,2,1,0,0.5,13,773,Retry,0,0
PAY_01608,4072,Net Banking,Technical Error,8,2,1,0.727,2,276,UPI Link,0,0
PAY_01609,3543,Net Banking,Card Declined,8,0,1,0.889,11,472,UPI Link,1,3543
PAY_01610,4389,Wallet,Network Error,5,1,1,0.714,10,873,Retry,1,4389
PAY_01611,2729,Wallet,Card Declined,8,3,0,0.667,15,650,UPI Link,1,2729
PAY_01612,1313,UPI,Bank Timeout,10,0,1,0.909,7,544,Retry,1,1313
PAY_01613,587,Net Banking,Insufficient Funds,4,1,0,0.667,16,1051,UPI Link,0,0
PAY_01614,5852,UPI,Technical Error,14,2,0,0.824,3,243,Retry,1,5852
PAY_01615,8052,UPI,Network Error,6,2,0,0.667,10,403,Retry,1,8052
PAY_01616,3251,Net Banking,Technical Error,10,4,2,0.667,21,563,Reminder,0,0
PAY_01617,2227,Card,User Abandoned,3,3,2,0.429,17,535,Reminder,1,2227
PAY_01618,2143,Net Banking,Technical Error,9,3,0,0.692,12,831,UPI Link,1,2143
PAY_01619,3726,UPI,Card Declined,11,6,2,0.611,16,306,Reminder,0,0
PAY_01620,4617,Card,Bank Timeout,12,1,2,0.857,23,430,UPI Link,0,0
PAY_01621,3279,Wallet,User Abandoned,6,2,1,0.667,10,176,Reminder,0,0
PAY_01622,1802,Card,Card Declined,10,2,2,0.769,13,430,UPI Link,1,1802
PAY_01623,2910,UPI,Technical Error,4,1,0,0.667,18,263,Retry,0,0
PAY_01624,26277,UPI,Card Declined,3,1,2,0.6,11,696,UPI Link,1,26277
PAY_01625,10152,Wallet,User Abandoned,12,3,1,0.75,22,1102,Reminder,0,0
PAY_01626,2219,UPI,Network Error,4,1,0,0.667,4,315,Reminder,0,0
PAY_01627,3207,Net Banking,Network Error,7,0,2,0.875,19,1245,UPI Link,0,0
PAY_01628,1435,Wallet,Card Declined,7,2,0,0.7,12,131,UPI Link,0,0
PAY_01629,1424,Card,Card Declined,10,1,0,0.833,10,1167,Retry,1,1424
PAY_01630,4241,Net Banking,Insufficient Funds,9,1,0,0.818,3,1383,UPI Link,1,4241
PAY_01631,9483,UPI,User Abandoned,7,4,1,0.583,15,55,Reminder,0,0
PAY_01632,11334,UPI,Card Declined,13,1,0,0.867,6,478,UPI Link,1,11334
PAY_01633,658,UPI,Card Declined,5,0,0,0.833,11,1062,UPI Link,1,658
PAY_01634,9349,Net Banking,Card Declined,7,0,1,0.875,5,227,UPI Link,1,9349
PAY_01635,2767,Wallet,Card Declined,8,5,2,0.571,2,797,Retry,1,2767
PAY_01636,3697,Card,Bank Timeout,11,1,0,0.846,9,886,UPI Link,1,3697
PAY_01637,11510,Wallet,Bank Timeout,10,5,1,0.625,18,636,Retry,1,11510
PAY_01638,3938,Wallet,Technical Error,7,3,0,0.636,0,293,Retry,1,3938
PAY_01639,1665,Wallet,Network Error,12,0,0,0.923,16,674,Reminder,0,0
PAY_01640,4980,Wallet,Card Declined,6,3,1,0.6,18,81,Reminder,1,4980
PAY_01641,1753,Net Banking,User Abandoned,9,2,1,0.75,11,1435,UPI Link,1,1753
PAY_01642,12856,Net Banking,Card Declined,13,4,1,0.722,5,851,UPI Link,0,0
PAY_01643,7686,Wallet,Card Declined,6,2,1,0.667,21,376,UPI Link,1,7686
PAY_01644,6784,UPI,Card Declined,9,2,2,0.75,1,491,Reminder,0,0
PAY_01645,1748,Card,Technical Error,8,5,2,0.571,17,598,UPI Link,0,0
PAY_01646,1762,UPI,User Abandoned,9,4,2,0.643,23,445,UPI Link,0,0
PAY_01647,1371,Wallet,Network Error,12,1,0,0.857,11,157,UPI Link,1,1371
PAY_01648,1544,Net Banking,Card Declined,9,0,1,0.9,5,518,UPI Link,1,1544
PAY_01649,5797,UPI,Card Declined,9,2,0,0.75,2,1309,UPI Link,1,5797
PAY_01650,540,Wallet,Card Declined,9,4,0,0.643,23,818,Reminder,0,0
PAY_01651,3110,Wallet,Insufficient Funds,8,0,0,0.889,8,235,UPI Link,1,3110
PAY_01652,1210,Card,Technical Error,10,2,2,0.769,23,951,UPI Link,0,0
PAY_01653,394,UPI,Insufficient Funds,7,5,1,0.538,21,497,UPI Link,1,394
PAY_01654,6545,Wallet,Bank Timeout,8,1,1,0.8,8,331,Retry,1,6545
PAY_01655,3829,UPI,Network Error,13,2,0,0.812,5,603,Retry,0,0
PAY_01656,2916,Wallet,Bank Timeout,9,1,0,0.818,21,23,Retry,1,2916
PAY_01657,2098,Card,Card Declined,8,6,0,0.533,5,444,Reminder,0,0
PAY_01658,1785,Card,Card Declined,5,0,2,0.833,1,1301,Reminder,0,0
PAY_01659,3975,UPI,Card Declined,6,0,2,0.857,9,910,UPI Link,1,3975
PAY_01660,6590,UPI,Insufficient Funds,5,4,1,0.5,6,512,Reminder,1,6590
PAY_01661,8822,Card,Bank Timeout,11,3,0,0.733,0,864,Retry,1,8822
PAY_01662,828,UPI,Technical Error,9,1,0,0.818,21,1371,Retry,1,828
PAY_01663,757,UPI,User Abandoned,8,2,0,0.727,23,343,Reminder,1,757
PAY_01664,8327,UPI,Technical Error,13,1,0,0.867,17,1284,Retry,1,8327
PAY_01665,759,Card,Network Error,10,3,1,0.714,13,248,Retry,1,759
PAY_01666,7030,UPI,Technical Error,7,2,0,0.7,5,31,Retry,0,0
PAY_01667,1784,Net Banking,Insufficient Funds,9,4,1,0.643,6,940,Reminder,1,1784
PAY_01668,2416,Net Banking,User Abandoned,9,1,1,0.818,11,90,Reminder,1,2416
PAY_01669,15137,Card,Card Declined,7,3,0,0.636,19,1024,Retry,0,0
PAY_01670,9481,UPI,User Abandoned,7,2,1,0.7,18,352,Reminder,1,9481
PAY_01671,3666,UPI,Network Error,5,1,0,0.714,20,1427,Retry,0,0
PAY_01672,8547,Card,Technical Error,5,3,0,0.556,20,1409,Retry,1,8547
PAY_01673,4651,Wallet,Insufficient Funds,13,1,0,0.867,0,1247,Retry,1,4651
PAY_01674,14308,Wallet,Card Declined,7,2,1,0.7,20,477,UPI Link,0,0
PAY_01675,9384,UPI,Bank Timeout,6,2,0,0.667,19,255,Retry,1,9384
PAY_01676,4729,Wallet,Bank Timeout,8,2,1,0.727,2,123,Retry,0,0
PAY_01677,3348,Wallet,Technical Error,6,2,0,0.667,4,770,Retry,1,3348
PAY_01678,4763,UPI,Bank Timeout,10,3,2,0.714,19,909,UPI Link,1,4763
PAY_01679,2058,Net Banking,Bank Timeout,6,3,0,0.6,10,1319,UPI Link,1,2058
PAY_01680,3189,UPI,Network Error,6,2,1,0.667,20,591,UPI Link,1,3189
PAY_01681,2485,Card,User Abandoned,11,1,0,0.846,10,497,Reminder,1,2485
PAY_01682,4070,UPI,User Abandoned,6,0,0,0.857,21,1426,UPI Link,1,4070
PAY_01683,4428,Wallet,Network Error,10,2,0,0.769,5,906,Retry,1,4428
PAY_01684,2410,UPI,Card Declined,5,2,0,0.625,6,107,UPI Link,1,2410
PAY_01685,1895,Card,Bank Timeout,10,4,0,0.667,2,356,Retry,0,0
PAY_01686,1945,Card,Bank Timeout,9,1,1,0.818,2,873,UPI Link,0,0
PAY_01687,4176,Net Banking,Bank Timeout,7,4,2,0.583,6,502,Reminder,0,0
PAY_01688,1546,Card,Technical Error,14,2,0,0.824,18,919,Reminder,1,1546
PAY_01689,3824,Card,Technical Error,10,2,1,0.769,2,737,Retry,0,0
PAY_01690,2855,Card,Card Declined,7,4,1,0.583,13,1035,UPI Link,1,2855
PAY_01691,4321,Wallet,Bank Timeout,10,1,1,0.833,0,782,Retry,1,4321
PAY_01692,2879,UPI,Technical Error,10,2,1,0.769,17,313,Retry,0,0
PAY_01693,11905,Card,Technical Error,10,2,1,0.769,14,627,Retry,0,0
PAY_01694,1576,Wallet,Network Error,6,1,1,0.75,15,148,Retry,1,1576
PAY_01695,2749,Wallet,Bank Timeout,6,2,0,0.667,6,9,Retry,1,2749
PAY_01696,15141,Net Banking,Card Declined,10,4,1,0.667,13,809,Retry,0,0
PAY_01697,3071,Net Banking,Card Declined,10,0,1,0.909,9,1313,Retry,0,0
PAY_01698,3193,UPI,Card Declined,8,1,0,0.8,3,789,Retry,1,3193
PAY_01699,6275,Card,Bank Timeout,13,2,1,0.812,8,1480,Retry,1,6275
PAY_01700,10343,Wallet,User Abandoned,11,1,2,0.846,11,1427,Reminder,1,10343
PAY_01701,9983,Wallet,Card Declined,7,3,2,0.636,7,497,UPI Link,1,9983
PAY_01702,4474,Net Banking,User Abandoned,11,1,2,0.846,21,58,UPI Link,1,4474
PAY_01703,3244,Card,Technical Error,16,5,1,0.727,14,1395,Retry,1,3244
PAY_01704,3075,Card,Network Error,8,2,1,0.727,21,331,Retry,1,3075
PAY_01705,5485,UPI,User Abandoned,6,2,2,0.667,12,815,UPI Link,0,0
PAY_01706,2188,UPI,Network Error,6,3,0,0.6,13,340,UPI Link,0,0
PAY_01707,1412,Net Banking,User Abandoned,11,3,0,0.733,16,1092,UPI Link,0,0
PAY_01708,13026,Wallet,Network Error,4,1,0,0.667,23,843,UPI Link,0,0
PAY_01709,12516,UPI,Insufficient Funds,10,2,2,0.769,18,706,UPI Link,0,0
PAY_01710,8616,Net Banking,User Abandoned,12,2,0,0.8,23,816,UPI Link,0,0
PAY_01711,22352,UPI,Bank Timeout,4,3,1,0.5,0,199,Retry,1,22352
PAY_01712,2339,Wallet,Network Error,6,3,1,0.6,20,591,UPI Link,1,2339
PAY_01713,2618,Card,Bank Timeout,12,1,0,0.857,5,1442,Retry,1,2618
PAY_01714,1074,Wallet,Bank Timeout,6,0,1,0.857,3,923,Retry,1,1074
PAY_01715,2783,Card,Bank Timeout,9,4,0,0.643,1,375,UPI Link,0,0
PAY_01716,4974,Card,Technical Error,14,1,1,0.875,14,1284,Reminder,1,4974
PAY_01717,1899,UPI,User Abandoned,6,1,0,0.75,2,601,Reminder,1,1899
PAY_01718,3163,UPI,Technical Error,8,0,0,0.889,10,61,Retry,1,3163
PAY_01719,6333,Wallet,Card Declined,7,1,2,0.778,3,20,UPI Link,0,0
PAY_01720,858,UPI,User Abandoned,7,3,1,0.636,1,199,Reminder,0,0
PAY_01721,8231,UPI,Card Declined,6,3,1,0.6,16,545,Retry,0,0
PAY_01722,2564,Wallet,Technical Error,10,0,1,0.909,13,690,Retry,1,2564
PAY_01723,5080,Net Banking,Technical Error,14,2,0,0.824,11,1363,Retry,1,5080
PAY_01724,1583,UPI,Technical Error,5,3,0,0.556,3,7,Retry,1,1583
PAY_01725,3925,Wallet,User Abandoned,4,4,0,0.444,0,1233,Reminder,1,3925
PAY_01726,1074,Net Banking,User Abandoned,9,1,0,0.818,11,926,UPI Link,1,1074
PAY_01727,1523,Wallet,Network Error,5,3,1,0.556,21,385,Retry,1,1523
PAY_01728,6234,Net Banking,Insufficient Funds,5,0,2,0.833,11,94,Retry,0,0
PAY_01729,2697,Net Banking,User Abandoned,10,1,1,0.833,7,1243,Reminder,1,2697
PAY_01730,16321,UPI,Technical Error,18,2,1,0.857,15,1349,UPI Link,0,0
PAY_01731,4579,UPI,User Abandoned,6,2,1,0.667,9,1244,Reminder,1,4579
PAY_01732,9163,Card,Network Error,8,3,1,0.667,22,1034,Retry,1,9163
PAY_01733,4667,Wallet,Insufficient Funds,3,0,0,0.75,21,1124,Retry,1,4667
PAY_01734,8176,Wallet,Bank Timeout,10,3,1,0.714,3,988,Retry,1,8176
PAY_01735,4614,Card,Bank Timeout,6,2,0,0.667,5,1352,Retry,1,4614
PAY_01736,3642,UPI,Card Declined,3,2,2,0.5,0,329,Retry,1,3642
PAY_01737,14605,Net Banking,Card Declined,7,0,0,0.875,7,1473,UPI Link,1,14605
PAY_01738,6368,Wallet,User Abandoned,8,1,0,0.8,21,279,UPI Link,1,6368
PAY_01739,4211,Wallet,Insufficient Funds,9,2,2,0.75,10,459,Retry,0,0
PAY_01740,2324,UPI,User Abandoned,9,0,0,0.9,12,1470,UPI Link,1,2324
PAY_01741,3900,Wallet,User Abandoned,7,2,2,0.7,17,895,UPI Link,0,0
PAY_01742,1153,Card,Technical Error,11,1,0,0.846,9,180,Retry,1,1153
PAY_01743,3840,Net Banking,User Abandoned,13,2,1,0.812,6,238,UPI Link,1,3840
PAY_01744,1843,Card,Technical Error,9,1,1,0.818,18,4,Retry,1,1843
PAY_01745,22339,Card,Card Declined,7,1,1,0.778,10,748,Reminder,1,22339
PAY_01746,4143,Card,Network Error,9,2,2,0.75,19,1210,Reminder,0,0
PAY_01747,7644,Wallet,Insufficient Funds,5,0,1,0.833,14,648,Reminder,1,7644
PAY_01748,5472,Net Banking,Bank Timeout,9,1,1,0.818,21,934,Retry,1,5472
PAY_01749,14646,Net Banking,Bank Timeout,8,3,2,0.667,21,1440,Reminder,0,0
PAY_01750,2305,Net Banking,Technical Error,16,1,1,0.889,22,253,Retry,1,2305
PAY_01751,4316,Wallet,User Abandoned,7,2,0,0.7,15,597,UPI Link,0,0
PAY_01752,7193,Wallet,Insufficient Funds,5,2,0,0.625,4,1468,Reminder,1,7193
PAY_01753,3709,Card,User Abandoned,9,1,2,0.818,1,367,UPI Link,0,0
PAY_01754,9200,Wallet,Technical Error,6,1,2,0.75,5,45,UPI Link,0,0
PAY_01755,20843,Net Banking,Card Declined,14,2,2,0.824,15,714,Reminder,1,20843
PAY_01756,30139,Wallet,Insufficient Funds,10,3,1,0.714,23,580,Reminder,0,0
PAY_01757,1639,Card,User Abandoned,7,3,1,0.636,12,200,Reminder,1,1639
PAY_01758,11628,UPI,User Abandoned,5,3,0,0.556,14,1341,Reminder,1,11628
PAY_01759,1979,Card,Card Declined,13,2,2,0.812,15,597,Reminder,1,1979
PAY_01760,4180,Card,Bank Timeout,10,0,2,0.909,6,1334,Reminder,1,4180
PAY_01761,6736,UPI,User Abandoned,10,2,0,0.769,12,875,UPI Link,1,6736
PAY_01762,480,Card,Insufficient Funds,5,2,0,0.625,11,971,Reminder,1,480
PAY_01763,2373,UPI,Insufficient Funds,9,2,1,0.75,20,694,UPI Link,1,2373
PAY_01764,24092,Card,User Abandoned,6,2,2,0.667,12,502,Reminder,0,0
PAY_01765,908,Card,Card Declined,10,2,1,0.769,9,1409,UPI Link,1,908
PAY_01766,28753,Card,User Abandoned,4,2,2,0.571,12,1417,Retry,0,0
PAY_01767,3150,UPI,Card Declined,10,3,2,0.714,12,564,UPI Link,1,3150
PAY_01768,1919,Wallet,Technical Error,9,0,0,0.9,3,239,Retry,1,1919
PAY_01769,1295,Wallet,User Abandoned,14,4,2,0.737,16,461,Reminder,1,1295
PAY_01770,1896,Wallet,Technical Error,10,3,2,0.714,23,194,UPI Link,0,0
PAY_01771,5900,Card,Card Declined,9,1,1,0.818,20,1440,UPI Link,1,5900
PAY_01772,3187,Card,Insufficient Funds,11,1,0,0.846,2,1462,Retry,1,3187
PAY_01773,3027,Card,Card Declined,6,1,2,0.75,0,807,UPI Link,1,3027
PAY_01774,2283,Wallet,Insufficient Funds,9,4,1,0.643,18,1104,UPI Link,1,2283
PAY_01775,6514,UPI,Bank Timeout,9,3,2,0.692,3,371,Retry,0,0
PAY_01776,7332,Card,Insufficient Funds,3,1,1,0.6,14,644,Reminder,1,7332
PAY_01777,1409,Card,Network Error,9,2,0,0.75,20,331,Retry,0,0
PAY_01778,6461,Net Banking,Insufficient Funds,8,0,0,0.889,3,1037,Reminder,0,0
PAY_01779,627,Card,Card Declined,10,2,2,0.769,0,509,UPI Link,1,627
PAY_01780,1718,Net Banking,User Abandoned,7,4,1,0.583,14,287,UPI Link,0,0
PAY_01781,9130,Net Banking,Network Error,8,2,0,0.727,19,1103,Retry,0,0
PAY_01782,11366,UPI,User Abandoned,8,2,0,0.727,7,76,Reminder,1,11366
PAY_01783,6321,Net Banking,Bank Timeout,4,1,0,0.667,19,1131,Retry,1,6321
PAY_01784,13419,Net Banking,Technical Error,8,0,0,0.889,23,1275,Retry,1,13419
PAY_01785,3689,Net Banking,Technical Error,7,0,1,0.875,20,335,Retry,1,3689
PAY_01786,3779,UPI,Technical Error,11,2,2,0.786,13,1423,Reminder,1,3779
PAY_01787,16482,Card,Insufficient Funds,10,2,2,0.769,23,552,Retry,0,0
PAY_01788,2734,Card,User Abandoned,5,1,0,0.714,18,1347,UPI Link,0,0
PAY_01789,8067,Card,Card Declined,12,1,0,0.857,10,889,UPI Link,1,8067
PAY_01790,3506,Card,Insufficient Funds,9,4,0,0.643,3,1089,Reminder,1,3506
PAY_01791,797,Wallet,Insufficient Funds,6,4,0,0.545,20,183,Reminder,1,797
PAY_01792,2520,Net Banking,Technical Error,9,2,0,0.75,7,561,Retry,1,2520
PAY_01793,1175,Wallet,Bank Timeout,5,1,1,0.714,3,253,Retry,0,0
PAY_01794,1055,Net Banking,Network Error,5,1,1,0.714,3,1084,Retry,1,1055
PAY_01795,3435,Net Banking,Network Error,9,1,0,0.818,19,203,UPI Link,1,3435
PAY_01796,12817,Card,Technical Error,10,0,1,0.909,5,707,UPI Link,0,0
PAY_01797,1310,Wallet,Card Declined,9,1,1,0.818,4,531,UPI Link,1,1310
PAY_01798,13077,Card,User Abandoned,8,1,0,0.8,4,776,UPI Link,0,0
PAY_01799,2502,Net Banking,Insufficient Funds,10,4,2,0.667,20,759,UPI Link,0,0
PAY_01800,1249,Card,User Abandoned,12,2,1,0.8,13,1448,Reminder,1,1249
PAY_01801,6264,Wallet,Technical Error,8,0,1,0.889,16,588,Retry,1,6264
PAY_01802,23975,Wallet,Network Error,10,2,2,0.769,7,626,UPI Link,0,0
PAY_01803,14153,UPI,Technical Error,7,1,1,0.778,10,185,Retry,1,14153
PAY_01804,4366,UPI,User Abandoned,10,3,0,0.714,2,339,UPI Link,1,4366
PAY_01805,7792,UPI,User Abandoned,5,2,0,0.625,17,1010,UPI Link,1,7792
PAY_01806,10741,UPI,Card Declined,5,1,2,0.714,16,1497,UPI Link,1,10741
PAY_01807,1545,Wallet,Network Error,11,4,2,0.688,21,1091,UPI Link,1,1545
PAY_01808,4785,Wallet,Insufficient Funds,8,3,1,0.667,6,15,UPI Link,0,0
PAY_01809,1111,Net Banking,Bank Timeout,12,1,2,0.857,21,1082,UPI Link,1,1111
PAY_01810,4012,UPI,Network Error,10,3,1,0.714,5,1382,Reminder,0,0
PAY_01811,1444,Card,Bank Timeout,13,1,0,0.867,11,274,Retry,1,1444
PAY_01812,1344,UPI,Card Declined,9,1,1,0.818,12,350,UPI Link,1,1344
PAY_01813,12163,UPI,Technical Error,2,0,2,0.667,7,1105,Retry,1,12163
PAY_01814,2359,UPI,Technical Error,9,1,0,0.818,15,602,Retry,1,2359
PAY_01815,2631,UPI,User Abandoned,9,1,2,0.818,18,807,Reminder,1,2631
PAY_01816,785,Net Banking,User Abandoned,8,0,1,0.889,1,949,UPI Link,1,785
PAY_01817,1111,Wallet,Insufficient Funds,6,6,0,0.462,0,1261,UPI Link,0,0
PAY_01818,4547,Net Banking,Technical Error,8,3,0,0.667,0,717,UPI Link,1,4547
PAY_01819,4659,Card,Card Declined,5,4,0,0.5,0,208,UPI Link,1,4659
PAY_01820,5793,Card,Insufficient Funds,8,0,1,0.889,16,315,Reminder,1,5793
PAY_01821,14136,Wallet,Insufficient Funds,6,1,0,0.75,21,513,Reminder,1,14136
PAY_01822,6995,Wallet,Technical Error,6,0,0,0.857,11,878,UPI Link,1,6995
PAY_01823,2039,Net Banking,Insufficient Funds,8,1,1,0.8,21,900,Reminder,0,0
PAY_01824,9480,Net Banking,User Abandoned,5,3,1,0.556,0,736,UPI Link,1,9480
PAY_01825,2333,Card,Insufficient Funds,9,2,0,0.75,9,83,Reminder,1,2333
PAY_01826,2274,Wallet,User Abandoned,7,4,0,0.583,1,329,UPI Link,1,2274
PAY_01827,1526,Wallet,User Abandoned,13,1,0,0.867,3,863,Reminder,1,1526
PAY_01828,8144,Wallet,User Abandoned,10,2,2,0.769,4,666,UPI Link,1,8144
PAY_01829,19375,Wallet,Network Error,9,6,2,0.562,23,797,Reminder,0,0
PAY_01830,3462,UPI,Insufficient Funds,5,0,0,0.833,4,705,UPI Link,1,3462
PAY_01831,5835,Card,Insufficient Funds,2,3,2,0.333,10,880,Retry,0,0
PAY_01832,8033,UPI,Card Declined,10,1,1,0.833,9,578,UPI Link,1,8033
PAY_01833,1692,Wallet,Bank Timeout,11,2,1,0.786,4,1494,Retry,0,0
PAY_01834,2592,Card,Technical Error,10,1,0,0.833,8,1436,Retry,1,2592
PAY_01835,7712,Wallet,Bank Timeout,10,2,1,0.769,22,212,UPI Link,0,0
PAY_01836,1154,Card,Bank Timeout,7,0,1,0.875,20,1300,Retry,1,1154
PAY_01837,4796,UPI,Bank Timeout,9,2,1,0.75,1,561,Reminder,0,0
PAY_01838,4649,Card,Card Declined,6,1,0,0.75,19,409,UPI Link,1,4649
PAY_01839,15141,UPI,Card Declined,8,1,1,0.8,16,628,Reminder,1,15141
PAY_01840,3566,Card,Bank Timeout,9,1,0,0.818,13,982,Retry,1,3566
PAY_01841,14474,Wallet,User Abandoned,10,5,0,0.625,9,226,Reminder,1,14474
PAY_01842,2220,Net Banking,Technical Error,4,3,2,0.5,13,506,Reminder,1,2220
PAY_01843,6311,UPI,Bank Timeout,7,1,0,0.778,0,107,Retry,0,0
PAY_01844,989,Net Banking,Bank Timeout,12,0,0,0.923,15,574,Reminder,0,0
PAY_01845,1046,UPI,Card Declined,6,2,0,0.667,8,1007,UPI Link,0,0
PAY_01846,2695,Net Banking,Insufficient Funds,7,4,0,0.583,21,28,UPI Link,0,0
PAY_01847,3478,Card,Technical Error,10,2,0,0.769,23,741,UPI Link,0,0
PAY_01848,7329,Net Banking,Bank Timeout,11,1,2,0.846,8,431,UPI Link,1,7329
PAY_01849,2912,UPI,Insufficient Funds,9,2,0,0.75,20,1233,Reminder,1,2912
PAY_01850,3701,Card,Bank Timeout,9,0,2,0.9,14,203,Reminder,1,3701
PAY_01851,9704,Net Banking,Technical Error,11,0,2,0.917,15,414,UPI Link,0,0
PAY_01852,1661,Card,Insufficient Funds,6,5,0,0.5,6,857,UPI Link,0,0
PAY_01853,4414,Net Banking,Network Error,9,0,0,0.9,11,919,Retry,1,4414
PAY_01854,4898,UPI,Card Declined,9,1,0,0.818,15,859,UPI Link,1,4898
PAY_01855,2860,UPI,Bank Timeout,10,0,1,0.909,8,1427,Reminder,1,2860
PAY_01856,6392,Net Banking,Insufficient Funds,7,2,1,0.7,1,1421,Reminder,1,6392
PAY_01857,4603,Wallet,Card Declined,2,1,2,0.5,17,1052,Retry,0,0
PAY_01858,2811,Card,Card Declined,7,3,1,0.636,12,1152,Reminder,1,2811
PAY_01859,4911,Wallet,Network Error,11,2,0,0.786,6,377,Retry,1,4911
PAY_01860,4956,Card,Network Error,6,0,2,0.857,0,1051,UPI Link,0,0
PAY_01861,3645,Net Banking,Technical Error,5,4,0,0.5,9,1451,Retry,1,3645
PAY_01862,3150,UPI,Bank Timeout,5,0,0,0.833,1,1093,Retry,1,3150
PAY_01863,826,UPI,User Abandoned,4,1,0,0.667,8,273,Reminder,1,826
PAY_01864,2500,UPI,User Abandoned,10,3,0,0.714,6,1095,Reminder,0,0
PAY_01865,275,Net Banking,User Abandoned,14,3,1,0.778,11,665,Reminder,1,275
PAY_01866,9409,Net Banking,User Abandoned,8,4,0,0.615,13,1253,Reminder,1,9409
PAY_01867,1890,UPI,User Abandoned,9,3,0,0.692,11,450,UPI Link,1,1890
PAY_01868,2764,Net Banking,Bank Timeout,5,1,0,0.714,0,1101,Retry,1,2764
PAY_01869,8490,UPI,User Abandoned,5,2,2,0.625,22,783,UPI Link,0,0
PAY_01870,11539,Net Banking,User Abandoned,9,1,2,0.818,19,1129,Reminder,0,0
PAY_01871,3604,Wallet,Bank Timeout,6,1,0,0.75,8,418,Retry,1,3604
PAY_01872,3203,Wallet,Bank Timeout,9,3,1,0.692,7,1495,UPI Link,1,3203
PAY_01873,2365,Net Banking,Bank Timeout,9,2,1,0.75,2,1016,Retry,1,2365
PAY_01874,2905,Card,Bank Timeout,10,4,0,0.667,18,1005,Reminder,1,2905
PAY_01875,6024,Card,User Abandoned,6,3,0,0.6,0,636,Reminder,1,6024
PAY_01876,1043,Card,Card Declined,5,1,2,0.714,19,385,UPI Link,1,1043
PAY_01877,7808,UPI,Card Declined,15,1,0,0.882,14,1322,Retry,1,7808
PAY_01878,718,UPI,User Abandoned,6,1,1,0.75,4,1489,UPI Link,1,718
PAY_01879,8881,UPI,Network Error,8,1,0,0.8,12,787,Retry,1,8881
PAY_01880,7872,UPI,User Abandoned,1,2,0,0.25,4,509,UPI Link,1,7872
PAY_01881,3525,Net Banking,Bank Timeout,8,3,2,0.667,19,28,UPI Link,0,0
PAY_01882,12099,UPI,Insufficient Funds,9,1,1,0.818,23,694,Retry,0,0
PAY_01883,2873,UPI,Bank Timeout,10,0,0,0.909,15,1153,UPI Link,0,0
PAY_01884,3721,Card,Technical Error,6,2,0,0.667,15,317,Retry,1,3721
PAY_01885,31946,Net Banking,User Abandoned,10,2,1,0.769,3,44,UPI Link,0,0
PAY_01886,2668,UPI,Network Error,7,1,0,0.778,3,1048,UPI Link,0,0
PAY_01887,1504,Wallet,Bank Timeout,9,1,0,0.818,7,50,Retry,1,1504
PAY_01888,1878,Wallet,Bank Timeout,6,2,0,0.667,20,588,Retry,1,1878
PAY_01889,2917,Wallet,User Abandoned,9,4,2,0.643,3,1008,Reminder,0,0
PAY_01890,30954,UPI,Bank Timeout,4,5,0,0.4,9,732,Retry,1,30954
PAY_01891,661,Net Banking,Insufficient Funds,8,8,0,0.471,2,89,UPI Link,0,0
PAY_01892,2139,Card,Card Declined,12,3,1,0.75,10,1229,UPI Link,1,2139
PAY_01893,4235,Wallet,Bank Timeout,11,2,2,0.786,21,618,UPI Link,1,4235
PAY_01894,5328,Net Banking,Technical Error,10,5,0,0.625,8,1023,Retry,1,5328
PAY_01895,953,Net Banking,User Abandoned,9,1,0,0.818,0,305,UPI Link,1,953
PAY_01896,3544,Card,Technical Error,11,2,0,0.786,12,915,UPI Link,1,3544
PAY_01897,3593,Wallet,Insufficient Funds,5,0,0,0.833,18,876,Retry,1,3593
PAY_01898,19135,Net Banking,Bank Timeout,11,0,0,0.917,10,262,Retry,1,19135
PAY_01899,2173,Wallet,Technical Error,5,1,0,0.714,15,869,Retry,0,0
PAY_01900,2877,Wallet,Network Error,3,1,2,0.6,10,284,UPI Link,0,0
PAY_01901,4507,Card,Card Declined,6,1,1,0.75,17,1019,UPI Link,0,0
PAY_01902,1436,Wallet,Network Error,5,3,1,0.556,7,788,Retry,1,1436
PAY_01903,1856,Wallet,Network Error,4,1,1,0.667,22,450,UPI Link,1,1856
PAY_01904,8975,Card,Technical Error,7,1,0,0.778,6,36,Retry,1,8975
PAY_01905,11052,Wallet,Bank Timeout,11,7,0,0.579,1,716,Retry,1,11052
PAY_01906,4237,Card,Technical Error,4,2,1,0.571,4,1130,Reminder,1,4237
PAY_01907,2601,Wallet,Bank Timeout,10,1,0,0.833,7,115,UPI Link,1,2601
PAY_01908,7099,UPI,User Abandoned,10,2,2,0.769,4,774,UPI Link,0,0
PAY_01909,1807,Wallet,Technical Error,4,1,0,0.667,22,218,Retry,1,1807
PAY_01910,5554,UPI,Card Declined,10,0,1,0.909,5,62,UPI Link,1,5554
PAY_01911,2968,Card,Insufficient Funds,10,1,0,0.833,2,26,UPI Link,0,0
PAY_01912,1875,Wallet,Bank Timeout,7,3,0,0.636,15,287,UPI Link,0,0
PAY_01913,3879,Net Banking,Card Declined,4,3,1,0.5,23,691,UPI Link,0,0
PAY_01914,7280,UPI,Technical Error,8,3,0,0.667,4,123,UPI Link,1,7280
PAY_01915,1547,UPI,Network Error,12,2,0,0.8,16,329,Retry,1,1547
PAY_01916,4903,Wallet,User Abandoned,8,2,1,0.727,17,1457,UPI Link,1,4903
PAY_01917,8125,Net Banking,User Abandoned,9,2,0,0.75,13,322,Reminder,0,0
PAY_01918,11065,UPI,Network Error,6,4,1,0.545,4,434,Retry,0,0
PAY_01919,1733,UPI,Bank Timeout,10,2,1,0.769,5,1146,Retry,1,1733
PAY_01920,1592,UPI,User Abandoned,7,1,1,0.778,15,642,UPI Link,1,1592
PAY_01921,8022,Wallet,Card Declined,8,4,0,0.615,1,761,UPI Link,0,0
PAY_01922,2868,Card,Technical Error,7,1,0,0.778,3,160,Retry,1,2868
PAY_01923,17006,Net Banking,Insufficient Funds,5,3,0,0.556,9,334,UPI Link,1,17006
PAY_01924,5429,UPI,Bank Timeout,10,1,1,0.833,0,634,Retry,1,5429
PAY_01925,4804,Card,User Abandoned,8,4,0,0.615,7,552,Reminder,0,0
PAY_01926,596,UPI,Network Error,7,3,1,0.636,1,99,Retry,1,596
PAY_01927,1316,Net Banking,Insufficient Funds,9,2,0,0.75,9,816,UPI Link,1,1316
PAY_01928,8229,Net Banking,Card Declined,5,1,2,0.714,11,266,Reminder,1,8229
PAY_01929,3150,UPI,Technical Error,9,0,1,0.9,23,1032,Retry,1,3150
PAY_01930,5173,Card,Insufficient Funds,5,2,1,0.625,12,977,UPI Link,1,5173
PAY_01931,1209,UPI,Technical Error,8,1,0,0.8,4,1398,Retry,1,1209
PAY_01932,2229,UPI,User Abandoned,9,1,0,0.818,6,1396,UPI Link,1,2229
PAY_01933,2996,Card,Network Error,7,1,1,0.778,23,1247,Retry,1,2996
PAY_01934,6478,Net Banking,Card Declined,9,1,0,0.818,10,596,UPI Link,1,6478
PAY_01935,3747,Wallet,Insufficient Funds,6,0,2,0.857,21,794,Reminder,1,3747
PAY_01936,2812,UPI,Bank Timeout,7,0,1,0.875,20,1019,Retry,1,2812
PAY_01937,1996,UPI,Bank Timeout,10,1,0,0.833,17,179,Retry,1,1996
PAY_01938,1670,Wallet,Technical Error,8,0,0,0.889,9,331,Retry,1,1670
PAY_01939,26259,Net Banking,Technical Error,7,0,0,0.875,2,367,UPI Link,1,26259
PAY_01940,3102,Wallet,Technical Error,8,4,1,0.615,8,906,Retry,0,0
PAY_01941,3794,Card,Insufficient Funds,12,2,1,0.8,15,82,Reminder,1,3794
PAY_01942,1932,Net Banking,Card Declined,4,4,1,0.444,19,1394,UPI Link,0,0
PAY_01943,2864,Net Banking,Network Error,10,1,1,0.833,10,766,Retry,1,2864
PAY_01944,3180,Wallet,Network Error,7,4,1,0.583,8,1398,Retry,1,3180
PAY_01945,8776,UPI,User Abandoned,14,0,0,0.933,22,1149,Reminder,1,8776
PAY_01946,8701,UPI,Technical Error,11,1,1,0.846,5,1168,Retry,1,8701
PAY_01947,1502,UPI,Bank Timeout,6,1,1,0.75,14,1371,Retry,1,1502
PAY_01948,1361,Wallet,Card Declined,9,0,2,0.9,17,953,UPI Link,1,1361
PAY_01949,4466,Card,User Abandoned,12,2,0,0.8,12,888,Reminder,1,4466
PAY_01950,3592,Net Banking,Insufficient Funds,10,2,0,0.769,10,1238,UPI Link,0,0
PAY_01951,1702,Wallet,Insufficient Funds,5,2,0,0.625,14,79,UPI Link,1,1702
PAY_01952,14308,Wallet,Bank Timeout,8,0,2,0.889,6,656,UPI Link,0,0
PAY_01953,4738,Wallet,Insufficient Funds,14,2,0,0.824,13,970,Reminder,1,4738
PAY_01954,1131,Card,Insufficient Funds,11,0,2,0.917,13,553,Reminder,1,1131
PAY_01955,1619,Card,Insufficient Funds,10,3,0,0.714,2,561,Reminder,0,0
PAY_01956,7763,Net Banking,User Abandoned,13,1,1,0.867,13,1075,Reminder,1,7763
PAY_01957,14560,Net Banking,Bank Timeout,8,1,0,0.8,2,878,Retry,1,14560
PAY_01958,1069,Net Banking,Bank Timeout,9,2,0,0.75,11,859,Retry,1,1069
PAY_01959,6150,Card,User Abandoned,5,5,1,0.455,11,1420,UPI Link,1,6150
PAY_01960,2165,UPI,Network Error,8,3,1,0.667,6,160,UPI Link,1,2165
PAY_01961,4018,Card,Technical Error,7,0,2,0.875,23,649,Reminder,0,0
PAY_01962,1188,Wallet,Bank Timeout,6,3,1,0.6,10,233,UPI Link,0,0
PAY_01963,9698,Wallet,Technical Error,6,1,1,0.75,23,8,Reminder,0,0
PAY_01964,10756,Card,User Abandoned,8,0,1,0.889,20,1185,Reminder,1,10756
PAY_01965,664,Card,User Abandoned,5,2,0,0.625,13,1427,Reminder,1,664
PAY_01966,734,Card,Network Error,6,2,1,0.667,6,713,Retry,1,734
PAY_01967,2792,Card,User Abandoned,8,2,1,0.727,0,759,UPI Link,1,2792
PAY_01968,4335,UPI,Technical Error,5,3,0,0.556,16,256,Retry,1,4335
PAY_01969,3343,Wallet,Card Declined,10,3,1,0.714,11,722,Reminder,1,3343
PAY_01970,1529,Wallet,Network Error,5,0,0,0.833,3,361,Retry,1,1529
PAY_01971,3830,Net Banking,Bank Timeout,5,2,1,0.625,19,334,Retry,1,3830
PAY_01972,917,Wallet,Technical Error,7,1,2,0.778,22,1394,Reminder,0,0
PAY_01973,8199,Net Banking,User Abandoned,8,2,1,0.727,3,180,UPI Link,1,8199
PAY_01974,2574,UPI,Insufficient Funds,6,0,2,0.857,0,1263,Retry,0,0
PAY_01975,6153,UPI,Card Declined,8,1,2,0.8,19,1116,UPI Link,0,0
PAY_01976,1805,Wallet,Network Error,7,2,1,0.7,1,1368,Retry,0,0
PAY_01977,7949,Wallet,Bank Timeout,7,3,0,0.636,14,1130,Retry,1,7949
PAY_01978,777,Card,Card Declined,6,2,0,0.667,11,951,UPI Link,0,0
PAY_01979,17984,Wallet,Insufficient Funds,10,1,0,0.833,7,1040,Reminder,0,0
PAY_01980,1799,Net Banking,Technical Error,8,0,1,0.889,21,495,Retry,1,1799
PAY_01981,7081,Wallet,Insufficient Funds,5,3,0,0.556,0,315,UPI Link,0,0
PAY_01982,3076,Net Banking,Technical Error,8,0,0,0.889,18,881,Retry,1,3076
PAY_01983,200,Wallet,Bank Timeout,5,1,1,0.714,20,806,UPI Link,0,0
PAY_01984,9913,Wallet,Bank Timeout,12,1,2,0.857,12,1492,Reminder,0,0
PAY_01985,2212,Net Banking,Network Error,5,2,0,0.625,13,474,Retry,1,2212
PAY_01986,2791,Card,Network Error,6,3,0,0.6,20,1182,UPI Link,1,2791
PAY_01987,2306,Net Banking,Network Error,11,1,0,0.846,10,418,Retry,0,0
PAY_01988,1739,UPI,Card Declined,14,2,0,0.824,20,1216,UPI Link,1,1739
PAY_01989,2940,UPI,Network Error,5,1,1,0.714,0,268,Reminder,1,2940
PAY_01990,1005,Net Banking,Bank Timeout,11,3,0,0.733,20,455,Retry,1,1005
PAY_01991,8567,Card,User Abandoned,8,2,1,0.727,8,1351,Reminder,1,8567
PAY_01992,1759,UPI,Bank Timeout,6,0,2,0.857,0,1308,Retry,1,1759
PAY_01993,3432,UPI,Insufficient Funds,7,4,1,0.583,19,252,Reminder,1,3432
PAY_01994,12782,Net Banking,Technical Error,8,0,0,0.889,2,159,Retry,1,12782
PAY_01995,17651,Net Banking,Bank Timeout,7,6,1,0.5,3,1006,UPI Link,1,17651
PAY_01996,5880,Wallet,Insufficient Funds,6,2,1,0.667,20,157,Reminder,0,0
PAY_01997,17404,Wallet,Card Declined,8,2,0,0.727,20,924,Reminder,1,17404
PAY_01998,1057,Card,Technical Error,13,0,0,0.929,5,1351,Retry,1,1057
PAY_01999,4493,UPI,Insufficient Funds,8,0,0,0.889,11,992,Retry,1,4493
PAY_02000,4708,UPI,Bank Timeout,7,4,1,0.583,23,522,Reminder,0,0
PAY_02001,4447,Card,Network Error,7,4,0,0.583,17,48,Retry,1,4447
PAY_02002,1735,Card,Bank Timeout,12,3,0,0.75,3,445,Retry,1,1735
PAY_02003,7804,Card,Bank Timeout,9,2,0,0.75,23,1417,Reminder,0,0
PAY_02004,4521,Net Banking,Technical Error,6,3,1,0.6,6,189,Retry,1,4521
PAY_02005,2726,Net Banking,Card Declined,5,0,2,0.833,15,894,UPI Link,1,2726
PAY_02006,12579,Wallet,Bank Timeout,6,1,0,0.75,5,406,Retry,1,12579
PAY_02007,5397,Net Banking,Card Declined,9,0,0,0.9,18,1204,UPI Link,1,5397
PAY_02008,5896,Card,User Abandoned,10,1,1,0.833,13,914,Reminder,1,5896
PAY_02009,8548,Net Banking,Technical Error,8,2,1,0.727,3,1244,Retry,1,8548
PAY_02010,1159,Card,Network Error,9,3,0,0.692,11,1296,UPI Link,1,1159
PAY_02011,2091,Wallet,Bank Timeout,5,0,0,0.833,16,519,Retry,1,2091
PAY_02012,1660,Net Banking,Network Error,15,4,2,0.75,16,722,Reminder,1,1660
PAY_02013,377,UPI,Bank Timeout,11,4,0,0.688,13,381,Retry,1,377
PAY_02014,1341,UPI,Bank Timeout,9,2,2,0.75,11,762,Reminder,1,1341
PAY_02015,24915,Net Banking,Insufficient Funds,4,2,0,0.571,10,1410,Reminder,0,0
PAY_02016,3653,Net Banking,Bank Timeout,10,3,1,0.714,18,659,UPI Link,1,3653
PAY_02017,2314,UPI,Card Declined,13,3,0,0.765,19,435,UPI Link,1,2314
PAY_02018,2819,UPI,Network Error,8,3,0,0.667,22,1245,Reminder,0,0
PAY_02019,741,UPI,Network Error,3,2,2,0.5,13,1398,UPI Link,0,0
PAY_02020,4910,Net Banking,Technical Error,9,1,0,0.818,6,102,UPI Link,1,4910
PAY_02021,4036,Wallet,Insufficient Funds,10,2,0,0.769,13,245,Reminder,0,0
PAY_02022,2020,Card,Network Error,6,3,0,0.6,18,785,Retry,1,2020
PAY_02023,2026,UPI,Technical Error,9,0,0,0.9,20,1180,Reminder,0,0
PAY_02024,2693,Wallet,Technical Error,13,0,0,0.929,12,76,UPI Link,1,2693
PAY_02025,15886,UPI,Technical Error,4,4,2,0.444,0,143,UPI Link,1,15886
PAY_02026,13720,Wallet,User Abandoned,8,2,0,0.727,8,650,UPI Link,1,13720
PAY_02027,3890,Wallet,Insufficient Funds,7,2,1,0.7,10,1012,UPI Link,0,0
PAY_02028,1027,Wallet,Technical Error,8,3,2,0.667,14,1011,UPI Link,0,0
PAY_02029,3033,UPI,Technical Error,11,1,1,0.846,3,60,Retry,1,3033
PAY_02030,934,UPI,Bank Timeout,7,1,0,0.778,10,1409,UPI Link,1,934
PAY_02031,2937,Card,Bank Timeout,9,2,0,0.75,6,1483,Reminder,0,0
PAY_02032,12049,Net Banking,Network Error,9,2,0,0.75,22,108,Retry,1,12049
PAY_02033,10246,UPI,Insufficient Funds,9,5,0,0.6,9,154,Reminder,0,0
PAY_02034,3137,Wallet,Technical Error,5,1,2,0.714,5,283,UPI Link,0,0
PAY_02035,2103,UPI,Bank Timeout,7,1,0,0.778,4,1197,UPI Link,1,2103
PAY_02036,2523,Wallet,User Abandoned,18,3,1,0.818,21,251,Reminder,1,2523
PAY_02037,3491,Card,Network Error,10,3,1,0.714,21,1004,Reminder,0,0
PAY_02038,2453,Net Banking,User Abandoned,6,1,1,0.75,7,189,Reminder,0,0
PAY_02039,1291,Net Banking,User Abandoned,5,2,0,0.625,11,1144,UPI Link,0,0
PAY_02040,3843,Card,User Abandoned,8,1,2,0.8,23,422,UPI Link,0,0
PAY_02041,8794,UPI,Card Declined,1,5,0,0.143,6,27,UPI Link,1,8794
PAY_02042,1272,Wallet,Card Declined,5,0,0,0.833,15,215,UPI Link,1,1272
PAY_02043,5647,Net Banking,Technical Error,7,1,2,0.778,14,1343,Reminder,0,0
PAY_02044,525,UPI,Bank Timeout,6,3,0,0.6,11,790,Reminder,0,0
PAY_02045,6935,Card,Card Declined,4,2,0,0.571,2,570,UPI Link,0,0
PAY_02046,2830,Net Banking,Network Error,3,0,2,0.75,3,302,UPI Link,0,0
PAY_02047,3303,UPI,User Abandoned,5,2,0,0.625,7,34,UPI Link,0,0
PAY_02048,630,Card,Technical Error,5,3,0,0.556,15,1356,Retry,1,630
PAY_02049,4081,Net Banking,Technical Error,5,1,0,0.714,17,173,Retry,1,4081
PAY_02050,2019,Card,Bank Timeout,8,3,1,0.667,16,883,Retry,1,2019
PAY_02051,3262,UPI,Card Declined,5,3,0,0.556,11,201,UPI Link,1,3262
PAY_02052,2713,Wallet,User Abandoned,9,4,1,0.643,6,603,Reminder,1,2713
PAY_02053,4401,Card,Network Error,9,3,0,0.692,16,1245,Retry,1,4401
PAY_02054,1949,Wallet,Insufficient Funds,3,1,2,0.6,1,1324,Reminder,0,0
PAY_02055,2730,UPI,Bank Timeout,6,6,0,0.462,1,74,Retry,1,2730
PAY_02056,5290,Card,Insufficient Funds,8,1,1,0.8,3,565,Reminder,1,5290
PAY_02057,1789,Wallet,Card Declined,9,1,1,0.818,3,451,Reminder,0,0
PAY_02058,3572,Net Banking,Card Declined,4,3,0,0.5,5,417,UPI Link,1,3572
PAY_02059,9100,Net Banking,User Abandoned,3,2,1,0.5,9,7,Reminder,0,0
PAY_02060,3856,Wallet,User Abandoned,8,5,0,0.571,22,489,Reminder,1,3856
PAY_02061,18573,UPI,Bank Timeout,9,1,0,0.818,10,933,Retry,1,18573
PAY_02062,880,UPI,User Abandoned,5,1,1,0.714,13,685,Reminder,1,880
PAY_02063,11711,Net Banking,Insufficient Funds,8,0,0,0.889,21,20,UPI Link,0,0
PAY_02064,3428,Wallet,Network Error,10,1,0,0.833,15,507,Retry,1,3428
PAY_02065,3308,UPI,Insufficient Funds,9,4,1,0.643,21,596,UPI Link,0,0
PAY_02066,1222,Card,Bank Timeout,14,3,0,0.778,3,624,UPI Link,0,0
PAY_02067,558,Net Banking,Card Declined,7,2,1,0.7,23,719,Retry,1,558
PAY_02068,3307,Net Banking,User Abandoned,12,1,1,0.857,8,747,Reminder,1,3307
PAY_02069,2837,Net Banking,Technical Error,12,1,2,0.857,10,1061,UPI Link,1,2837
PAY_02070,1682,Wallet,Insufficient Funds,9,1,0,0.818,21,1064,UPI Link,1,1682
PAY_02071,1685,UPI,Bank Timeout,11,1,1,0.846,7,1351,Reminder,1,1685
PAY_02072,1935,Net Banking,Card Declined,8,2,0,0.727,7,1183,Reminder,0,0
PAY_02073,4537,Wallet,Technical Error,9,2,0,0.75,23,183,Retry,1,4537
PAY_02074,6930,Wallet,User Abandoned,7,1,0,0.778,8,1284,UPI Link,0,0
PAY_02075,1937,Wallet,Network Error,11,3,0,0.733,8,1391,Retry,1,1937
PAY_02076,12015,Net Banking,Card Declined,8,0,1,0.889,13,566,UPI Link,1,12015
PAY_02077,3573,UPI,Network Error,15,4,1,0.75,22,704,UPI Link,0,0
PAY_02078,7818,UPI,Card Declined,8,1,1,0.8,18,711,UPI Link,1,7818
PAY_02079,5854,UPI,Card Declined,4,1,2,0.667,4,956,UPI Link,0,0
PAY_02080,6087,Net Banking,Network Error,12,3,1,0.75,21,334,Retry,0,0
PAY_02081,12440,Net Banking,Insufficient Funds,8,5,0,0.571,0,930,Reminder,1,12440
PAY_02082,5282,Net Banking,Network Error,8,2,0,0.727,1,1001,Retry,1,5282
PAY_02083,3088,Wallet,Technical Error,16,1,2,0.889,0,103,Reminder,0,0
PAY_02084,2557,Net Banking,Technical Error,8,1,1,0.8,21,1149,Retry,1,2557
PAY_02085,1049,UPI,User Abandoned,5,2,0,0.625,4,403,Reminder,1,1049
PAY_02086,1989,UPI,Technical Error,7,4,0,0.583,1,970,Reminder,1,1989
PAY_02087,2874,Card,User Abandoned,4,1,2,0.667,12,866,Reminder,1,2874
PAY_02088,2132,UPI,Technical Error,4,1,0,0.667,19,637,Retry,1,2132
PAY_02089,1824,Wallet,User Abandoned,5,1,0,0.714,18,286,UPI Link,1,1824
PAY_02090,1797,Card,Technical Error,9,2,0,0.75,13,1136,Retry,1,1797
PAY_02091,12718,Net Banking,Insufficient Funds,8,5,0,0.571,18,1287,UPI Link,0,0
PAY_02092,3142,Card,Card Declined,6,3,1,0.6,3,284,UPI Link,0,0
PAY_02093,4191,Net Banking,Network Error,11,3,2,0.733,22,733,UPI Link,0,0
PAY_02094,1369,Wallet,Card Declined,10,0,1,0.909,13,945,UPI Link,0,0
PAY_02095,1803,UPI,Card Declined,7,1,0,0.778,4,1260,Retry,1,1803
PAY_02096,3370,Card,Network Error,3,2,1,0.5,11,261,Retry,1,3370
PAY_02097,9976,Net Banking,Insufficient Funds,8,3,1,0.667,4,826,UPI Link,0,0
PAY_02098,2777,Wallet,Network Error,7,3,1,0.636,1,174,Retry,1,2777
PAY_02099,6908,UPI,Technical Error,13,1,1,0.867,3,596,Retry,1,6908
PAY_02100,1060,Net Banking,Insufficient Funds,11,1,0,0.846,23,1198,UPI Link,0,0
PAY_02101,3900,UPI,User Abandoned,2,1,0,0.5,16,296,UPI Link,1,3900
PAY_02102,3372,Wallet,Bank Timeout,11,2,0,0.786,21,1311,UPI Link,0,0
PAY_02103,4486,Net Banking,User Abandoned,4,1,0,0.667,23,14,UPI Link,0,0
PAY_02104,11948,Card,Insufficient Funds,8,1,0,0.8,0,314,UPI Link,0,0
PAY_02105,3747,UPI,Network Error,9,4,0,0.643,7,419,Retry,0,0
PAY_02106,3913,UPI,Network Error,4,2,1,0.571,12,114,Reminder,1,3913
PAY_02107,1104,Net Banking,Card Declined,4,1,1,0.667,5,482,Reminder,1,1104
PAY_02108,3294,Net Banking,Network Error,5,5,2,0.455,14,1348,UPI Link,1,3294
PAY_02109,5625,Wallet,Bank Timeout,12,1,2,0.857,0,379,Reminder,1,5625
PAY_02110,2814,Card,Bank Timeout,8,0,1,0.889,23,1433,Retry,1,2814
PAY_02111,5546,Wallet,Card Declined,12,1,0,0.857,9,1368,UPI Link,1,5546
PAY_02112,3765,Wallet,Technical Error,4,3,2,0.5,8,802,Reminder,1,3765
PAY_02113,7500,UPI,Card Declined,14,3,1,0.778,13,304,UPI Link,1,7500
PAY_02114,4535,Wallet,Insufficient Funds,3,1,1,0.6,12,23,UPI Link,0,0
PAY_02115,13454,UPI,User Abandoned,6,4,2,0.545,21,1270,Reminder,1,13454
PAY_02116,5072,Net Banking,Bank Timeout,3,7,1,0.273,23,939,Retry,1,5072
PAY_02117,2944,Card,Technical Error,9,2,1,0.75,16,432,Retry,1,2944
PAY_02118,26511,Wallet,Network Error,7,3,0,0.636,5,1344,Retry,0,0
PAY_02119,2769,Net Banking,Card Declined,6,3,2,0.6,4,571,Reminder,0,0
PAY_02120,3059,Net Banking,Card Declined,10,2,0,0.769,20,991,UPI Link,1,3059
PAY_02121,6379,Wallet,Network Error,5,2,2,0.625,5,1180,UPI Link,0,0
PAY_02122,1024,Net Banking,Bank Timeout,7,1,2,0.778,10,1206,Retry,1,1024
PAY_02123,2519,Net Banking,Network Error,10,1,1,0.833,12,139,Retry,1,2519
PAY_02124,826,Card,Bank Timeout,11,1,0,0.846,21,218,Retry,1,826
PAY_02125,2470,Wallet,Technical Error,11,2,0,0.786,23,485,Retry,1,2470
PAY_02126,1336,Card,User Abandoned,10,5,1,0.625,13,132,Reminder,0,0
PAY_02127,5582,Net Banking,Insufficient Funds,6,5,0,0.5,23,150,Reminder,1,5582
PAY_02128,997,Net Banking,Network Error,9,0,2,0.9,0,357,Reminder,0,0
PAY_02129,2855,Wallet,Card Declined,5,1,0,0.714,20,1176,UPI Link,0,0
PAY_02130,4642,Card,Technical Error,9,3,1,0.692,14,1391,Retry,1,4642
PAY_02131,2823,Card,User Abandoned,9,0,0,0.9,13,1083,UPI Link,1,2823
PAY_02132,2846,Card,Insufficient Funds,11,1,1,0.846,0,1289,Retry,1,2846
PAY_02133,5453,UPI,Bank Timeout,10,2,0,0.769,4,11,Retry,1,5453
PAY_02134,1949,Wallet,Network Error,6,2,1,0.667,2,698,Retry,0,0
PAY_02135,3283,Wallet,Bank Timeout,10,2,0,0.769,18,971,Retry,1,3283
PAY_02136,1696,Net Banking,Network Error,11,5,1,0.647,4,138,Retry,1,1696
PAY_02137,7475,Wallet,Insufficient Funds,6,2,1,0.667,2,261,UPI Link,0,0
PAY_02138,6618,Net Banking,Insufficient Funds,8,7,0,0.5,15,473,Reminder,0,0
PAY_02139,8851,Net Banking,Insufficient Funds,10,3,0,0.714,9,515,Reminder,1,8851
PAY_02140,5793,Net Banking,Insufficient Funds,12,0,0,0.923,9,154,UPI Link,1,5793
PAY_02141,1277,Card,Network Error,10,4,1,0.667,16,640,Retry,1,1277
PAY_02142,4467,UPI,Network Error,7,1,2,0.778,3,1194,UPI Link,1,4467
PAY_02143,3997,Net Banking,User Abandoned,7,1,0,0.778,1,693,Reminder,0,0
PAY_02144,1653,Card,Technical Error,7,1,0,0.778,4,419,Retry,1,1653
PAY_02145,6001,Net Banking,User Abandoned,11,0,0,0.917,7,1011,Reminder,1,6001
PAY_02146,970,UPI,Technical Error,8,4,0,0.615,13,1226,UPI Link,0,0
PAY_02147,18558,UPI,Network Error,8,3,1,0.667,4,555,UPI Link,1,18558
PAY_02148,20474,UPI,Insufficient Funds,5,1,1,0.714,16,462,UPI Link,1,20474
PAY_02149,3451,Wallet,Card Declined,10,1,0,0.833,7,44,Retry,1,3451
PAY_02150,17108,UPI,Bank Timeout,6,4,1,0.545,19,777,Retry,0,0
PAY_02151,3040,UPI,Network Error,7,1,1,0.778,1,793,UPI Link,0,0
PAY_02152,6103,Card,Card Declined,5,2,2,0.625,13,1126,UPI Link,0,0
PAY_02153,5754,Wallet,Insufficient Funds,8,2,1,0.727,11,721,Reminder,1,5754
PAY_02154,2708,Wallet,Insufficient Funds,8,1,0,0.8,7,189,UPI Link,0,0
PAY_02155,5419,Card,Card Declined,9,6,2,0.562,17,1164,UPI Link,0,0
PAY_02156,1770,UPI,User Abandoned,8,3,0,0.667,1,157,Reminder,1,1770
PAY_02157,2571,Wallet,Bank Timeout,0,1,0,0.0,1,644,Retry,0,0
PAY_02158,356,Card,Technical Error,7,0,0,0.875,19,815,Retry,1,356
PAY_02159,6520,UPI,User Abandoned,8,1,0,0.8,2,513,UPI Link,0,0
PAY_02160,1329,Card,Card Declined,12,2,2,0.8,23,732,Reminder,0,0
PAY_02161,2498,Card,Card Declined,10,2,2,0.769,9,752,Reminder,0,0
PAY_02162,9631,Net Banking,User Abandoned,16,2,0,0.842,16,548,Reminder,0,0
PAY_02163,1434,UPI,Insufficient Funds,8,0,0,0.889,13,1445,Retry,1,1434
PAY_02164,1593,Wallet,Technical Error,11,0,0,0.917,6,281,UPI Link,1,1593
PAY_02165,2086,Card,Technical Error,6,4,2,0.545,17,432,Reminder,0,0
PAY_02166,6412,Card,Insufficient Funds,6,2,0,0.667,22,902,UPI Link,1,6412
PAY_02167,7013,Wallet,Insufficient Funds,8,3,0,0.667,15,70,Reminder,0,0
PAY_02168,6438,Wallet,Technical Error,3,1,0,0.6,1,572,UPI Link,1,6438
PAY_02169,5156,Wallet,Card Declined,8,3,0,0.667,12,788,UPI Link,1,5156
PAY_02170,2535,Card,Bank Timeout,11,1,1,0.846,5,1352,Retry,1,2535
PAY_02171,1050,UPI,User Abandoned,9,5,0,0.6,1,1110,UPI Link,0,0
PAY_02172,4305,UPI,Network Error,7,5,0,0.538,8,1211,Retry,1,4305
PAY_02173,1076,UPI,Technical Error,10,3,2,0.714,19,889,Retry,1,1076
PAY_02174,4171,UPI,Insufficient Funds,13,3,1,0.765,12,1478,Retry,1,4171
PAY_02175,10214,Net Banking,Network Error,9,3,1,0.692,13,1173,UPI Link,1,10214
PAY_02176,14657,Net Banking,Bank Timeout,8,1,1,0.8,14,488,Retry,1,14657
PAY_02177,2911,UPI,Technical Error,2,2,2,0.4,8,176,Retry,0,0
PAY_02178,723,Net Banking,Technical Error,8,3,1,0.667,12,80,Retry,1,723
PAY_02179,910,Net Banking,Technical Error,7,3,2,0.636,8,1338,UPI Link,0,0
PAY_02180,200,UPI,Insufficient Funds,9,4,0,0.643,18,1354,Reminder,1,200
PAY_02181,1126,Net Banking,Bank Timeout,5,2,1,0.625,14,36,Retry,1,1126
PAY_02182,2589,Wallet,Insufficient Funds,7,2,0,0.7,15,1307,UPI Link,0,0
PAY_02183,1373,Card,Card Declined,5,2,0,0.625,18,163,UPI Link,1,1373
PAY_02184,4571,Net Banking,Insufficient Funds,6,1,1,0.75,5,529,UPI Link,0,0
PAY_02185,9735,Net Banking,Technical Error,4,1,1,0.667,4,466,Retry,1,9735
PAY_02186,410,Card,Network Error,9,3,2,0.692,1,477,Reminder,0,0
PAY_02187,10456,UPI,Bank Timeout,12,0,2,0.923,16,902,UPI Link,1,10456
PAY_02188,1786,UPI,Network Error,7,1,2,0.778,7,125,Retry,1,1786
PAY_02189,3041,Net Banking,Technical Error,9,1,0,0.818,21,724,Retry,1,3041
PAY_02190,31792,UPI,Network Error,6,3,0,0.6,11,224,Retry,0,0
PAY_02191,1383,Wallet,Insufficient Funds,7,1,1,0.778,2,486,Reminder,1,1383
PAY_02192,1840,Net Banking,User Abandoned,13,2,1,0.812,2,1315,Reminder,0,0
PAY_02193,2605,Net Banking,Bank Timeout,5,1,0,0.714,10,1244,UPI Link,1,2605
PAY_02194,2162,Net Banking,Card Declined,13,4,2,0.722,11,964,Retry,1,2162
PAY_02195,3483,Net Banking,Network Error,5,2,0,0.625,5,755,Retry,0,0
PAY_02196,4906,Card,Network Error,7,0,0,0.875,3,1248,Retry,1,4906
PAY_02197,4446,Net Banking,Network Error,9,0,2,0.9,23,1041,UPI Link,0,0
PAY_02198,20256,Net Banking,Bank Timeout,3,1,1,0.6,18,67,Retry,1,20256
PAY_02199,8562,Card,Card Declined,6,3,2,0.6,2,159,Retry,0,0
PAY_02200,10223,Card,Network Error,5,6,1,0.417,18,1291,Retry,1,10223
PAY_02201,15379,Wallet,Network Error,12,1,2,0.857,3,1081,UPI Link,1,15379
PAY_02202,8275,Wallet,User Abandoned,6,2,1,0.667,16,904,Reminder,1,8275
PAY_02203,1678,Card,Network Error,9,3,0,0.692,7,674,Retry,1,1678
PAY_02204,1815,Net Banking,Bank Timeout,10,2,1,0.769,10,237,Retry,1,1815
PAY_02205,1003,Wallet,User Abandoned,8,3,1,0.667,11,164,Reminder,1,1003
PAY_02206,4125,UPI,Technical Error,8,1,2,0.8,15,1240,Reminder,0,0
PAY_02207,753,Wallet,Bank Timeout,5,4,1,0.5,4,1102,Retry,0,0
PAY_02208,2706,Wallet,User Abandoned,12,6,1,0.632,21,283,UPI Link,0,0
PAY_02209,4403,Net Banking,Technical Error,5,4,0,0.5,3,167,Retry,1,4403
PAY_02210,4561,Card,Network Error,5,1,1,0.714,20,406,UPI Link,0,0
PAY_02211,2849,Wallet,Insufficient Funds,10,0,0,0.909,3,858,Reminder,0,0
PAY_02212,973,Wallet,User Abandoned,9,2,0,0.75,4,70,UPI Link,1,973
PAY_02213,16319,UPI,User Abandoned,8,0,0,0.889,2,272,Reminder,1,16319
PAY_02214,1923,Wallet,Card Declined,9,2,0,0.75,4,824,UPI Link,1,1923
PAY_02215,3199,Card,User Abandoned,7,1,0,0.778,3,690,UPI Link,0,0
PAY_02216,5003,Net Banking,Network Error,6,3,1,0.6,19,221,Reminder,0,0
PAY_02217,3101,UPI,Insufficient Funds,7,0,2,0.875,11,920,Retry,0,0
PAY_02218,3196,Wallet,User Abandoned,5,2,1,0.625,9,978,UPI Link,0,0
PAY_02219,6219,Card,User Abandoned,12,2,1,0.8,16,172,Reminder,1,6219
PAY_02220,2550,UPI,Network Error,9,1,1,0.818,11,1381,Retry,1,2550
PAY_02221,1795,Wallet,Technical Error,9,3,1,0.692,5,1042,UPI Link,0,0
PAY_02222,15013,Net Banking,Insufficient Funds,8,1,0,0.8,9,1011,Reminder,0,0
PAY_02223,3903,Wallet,Technical Error,6,2,0,0.667,12,653,UPI Link,0,0
PAY_02224,5165,Card,Insufficient Funds,10,2,2,0.769,23,432,Reminder,1,5165
PAY_02225,5623,Net Banking,Network Error,10,2,1,0.769,10,204,Retry,1,5623
PAY_02226,2144,Card,Insufficient Funds,10,2,0,0.769,8,997,Reminder,1,2144
PAY_02227,2538,Card,Technical Error,9,3,0,0.692,19,218,Reminder,1,2538
PAY_02228,2009,Net Banking,Bank Timeout,8,3,0,0.667,6,1131,UPI Link,0,0
PAY_02229,2432,Card,Insufficient Funds,3,0,1,0.75,1,1106,UPI Link,0,0
PAY_02230,4456,Card,Insufficient Funds,7,5,1,0.538,0,757,Reminder,1,4456
PAY_02231,4570,Wallet,User Abandoned,8,3,1,0.667,16,259,UPI Link,1,4570
PAY_02232,5987,Net Banking,Insufficient Funds,5,1,2,0.714,22,246,Reminder,0,0
PAY_02233,3794,Wallet,Card Declined,7,6,0,0.5,2,281,Retry,0,0
PAY_02234,1690,UPI,Technical Error,8,0,0,0.889,23,456,UPI Link,1,1690
PAY_02235,2080,Net Banking,Bank Timeout,14,1,1,0.875,10,566,Retry,1,2080
PAY_02236,8417,UPI,User Abandoned,10,5,2,0.625,10,79,Reminder,0,0
PAY_02237,17092,Net Banking,Bank Timeout,7,0,1,0.875,21,1283,Retry,1,17092
PAY_02238,10579,UPI,Bank Timeout,9,2,0,0.75,18,771,UPI Link,0,0
PAY_02239,6394,Card,User Abandoned,10,0,0,0.909,8,963,Reminder,1,6394
PAY_02240,2261,Card,User Abandoned,13,0,1,0.929,9,270,Reminder,1,2261
PAY_02241,2972,UPI,Network Error,5,2,2,0.625,23,439,Reminder,1,2972
PAY_02242,1004,UPI,Card Declined,11,2,1,0.786,19,428,Reminder,0,0
PAY_02243,2611,UPI,Card Declined,9,3,2,0.692,8,1257,UPI Link,1,2611
PAY_02244,10747,Card,User Abandoned,5,2,0,0.625,15,1087,UPI Link,0,0
PAY_02245,2007,Card,Technical Error,9,0,0,0.9,9,1369,Retry,1,2007
PAY_02246,6502,Wallet,Network Error,5,0,0,0.833,17,986,Retry,1,6502
PAY_02247,11138,Card,Insufficient Funds,7,2,0,0.7,13,916,Reminder,0,0
PAY_02248,1365,Wallet,Insufficient Funds,13,3,0,0.765,14,654,UPI Link,1,1365
PAY_02249,1258,Net Banking,User Abandoned,12,2,1,0.8,22,263,UPI Link,1,1258
PAY_02250,14375,Wallet,Card Declined,8,2,1,0.727,13,1408,UPI Link,0,0
PAY_02251,3013,Net Banking,Technical Error,5,2,1,0.625,6,838,Retry,1,3013
PAY_02252,4351,Net Banking,Technical Error,6,2,2,0.667,10,843,Reminder,0,0
PAY_02253,1872,Wallet,Card Declined,5,1,1,0.714,8,112,UPI Link,0,0
PAY_02254,933,Card,Technical Error,8,1,2,0.8,1,632,Reminder,0,0
PAY_02255,13249,Card,Network Error,4,2,0,0.571,17,423,UPI Link,1,13249
PAY_02256,6819,UPI,Network Error,10,1,1,0.833,10,265,Retry,1,6819
PAY_02257,1449,UPI,User Abandoned,5,1,0,0.714,12,185,UPI Link,0,0
PAY_02258,3911,Net Banking,Technical Error,11,1,1,0.846,2,1342,Retry,0,0
PAY_02259,9721,Card,Technical Error,9,1,1,0.818,6,322,UPI Link,1,9721
PAY_02260,9538,Wallet,User Abandoned,9,8,0,0.5,9,331,UPI Link,0,0
PAY_02261,932,Net Banking,Card Declined,7,2,0,0.7,17,510,Retry,0,0
PAY_02262,3040,UPI,Insufficient Funds,6,3,1,0.6,3,1028,Reminder,1,3040
PAY_02263,1773,Wallet,Insufficient Funds,11,1,0,0.846,9,618,Reminder,1,1773
PAY_02264,1746,Card,Insufficient Funds,8,5,0,0.571,23,254,UPI Link,0,0
PAY_02265,3168,Wallet,User Abandoned,14,3,1,0.778,4,553,UPI Link,0,0
PAY_02266,903,UPI,Insufficient Funds,12,1,1,0.857,23,1441,UPI Link,1,903
PAY_02267,1805,Wallet,Insufficient Funds,6,4,0,0.545,23,1110,UPI Link,1,1805
PAY_02268,1387,Card,Insufficient Funds,5,1,2,0.714,18,802,Reminder,1,1387
PAY_02269,1340,Net Banking,Technical Error,6,3,1,0.6,16,48,Retry,1,1340
PAY_02270,319,Wallet,Bank Timeout,5,1,0,0.714,8,1344,Retry,0,0
PAY_02271,5644,Wallet,Technical Error,6,2,1,0.667,2,456,Reminder,0,0
PAY_02272,63218,Net Banking,Card Declined,4,2,0,0.571,22,1093,UPI Link,0,0
PAY_02273,618,Wallet,Insufficient Funds,8,2,1,0.727,23,807,Retry,0,0
PAY_02274,4356,UPI,Card Declined,6,1,0,0.75,18,51,UPI Link,1,4356
PAY_02275,16098,Card,Card Declined,6,1,0,0.75,15,1154,UPI Link,1,16098
PAY_02276,30506,Net Banking,Technical Error,6,0,0,0.857,20,172,Retry,0,0
PAY_02277,1090,Card,Bank Timeout,9,0,1,0.9,18,512,Retry,0,0
PAY_02278,18972,Wallet,Network Error,4,0,1,0.8,16,1481,UPI Link,1,18972
PAY_02279,213,Card,Insufficient Funds,10,1,1,0.833,8,844,Reminder,0,0
PAY_02280,2330,Net Banking,Bank Timeout,9,2,0,0.75,10,1412,Retry,0,0
PAY_02281,5866,Wallet,Insufficient Funds,8,2,0,0.727,22,429,UPI Link,0,0
PAY_02282,465,Wallet,Network Error,6,2,1,0.667,10,1336,Retry,1,465
PAY_02283,6328,Wallet,User Abandoned,8,1,1,0.8,16,1137,UPI Link,0,0
PAY_02284,39463,UPI,Insufficient Funds,7,1,1,0.778,22,159,Reminder,1,39463
PAY_02285,1179,UPI,Bank Timeout,8,2,1,0.727,23,249,Retry,1,1179
PAY_02286,9734,Wallet,Insufficient Funds,11,1,0,0.846,13,1015,Reminder,0,0
PAY_02287,6848,Wallet,Bank Timeout,9,2,2,0.75,17,857,Reminder,0,0
PAY_02288,3094,Net Banking,Insufficient Funds,8,1,1,0.8,9,1475,Retry,0,0
PAY_02289,4273,Net Banking,Network Error,8,0,0,0.889,19,762,Retry,1,4273
PAY_02290,1650,Card,Bank Timeout,12,2,0,0.8,16,1403,Retry,0,0
PAY_02291,12868,Net Banking,Network Error,12,2,1,0.8,8,967,Retry,0,0
PAY_02292,1228,Net Banking,User Abandoned,16,3,2,0.8,4,337,Reminder,0,0
PAY_02293,4283,Wallet,Insufficient Funds,9,1,0,0.818,13,368,Reminder,0,0
PAY_02294,5918,UPI,Insufficient Funds,7,1,0,0.778,22,385,Reminder,0,0
PAY_02295,2727,UPI,Network Error,8,2,1,0.727,10,194,Retry,0,0
PAY_02296,3846,Wallet,Network Error,5,0,0,0.833,2,718,Retry,1,3846
PAY_02297,7485,Card,Technical Error,7,5,2,0.538,0,395,Reminder,1,7485
PAY_02298,11817,Wallet,Network Error,9,1,2,0.818,9,753,UPI Link,0,0
PAY_02299,18040,Wallet,Technical Error,6,0,1,0.857,17,1314,Retry,1,18040
PAY_02300,5165,UPI,Network Error,8,2,0,0.727,3,1497,Retry,1,5165
PAY_02301,9706,Card,Technical Error,11,1,1,0.846,3,260,UPI Link,1,9706
PAY_02302,767,Wallet,Technical Error,7,2,1,0.7,18,1239,Retry,1,767
PAY_02303,3864,Wallet,Bank Timeout,13,4,0,0.722,0,475,Reminder,1,3864
PAY_02304,4887,UPI,Network Error,10,6,0,0.588,4,338,Retry,0,0
PAY_02305,9428,UPI,Technical Error,9,3,0,0.692,1,281,Retry,1,9428
PAY_02306,35938,Wallet,Card Declined,7,2,2,0.7,15,670,UPI Link,0,0
PAY_02307,3645,UPI,Bank Timeout,8,4,1,0.615,12,773,UPI Link,1,3645
PAY_02308,937,Wallet,Technical Error,8,3,0,0.667,16,650,Retry,0,0
PAY_02309,5086,Card,Bank Timeout,9,5,2,0.6,8,1457,Reminder,0,0
PAY_02310,1888,Wallet,Network Error,8,2,1,0.727,15,1424,UPI Link,1,1888
PAY_02311,1667,UPI,Network Error,8,1,1,0.8,20,714,Retry,1,1667
PAY_02312,18587,Net Banking,Card Declined,6,0,2,0.857,11,1492,UPI Link,1,18587
PAY_02313,26880,Card,Card Declined,7,3,0,0.636,5,22,UPI Link,1,26880
PAY_02314,5977,Net Banking,Network Error,6,1,0,0.75,0,1201,Retry,0,0
PAY_02315,1123,UPI,Technical Error,6,3,0,0.6,16,27,Retry,1,1123
PAY_02316,3996,UPI,User Abandoned,8,1,0,0.8,20,981,Reminder,0,0
PAY_02317,16441,Net Banking,Technical Error,7,2,2,0.7,1,1172,UPI Link,0,0
PAY_02318,1353,Wallet,Network Error,6,3,2,0.6,14,1005,Reminder,0,0
PAY_02319,13423,UPI,Insufficient Funds,5,3,0,0.556,0,1256,Retry,0,0
PAY_02320,4103,Card,User Abandoned,4,1,2,0.667,5,270,Reminder,1,4103
PAY_02321,680,UPI,Insufficient Funds,9,2,1,0.75,20,1456,Reminder,0,0
PAY_02322,3032,UPI,Network Error,5,2,0,0.625,6,1342,Retry,0,0
PAY_02323,19475,UPI,Technical Error,8,1,2,0.8,10,1453,Reminder,0,0
PAY_02324,5347,Net Banking,Network Error,8,2,0,0.727,21,826,Retry,1,5347
PAY_02325,14162,UPI,Insufficient Funds,8,1,0,0.8,16,303,UPI Link,1,14162
PAY_02326,17258,UPI,Bank Timeout,10,2,1,0.769,1,565,Retry,1,17258
PAY_02327,3112,Wallet,Bank Timeout,13,2,2,0.812,23,7,Reminder,1,3112
PAY_02328,2053,Net Banking,Insufficient Funds,10,1,0,0.833,14,1164,UPI Link,1,2053
PAY_02329,3783,UPI,Network Error,10,1,1,0.833,2,239,Reminder,1,3783
PAY_02330,8531,Card,User Abandoned,8,4,0,0.615,5,651,UPI Link,1,8531
PAY_02331,7402,UPI,Bank Timeout,5,2,0,0.625,6,1307,Retry,1,7402
PAY_02332,3354,UPI,User Abandoned,8,2,0,0.727,9,1395,UPI Link,1,3354
PAY_02333,3681,Card,User Abandoned,6,3,2,0.6,4,636,Reminder,1,3681
PAY_02334,5367,Net Banking,Bank Timeout,7,2,0,0.7,4,1158,Retry,0,0
PAY_02335,11670,Card,Bank Timeout,7,2,0,0.7,6,363,Reminder,1,11670
PAY_02336,7654,Net Banking,User Abandoned,10,0,1,0.909,8,190,Reminder,1,7654
PAY_02337,4315,Net Banking,Technical Error,12,5,2,0.667,16,921,UPI Link,0,0
PAY_02338,3505,Card,Insufficient Funds,10,5,1,0.625,12,319,UPI Link,1,3505
PAY_02339,5196,Card,User Abandoned,7,3,1,0.636,11,1324,UPI Link,1,5196
PAY_02340,878,Net Banking,Bank Timeout,7,1,0,0.778,22,1032,Retry,1,878
PAY_02341,2250,Net Banking,Insufficient Funds,4,1,1,0.667,6,529,Reminder,1,2250
PAY_02342,7835,Net Banking,Insufficient Funds,6,3,0,0.6,16,1349,UPI Link,0,0
PAY_02343,1016,Wallet,Bank Timeout,7,3,1,0.636,18,662,Retry,1,1016
PAY_02344,3798,Wallet,User Abandoned,13,1,1,0.867,1,661,UPI Link,1,3798
PAY_02345,1216,Net Banking,Insufficient Funds,8,2,0,0.727,13,974,Reminder,1,1216
PAY_02346,5457,UPI,Bank Timeout,12,3,0,0.75,9,334,Retry,0,0
PAY_02347,4844,Card,Insufficient Funds,8,2,1,0.727,19,935,UPI Link,0,0
PAY_02348,2002,Wallet,User Abandoned,6,2,1,0.667,15,499,Reminder,1,2002
PAY_02349,3905,Net Banking,Network Error,8,1,0,0.8,15,1390,Retry,0,0
PAY_02350,4020,UPI,Bank Timeout,7,3,1,0.636,3,863,Retry,1,4020
PAY_02351,5360,Net Banking,Network Error,7,1,1,0.778,18,59,Retry,1,5360
PAY_02352,5522,Card,Technical Error,11,3,1,0.733,22,1074,Retry,1,5522
PAY_02353,4873,Card,Bank Timeout,9,4,2,0.643,10,111,Retry,1,4873
PAY_02354,4290,Net Banking,Bank Timeout,7,6,0,0.5,14,811,Retry,1,4290
PAY_02355,988,UPI,User Abandoned,6,1,0,0.75,6,353,Reminder,0,0
PAY_02356,10142,UPI,Bank Timeout,10,1,0,0.833,6,895,Retry,1,10142
PAY_02357,14462,Card,Bank Timeout,2,2,2,0.4,17,767,Reminder,1,14462
PAY_02358,5462,Card,Technical Error,6,0,0,0.857,15,1127,Retry,0,0
PAY_02359,5428,Card,Card Declined,8,4,2,0.615,12,950,Reminder,0,0
PAY_02360,1506,UPI,Card Declined,6,1,0,0.75,10,274,UPI Link,1,1506
PAY_02361,7101,Net Banking,Technical Error,4,2,2,0.571,23,870,UPI Link,0,0
PAY_02362,869,UPI,Technical Error,7,2,1,0.7,21,1202,Retry,1,869
PAY_02363,3629,Card,Bank Timeout,5,1,0,0.714,11,697,Retry,1,3629
PAY_02364,1732,UPI,Network Error,13,2,1,0.812,12,159,Retry,1,1732
PAY_02365,11989,Card,Card Declined,7,2,0,0.7,1,433,UPI Link,1,11989
PAY_02366,9781,UPI,Technical Error,2,2,1,0.4,20,369,Retry,1,9781
PAY_02367,6927,Net Banking,Technical Error,8,2,1,0.727,21,985,Retry,0,0
PAY_02368,5225,Wallet,Bank Timeout,9,2,0,0.75,12,1398,Retry,1,5225
PAY_02369,5545,UPI,Card Declined,8,1,0,0.8,11,1406,Reminder,0,0
PAY_02370,839,Wallet,Insufficient Funds,10,3,0,0.714,10,264,UPI Link,1,839
PAY_02371,4629,Wallet,User Abandoned,11,4,1,0.688,0,996,UPI Link,0,0
PAY_02372,3957,Wallet,Card Declined,12,1,0,0.857,9,871,UPI Link,1,3957
PAY_02373,2873,UPI,Network Error,9,2,1,0.75,16,764,UPI Link,0,0
PAY_02374,6533,Net Banking,Network Error,7,5,0,0.538,3,367,Reminder,1,6533
PAY_02375,5674,Wallet,User Abandoned,5,0,0,0.833,4,15,Reminder,1,5674
PAY_02376,384,Net Banking,Bank Timeout,10,2,1,0.769,19,1491,UPI Link,0,0
PAY_02377,4109,Wallet,Insufficient Funds,14,0,1,0.933,9,82,Reminder,1,4109
PAY_02378,4813,Wallet,Card Declined,10,2,0,0.769,1,1228,UPI Link,1,4813
PAY_02379,4870,Net Banking,Card Declined,4,1,0,0.667,21,607,Reminder,1,4870
PAY_02380,6429,UPI,Network Error,11,7,0,0.579,5,601,Retry,1,6429
PAY_02381,6056,UPI,Card Declined,8,3,0,0.667,9,1303,UPI Link,1,6056
PAY_02382,6181,UPI,Technical Error,10,3,2,0.714,1,1089,UPI Link,0,0
PAY_02383,1064,Card,Bank Timeout,12,3,0,0.75,17,194,Retry,0,0
PAY_02384,1686,Card,User Abandoned,10,2,1,0.769,13,563,Reminder,1,1686
PAY_02385,4910,Wallet,User Abandoned,7,2,1,0.7,7,1073,UPI Link,1,4910
PAY_02386,3299,UPI,Insufficient Funds,6,5,0,0.5,11,79,Reminder,0,0
PAY_02387,2277,UPI,Card Declined,9,1,1,0.818,23,162,UPI Link,1,2277
PAY_02388,1517,Net Banking,Card Declined,7,2,1,0.7,0,377,Retry,0,0
PAY_02389,3897,Net Banking,User Abandoned,10,1,2,0.833,23,163,UPI Link,0,0
PAY_02390,2026,Wallet,Insufficient Funds,9,3,0,0.692,18,535,Retry,1,2026
PAY_02391,1529,Card,User Abandoned,9,1,0,0.818,11,1175,Reminder,1,1529
PAY_02392,7219,Wallet,Technical Error,9,1,2,0.818,22,381,Reminder,1,7219
PAY_02393,4216,UPI,Network Error,8,2,1,0.727,5,1389,Retry,0,0
PAY_02394,2007,UPI,Card Declined,4,0,0,0.8,0,849,UPI Link,1,2007
PAY_02395,5311,Net Banking,Technical Error,6,1,1,0.75,19,1301,Retry,1,5311
PAY_02396,2610,Card,Bank Timeout,8,3,0,0.667,22,665,Retry,0,0
PAY_02397,1264,Net Banking,User Abandoned,10,1,2,0.833,19,944,UPI Link,1,1264
PAY_02398,11575,Net Banking,Network Error,5,1,1,0.714,15,1143,Retry,1,11575
PAY_02399,2530,Net Banking,Technical Error,4,4,0,0.444,14,311,Retry,0,0
PAY_02400,613,Wallet,Bank Timeout,9,2,1,0.75,22,349,Retry,0,0
PAY_02401,1887,Net Banking,Card Declined,6,4,0,0.545,21,1171,Retry,1,1887
PAY_02402,1977,Wallet,Network Error,6,0,0,0.857,2,426,UPI Link,0,0
PAY_02403,2524,Net Banking,Technical Error,5,0,0,0.833,10,925,Retry,1,2524
PAY_02404,5931,UPI,Bank Timeout,7,0,1,0.875,18,342,Retry,1,5931
PAY_02405,5124,Wallet,Card Declined,7,1,0,0.778,9,1140,Reminder,1,5124
PAY_02406,7245,Card,Card Declined,6,1,1,0.75,4,776,UPI Link,1,7245
PAY_02407,4041,UPI,Insufficient Funds,8,2,1,0.727,6,433,Retry,1,4041
PAY_02408,3038,Net Banking,Bank Timeout,6,2,0,0.667,23,822,Retry,1,3038
PAY_02409,15923,Net Banking,Bank Timeout,8,2,1,0.727,19,572,Retry,1,15923
PAY_02410,3013,Net Banking,User Abandoned,6,0,0,0.857,21,1407,Retry,0,0
PAY_02411,706,Net Banking,Network Error,11,1,1,0.846,17,804,Retry,1,706
PAY_02412,3581,Wallet,Card Declined,8,1,1,0.8,9,921,UPI Link,1,3581
PAY_02413,1463,Card,Card Declined,8,7,0,0.5,0,1091,Reminder,1,1463
PAY_02414,3324,Wallet,User Abandoned,9,4,0,0.643,21,202,Reminder,0,0
PAY_02415,1266,Wallet,Card Declined,6,0,1,0.857,6,1304,UPI Link,1,1266
PAY_02416,5394,Card,Bank Timeout,10,0,1,0.909,19,1031,Reminder,1,5394
PAY_02417,1143,Wallet,Insufficient Funds,11,4,0,0.688,19,512,Reminder,0,0
PAY_02418,1442,Wallet,User Abandoned,10,0,0,0.909,11,47,UPI Link,1,1442
PAY_02419,1010,Wallet,Network Error,10,3,1,0.714,6,331,Retry,1,1010
PAY_02420,1677,Card,Bank Timeout,11,4,1,0.688,22,410,Retry,1,1677
PAY_02421,6010,Net Banking,Insufficient Funds,6,5,0,0.5,6,1183,UPI Link,0,0
PAY_02422,4638,Card,User Abandoned,11,1,1,0.846,14,496,UPI Link,1,4638
PAY_02423,4167,Wallet,Network Error,8,1,2,0.8,3,1238,UPI Link,0,0
PAY_02424,1192,Card,Bank Timeout,6,3,1,0.6,23,144,Retry,1,1192
PAY_02425,2677,UPI,User Abandoned,5,1,2,0.714,13,1065,Retry,1,2677
PAY_02426,3369,Wallet,Insufficient Funds,6,3,1,0.6,8,1467,UPI Link,1,3369
PAY_02427,6905,UPI,Card Declined,5,4,1,0.5,23,123,UPI Link,1,6905
PAY_02428,5678,Wallet,User Abandoned,10,2,0,0.769,11,819,UPI Link,0,0
PAY_02429,3553,Wallet,Card Declined,4,2,0,0.571,3,299,Reminder,0,0
PAY_02430,881,UPI,User Abandoned,10,5,0,0.625,11,846,UPI Link,0,0
PAY_02431,7309,Card,Bank Timeout,2,1,1,0.5,6,542,Retry,1,7309
PAY_02432,1156,UPI,Card Declined,6,3,2,0.6,15,502,Reminder,0,0
PAY_02433,7349,Net Banking,Technical Error,4,2,2,0.571,14,678,UPI Link,0,0
PAY_02434,2843,Net Banking,Network Error,4,1,0,0.667,19,74,UPI Link,0,0
PAY_02435,3301,Card,Network Error,11,4,0,0.688,0,453,UPI Link,0,0
PAY_02436,3276,Net Banking,User Abandoned,7,6,0,0.5,9,1467,Reminder,1,3276
PAY_02437,1642,Net Banking,Card Declined,13,2,2,0.812,14,1379,UPI Link,1,1642
PAY_02438,543,Card,Bank Timeout,10,1,1,0.833,9,787,Retry,1,543
PAY_02439,1092,Card,Insufficient Funds,6,1,0,0.75,18,621,Reminder,0,0
PAY_02440,14120,UPI,Technical Error,13,0,0,0.929,23,1042,UPI Link,1,14120
PAY_02441,16644,Wallet,Card Declined,10,3,1,0.714,5,705,UPI Link,1,16644
PAY_02442,2077,Net Banking,Network Error,9,2,0,0.75,12,994,Retry,1,2077
PAY_02443,10292,Wallet,Bank Timeout,14,2,1,0.824,12,30,Retry,1,10292
PAY_02444,7856,UPI,Technical Error,7,2,0,0.7,9,423,Retry,1,7856
PAY_02445,4135,Net Banking,Network Error,17,1,2,0.895,3,1332,Reminder,1,4135
PAY_02446,3721,Wallet,Card Declined,7,1,1,0.778,20,25,Reminder,1,3721
PAY_02447,20103,Card,User Abandoned,7,4,0,0.583,11,1361,Reminder,1,20103
PAY_02448,409,UPI,Technical Error,9,0,1,0.9,2,556,Retry,1,409
PAY_02449,4195,UPI,Insufficient Funds,7,1,1,0.778,18,1071,Reminder,1,4195
PAY_02450,3313,Net Banking,User Abandoned,9,0,0,0.9,22,1333,UPI Link,1,3313
PAY_02451,5975,Card,User Abandoned,6,2,2,0.667,14,364,Reminder,0,0
PAY_02452,3093,Net Banking,Network Error,10,2,0,0.769,2,390,UPI Link,1,3093
PAY_02453,1980,UPI,Bank Timeout,8,3,1,0.667,9,125,Retry,0,0
PAY_02454,712,Card,Network Error,8,1,1,0.8,15,951,Retry,0,0
PAY_02455,4028,UPI,Technical Error,7,0,2,0.875,2,403,UPI Link,0,0
PAY_02456,3477,Wallet,Insufficient Funds,7,4,1,0.583,6,205,UPI Link,0,0
PAY_02457,5377,Card,Network Error,7,1,1,0.778,9,1166,Retry,1,5377
PAY_02458,12598,Wallet,Insufficient Funds,10,4,2,0.667,14,1317,Reminder,0,0
PAY_02459,6216,Wallet,Insufficient Funds,7,1,0,0.778,13,1232,Reminder,1,6216
PAY_02460,5172,Card,Technical Error,11,1,1,0.846,15,1054,Retry,1,5172
PAY_02461,6351,Net Banking,Technical Error,4,4,1,0.444,7,699,Retry,0,0
PAY_02462,10481,Net Banking,User Abandoned,6,1,1,0.75,3,374,Reminder,0,0
PAY_02463,3677,Net Banking,Network Error,14,1,1,0.875,15,335,Retry,1,3677
PAY_02464,314,Wallet,User Abandoned,8,1,0,0.8,3,908,Reminder,0,0
PAY_02465,47710,Card,Bank Timeout,3,0,0,0.75,7,437,Retry,1,47710
PAY_02466,5287,Net Banking,Technical Error,8,0,1,0.889,15,211,Retry,0,0
PAY_02467,6280,Card,Network Error,6,3,2,0.6,4,664,Reminder,1,6280
PAY_02468,11949,Wallet,Bank Timeout,7,1,0,0.778,19,1357,Retry,0,0
PAY_02469,2363,Wallet,User Abandoned,10,3,1,0.714,13,1488,Reminder,1,2363
PAY_02470,4267,Net Banking,Card Declined,5,1,0,0.714,11,297,UPI Link,1,4267
PAY_02471,11967,Net Banking,User Abandoned,7,0,0,0.875,14,631,Reminder,1,11967
PAY_02472,832,Wallet,Card Declined,7,1,0,0.778,12,114,Retry,1,832
PAY_02473,8213,Net Banking,User Abandoned,3,1,0,0.6,14,562,Reminder,0,0
PAY_02474,2229,Card,Bank Timeout,11,0,2,0.917,22,525,Reminder,1,2229
PAY_02475,4564,Net Banking,Insufficient Funds,12,2,0,0.8,13,784,Reminder,1,4564
PAY_02476,7019,Card,Bank Timeout,9,2,1,0.75,16,902,UPI Link,0,0
PAY_02477,2866,UPI,Insufficient Funds,9,2,0,0.75,5,667,UPI Link,0,0
PAY_02478,2797,Wallet,Insufficient Funds,10,2,2,0.769,12,1409,Retry,0,0
PAY_02479,2728,Wallet,Bank Timeout,13,2,0,0.812,19,1201,Retry,1,2728
PAY_02480,1165,UPI,Insufficient Funds,8,5,2,0.571,10,566,UPI Link,0,0
PAY_02481,14280,Wallet,Technical Error,7,0,0,0.875,15,276,UPI Link,1,14280
PAY_02482,2221,UPI,Technical Error,8,2,2,0.727,13,311,Retry,1,2221
PAY_02483,6939,Net Banking,Network Error,5,2,0,0.625,17,181,Retry,1,6939
PAY_02484,3606,Net Banking,Network Error,4,3,1,0.5,21,534,Retry,0,0
PAY_02485,7336,Net Banking,User Abandoned,11,3,0,0.733,4,140,UPI Link,1,7336
PAY_02486,3800,Net Banking,Technical Error,5,1,1,0.714,23,440,Retry,0,0
PAY_02487,754,Wallet,Bank Timeout,11,2,1,0.786,11,683,Retry,1,754
PAY_02488,843,Net Banking,Technical Error,9,0,1,0.9,23,48,Retry,1,843
PAY_02489,3159,Wallet,Card Declined,11,2,1,0.786,15,99,Reminder,1,3159
PAY_02490,1324,UPI,Network Error,8,4,0,0.615,0,1159,Retry,1,1324
PAY_02491,3544,UPI,Network Error,7,2,0,0.7,17,1008,Retry,1,3544
PAY_02492,731,Net Banking,User Abandoned,3,1,0,0.6,23,155,UPI Link,1,731
PAY_02493,5574,UPI,Network Error,7,2,0,0.7,16,180,Retry,0,0
PAY_02494,5215,Wallet,Network Error,8,3,2,0.667,6,150,UPI Link,0,0
PAY_02495,5450,Wallet,Technical Error,3,2,1,0.5,14,312,Retry,1,5450
PAY_02496,433,UPI,Bank Timeout,10,1,2,0.833,18,696,UPI Link,1,433
PAY_02497,4200,Wallet,Insufficient Funds,8,3,1,0.667,18,602,Reminder,1,4200
PAY_02498,11903,Wallet,Insufficient Funds,8,1,0,0.8,7,661,Reminder,1,11903
PAY_02499,6106,Net Banking,Bank Timeout,8,1,1,0.8,21,669,Retry,0,0
PAY_02500,7738,Card,Network Error,5,3,0,0.556,22,1182,Retry,0,0
PAY_02501,1503,Card,Bank Timeout,7,1,0,0.778,5,207,Retry,1,1503
PAY_02502,3249,UPI,Bank Timeout,12,1,1,0.857,11,142,Retry,0,0
PAY_02503,1837,Net Banking,Bank Timeout,7,1,2,0.778,6,414,Reminder,0,0
PAY_02504,8528,Wallet,Technical Error,6,3,0,0.6,6,728,Retry,1,8528
PAY_02505,806,Wallet,Insufficient Funds,9,2,1,0.75,0,910,Retry,1,806
PAY_02506,1561,Card,Card Declined,9,3,0,0.692,14,899,UPI Link,1,1561
PAY_02507,5264,Card,Card Declined,5,3,1,0.556,3,191,Retry,0,0
PAY_02508,824,UPI,Bank Timeout,7,0,0,0.875,3,1002,UPI Link,1,824
PAY_02509,13482,Net Banking,User Abandoned,14,2,0,0.824,13,392,Reminder,1,13482
PAY_02510,6405,UPI,Network Error,12,2,0,0.8,15,523,Retry,1,6405
PAY_02511,3014,Wallet,Insufficient Funds,6,1,0,0.75,12,861,Reminder,1,3014
PAY_02512,17232,UPI,Technical Error,6,1,0,0.75,9,134,Retry,1,17232
PAY_02513,4678,Net Banking,Bank Timeout,8,1,2,0.8,2,1333,UPI Link,1,4678
PAY_02514,3747,Wallet,Card Declined,5,3,0,0.556,8,1495,UPI Link,1,3747
PAY_02515,6827,Net Banking,Insufficient Funds,9,1,0,0.818,7,364,UPI Link,0,0
PAY_02516,22054,Card,Network Error,3,4,0,0.375,4,1424,Retry,1,22054
PAY_02517,4951,UPI,Insufficient Funds,6,4,1,0.545,6,1354,Reminder,0,0
PAY_02518,3653,Wallet,Bank Timeout,5,5,1,0.455,5,358,Reminder,0,0
PAY_02519,26547,Card,User Abandoned,9,2,2,0.75,5,748,UPI Link,0,0
PAY_02520,2808,UPI,Bank Timeout,7,2,0,0.7,15,418,Retry,1,2808
PAY_02521,4382,Net Banking,Technical Error,8,4,1,0.615,10,59,UPI Link,0,0
PAY_02522,4079,Net Banking,Insufficient Funds,4,2,1,0.571,1,296,Retry,1,4079
PAY_02523,756,UPI,Network Error,4,4,1,0.444,19,1480,Retry,1,756
PAY_02524,3804,Card,Insufficient Funds,13,1,0,0.867,11,457,Reminder,1,3804
PAY_02525,4446,UPI,Insufficient Funds,9,0,1,0.9,14,851,Retry,1,4446
PAY_02526,1246,Wallet,Bank Timeout,6,1,1,0.75,20,2,Retry,1,1246
PAY_02527,3326,Wallet,Technical Error,11,4,0,0.688,10,1345,Retry,1,3326
PAY_02528,3929,UPI,Card Declined,11,0,1,0.917,23,1170,UPI Link,1,3929
PAY_02529,2254,Card,Network Error,7,2,0,0.7,4,462,Retry,1,2254
PAY_02530,7585,UPI,User Abandoned,9,1,1,0.818,9,1260,Reminder,1,7585
PAY_02531,936,Card,Technical Error,9,1,0,0.818,23,1351,Retry,0,0
PAY_02532,3222,Wallet,User Abandoned,17,2,1,0.85,16,1059,UPI Link,0,0
PAY_02533,1933,Net Banking,Bank Timeout,8,2,0,0.727,13,768,Retry,0,0
PAY_02534,1177,UPI,User Abandoned,9,5,1,0.6,20,99,UPI Link,0,0
PAY_02535,3831,Card,Insufficient Funds,11,1,0,0.846,20,70,UPI Link,1,3831
PAY_02536,1428,Card,Bank Timeout,15,1,1,0.882,10,24,Retry,1,1428
PAY_02537,14540,Wallet,Technical Error,9,1,0,0.818,20,1183,Retry,1,14540
PAY_02538,4832,Card,Card Declined,8,1,1,0.8,8,1118,UPI Link,0,0
PAY_02539,10217,Net Banking,User Abandoned,7,1,1,0.778,10,691,Retry,1,10217
PAY_02540,1103,Card,Technical Error,8,1,0,0.8,15,1125,Retry,0,0
PAY_02541,5106,UPI,User Abandoned,9,0,0,0.9,16,539,Reminder,1,5106
PAY_02542,5097,Net Banking,Card Declined,5,1,2,0.714,0,1113,UPI Link,1,5097
PAY_02543,1457,Card,Card Declined,9,1,0,0.818,3,1128,Reminder,0,0
PAY_02544,9693,Card,Technical Error,8,0,0,0.889,14,894,Retry,1,9693
PAY_02545,8308,UPI,Network Error,7,0,0,0.875,12,1047,Retry,1,8308
PAY_02546,4811,Card,Insufficient Funds,11,3,0,0.733,23,725,UPI Link,1,4811
PAY_02547,1563,Card,Network Error,9,1,1,0.818,16,97,UPI Link,0,0
PAY_02548,2354,Net Banking,Network Error,7,2,0,0.7,22,1088,Retry,0,0
PAY_02549,8623,Card,Insufficient Funds,5,0,2,0.833,5,1301,UPI Link,1,8623
PAY_02550,2849,Card,User Abandoned,10,3,0,0.714,17,1249,Reminder,1,2849
PAY_02551,200,Card,Technical Error,4,1,0,0.667,12,608,Retry,1,200
PAY_02552,4947,Wallet,Card Declined,13,3,1,0.765,10,279,Reminder,0,0
PAY_02553,3001,Net Banking,Insufficient Funds,8,3,0,0.667,8,1451,UPI Link,0,0
PAY_02554,14745,Net Banking,Bank Timeout,5,2,2,0.625,19,1217,Retry,1,14745
PAY_02555,5989,UPI,Card Declined,4,2,0,0.571,4,985,Reminder,0,0
PAY_02556,3050,Card,Card Declined,5,0,0,0.833,20,859,UPI Link,1,3050
PAY_02557,14650,Card,Bank Timeout,6,1,0,0.75,2,464,Reminder,0,0
PAY_02558,3617,Net Banking,Bank Timeout,11,1,1,0.846,3,1487,UPI Link,1,3617
PAY_02559,2444,Card,Bank Timeout,6,1,1,0.75,4,1377,Retry,0,0
PAY_02560,1282,Net Banking,Insufficient Funds,10,1,2,0.833,3,1067,Reminder,0,0
PAY_02561,2874,UPI,User Abandoned,10,1,1,0.833,15,476,UPI Link,1,2874
PAY_02562,1111,Net Banking,Insufficient Funds,6,3,1,0.6,23,1250,UPI Link,0,0
PAY_02563,4704,UPI,User Abandoned,8,2,0,0.727,8,84,Reminder,1,4704
PAY_02564,6677,Net Banking,Insufficient Funds,12,0,2,0.923,14,873,UPI Link,1,6677
PAY_02565,3508,Wallet,Technical Error,7,2,0,0.7,16,212,Retry,1,3508
PAY_02566,1823,Net Banking,Bank Timeout,8,1,2,0.8,15,1437,Retry,1,1823
PAY_02567,2574,Wallet,Insufficient Funds,6,2,2,0.667,3,574,UPI Link,0,0
PAY_02568,11746,Net Banking,Technical Error,6,1,2,0.75,16,674,Reminder,1,11746
PAY_02569,2623,Net Banking,Technical Error,6,3,0,0.6,0,208,UPI Link,1,2623
PAY_02570,869,Wallet,Bank Timeout,10,0,1,0.909,15,454,Retry,1,869
PAY_02571,10986,Net Banking,Insufficient Funds,7,3,2,0.636,15,1149,UPI Link,0,0
PAY_02572,5589,Wallet,Network Error,4,3,1,0.5,21,784,Retry,1,5589
PAY_02573,6721,UPI,Network Error,5,2,2,0.625,3,1179,Reminder,1,6721
PAY_02574,2531,Card,Technical Error,5,3,1,0.556,21,1453,Reminder,0,0
PAY_02575,8489,Wallet,Card Declined,7,1,2,0.778,23,82,UPI Link,0,0
PAY_02576,6646,Wallet,Card Declined,6,3,1,0.6,16,77,Retry,1,6646
PAY_02577,4362,Wallet,User Abandoned,8,3,0,0.667,6,1162,Reminder,1,4362
PAY_02578,2208,Net Banking,Insufficient Funds,2,1,0,0.5,13,59,UPI Link,1,2208
PAY_02579,7989,Net Banking,Technical Error,7,1,2,0.778,11,722,Retry,0,0
PAY_02580,10598,Card,Technical Error,9,2,1,0.75,1,665,Retry,0,0
PAY_02581,6512,Net Banking,Bank Timeout,8,1,0,0.8,17,1121,Retry,0,0
PAY_02582,4526,Wallet,Technical Error,5,3,0,0.556,15,183,Retry,0,0
PAY_02583,856,Card,Technical Error,4,4,0,0.444,3,1479,Retry,0,0
PAY_02584,3490,Wallet,Technical Error,4,4,1,0.444,15,1310,Retry,1,3490
PAY_02585,3737,Wallet,Bank Timeout,11,2,0,0.786,22,995,Retry,1,3737
PAY_02586,3799,Wallet,Technical Error,7,3,0,0.636,5,662,Retry,1,3799
PAY_02587,4541,Card,Network Error,10,0,0,0.909,16,1435,Retry,1,4541
PAY_02588,5175,Net Banking,Network Error,8,2,1,0.727,5,816,Retry,1,5175
PAY_02589,5083,UPI,Bank Timeout,15,0,0,0.938,2,1458,Retry,1,5083
PAY_02590,14365,Wallet,Technical Error,9,2,0,0.75,22,697,Retry,0,0
PAY_02591,2198,Wallet,Bank Timeout,5,2,1,0.625,3,602,Retry,0,0
PAY_02592,1809,UPI,Technical Error,6,1,0,0.75,14,84,Retry,1,1809
PAY_02593,5460,Card,User Abandoned,10,1,0,0.833,0,1013,Reminder,1,5460
PAY_02594,1072,Card,Bank Timeout,12,1,0,0.857,14,1327,UPI Link,1,1072
PAY_02595,4656,Card,Insufficient Funds,10,6,0,0.588,7,43,Retry,1,4656
PAY_02596,2152,Wallet,Card Declined,4,3,1,0.5,17,1129,Retry,0,0
PAY_02597,1714,Card,Card Declined,7,0,0,0.875,16,1190,UPI Link,1,1714
PAY_02598,9117,Wallet,User Abandoned,10,0,0,0.909,22,746,UPI Link,0,0
PAY_02599,5604,Net Banking,Card Declined,6,1,0,0.75,11,481,UPI Link,1,5604
PAY_02600,2793,Net Banking,Insufficient Funds,14,0,2,0.933,4,659,Retry,0,0
PAY_02601,31080,Card,Network Error,13,3,1,0.765,4,198,Reminder,0,0
PAY_02602,10473,Wallet,Network Error,2,1,0,0.5,3,1238,Retry,0,0
PAY_02603,4032,Net Banking,User Abandoned,9,3,2,0.692,20,1135,UPI Link,0,0
PAY_02604,3483,Card,Card Declined,5,2,0,0.625,18,109,UPI Link,1,3483
PAY_02605,726,Wallet,Card Declined,7,2,1,0.7,13,133,Retry,0,0
PAY_02606,1286,Card,Insufficient Funds,10,1,1,0.833,14,1145,UPI Link,1,1286
PAY_02607,2685,Net Banking,Card Declined,14,4,2,0.737,4,131,UPI Link,0,0
PAY_02608,839,UPI,User Abandoned,13,2,0,0.812,18,517,UPI Link,1,839
PAY_02609,2254,UPI,User Abandoned,6,0,1,0.857,15,883,UPI Link,1,2254
PAY_02610,7927,Card,Card Declined,10,6,0,0.588,21,926,UPI Link,1,7927
PAY_02611,7583,Net Banking,Technical Error,10,2,0,0.769,18,1041,Reminder,0,0
PAY_02612,4547,Card,Network Error,8,4,2,0.615,18,645,Retry,0,0
PAY_02613,5577,UPI,User Abandoned,9,2,0,0.75,18,246,UPI Link,1,5577
PAY_02614,7380,UPI,Network Error,16,0,0,0.941,16,848,UPI Link,0,0
PAY_02615,1525,Card,Bank Timeout,3,2,1,0.5,5,372,Retry,1,1525
PAY_02616,1180,Wallet,User Abandoned,10,1,0,0.833,10,183,Reminder,1,1180
PAY_02617,9495,Wallet,Network Error,6,2,2,0.667,21,794,UPI Link,0,0
PAY_02618,17976,Wallet,User Abandoned,5,1,1,0.714,4,704,Reminder,1,17976
PAY_02619,1555,Net Banking,Technical Error,12,1,0,0.857,22,882,UPI Link,0,0
PAY_02620,2476,Wallet,Insufficient Funds,2,2,0,0.4,8,823,Reminder,1,2476
PAY_02621,3534,Net Banking,User Abandoned,7,3,2,0.636,2,696,Reminder,1,3534
PAY_02622,1585,UPI,Network Error,13,2,0,0.812,0,1242,Retry,1,1585
PAY_02623,3141,UPI,User Abandoned,18,1,0,0.9,3,346,Reminder,0,0
PAY_02624,2324,UPI,Insufficient Funds,10,2,0,0.769,12,628,Reminder,1,2324
PAY_02625,7665,Net Banking,Insufficient Funds,8,0,0,0.889,6,1304,UPI Link,1,7665
PAY_02626,1689,Card,Network Error,8,1,0,0.8,11,199,UPI Link,1,1689
PAY_02627,2635,Card,Network Error,8,2,0,0.727,18,363,UPI Link,1,2635
PAY_02628,1709,Card,Network Error,11,0,0,0.917,14,63,Retry,1,1709
PAY_02629,1232,UPI,Technical Error,16,1,0,0.889,3,715,Retry,1,1232
PAY_02630,5103,Card,Insufficient Funds,9,4,1,0.643,6,1236,Reminder,1,5103
PAY_02631,3776,Net Banking,Card Declined,8,3,2,0.667,17,797,Reminder,0,0
PAY_02632,852,UPI,User Abandoned,9,3,1,0.692,2,693,Reminder,1,852
PAY_02633,4287,Card,Bank Timeout,8,1,1,0.8,6,828,Retry,1,4287
PAY_02634,1089,UPI,Card Declined,9,0,2,0.9,22,1211,UPI Link,1,1089
PAY_02635,4369,UPI,User Abandoned,10,0,2,0.909,10,1080,UPI Link,0,0
PAY_02636,3237,Wallet,Network Error,9,4,2,0.643,6,579,Reminder,1,3237
PAY_02637,2248,Wallet,Bank Timeout,13,4,0,0.722,20,874,Retry,1,2248
PAY_02638,932,Wallet,Insufficient Funds,6,1,1,0.75,0,1007,Reminder,1,932
PAY_02639,316,Wallet,Network Error,3,2,1,0.5,9,1020,Reminder,0,0
PAY_02640,2047,Net Banking,User Abandoned,8,4,2,0.615,1,1081,UPI Link,0,0
PAY_02641,5424,Card,Insufficient Funds,7,1,0,0.778,18,1170,UPI Link,0,0
PAY_02642,2789,Net Banking,User Abandoned,6,3,0,0.6,17,58,Reminder,0,0
PAY_02643,2907,Net Banking,Card Declined,9,2,0,0.75,11,1102,UPI Link,1,2907
PAY_02644,3488,Wallet,User Abandoned,7,3,1,0.636,16,366,Reminder,1,3488
PAY_02645,462,UPI,Bank Timeout,5,2,0,0.625,14,381,UPI Link,0,0
PAY_02646,3618,Net Banking,Insufficient Funds,7,0,2,0.875,6,1015,Reminder,1,3618
PAY_02647,3429,UPI,Insufficient Funds,6,2,1,0.667,6,1412,Reminder,1,3429
PAY_02648,2691,Net Banking,Insufficient Funds,7,3,0,0.636,21,678,Retry,1,2691
PAY_02649,707,Wallet,Bank Timeout,12,0,0,0.923,12,92,Retry,1,707
PAY_02650,4889,Card,Network Error,11,0,2,0.917,8,866,UPI Link,1,4889
PAY_02651,1863,Net Banking,Bank Timeout,6,1,2,0.75,23,559,Reminder,1,1863
PAY_02652,315,UPI,Card Declined,6,2,1,0.667,12,570,Reminder,1,315
PAY_02653,3911,Card,Card Declined,5,2,0,0.625,19,22,UPI Link,1,3911
PAY_02654,6786,Wallet,Insufficient Funds,8,2,2,0.727,14,264,UPI Link,0,0
PAY_02655,2911,Card,Insufficient Funds,6,3,2,0.6,3,237,Reminder,1,2911
PAY_02656,8116,Wallet,Insufficient Funds,4,2,0,0.571,17,671,Reminder,0,0
PAY_02657,9636,Net Banking,User Abandoned,3,2,2,0.5,22,816,Reminder,1,9636
PAY_02658,668,Net Banking,Technical Error,12,4,1,0.706,8,223,UPI Link,0,0
PAY_02659,1953,Wallet,Bank Timeout,7,0,0,0.875,17,1020,Retry,1,1953
PAY_02660,24175,UPI,Card Declined,6,4,1,0.545,3,229,UPI Link,1,24175
PAY_02661,1124,Wallet,Bank Timeout,9,3,0,0.692,22,139,Retry,1,1124
PAY_02662,2081,Net Banking,Card Declined,8,2,2,0.727,4,906,UPI Link,0,0
PAY_02663,2650,UPI,User Abandoned,8,1,1,0.8,6,431,UPI Link,1,2650
PAY_02664,2394,UPI,Network Error,10,0,0,0.909,4,700,UPI Link,0,0
PAY_02665,2579,Net Banking,Bank Timeout,5,3,0,0.556,14,411,Reminder,1,2579
PAY_02666,818,UPI,Card Declined,6,3,1,0.6,4,598,UPI Link,1,818
PAY_02667,4009,Card,Bank Timeout,14,1,2,0.875,6,688,UPI Link,0,0
PAY_02668,6115,Wallet,Insufficient Funds,6,2,1,0.667,2,504,UPI Link,0,0
PAY_02669,914,Net Banking,Network Error,3,3,0,0.429,4,1121,Reminder,1,914
PAY_02670,9895,UPI,Insufficient Funds,7,2,2,0.7,2,840,UPI Link,0,0
PAY_02671,1494,UPI,Network Error,9,0,2,0.9,5,1483,Retry,1,1494
PAY_02672,5148,Net Banking,Insufficient Funds,4,2,0,0.571,3,1402,Reminder,0,0
PAY_02673,17435,Wallet,Insufficient Funds,5,1,1,0.714,1,794,UPI Link,1,17435
PAY_02674,15209,UPI,Bank Timeout,7,3,2,0.636,1,1155,UPI Link,1,15209
PAY_02675,5442,UPI,User Abandoned,8,3,1,0.667,18,1321,Reminder,1,5442
PAY_02676,4466,Wallet,Card Declined,8,3,2,0.667,7,1399,UPI Link,0,0
PAY_02677,7032,Net Banking,Technical Error,11,3,2,0.733,14,982,Retry,1,7032
PAY_02678,2298,Card,Card Declined,5,1,1,0.714,11,459,UPI Link,0,0
PAY_02679,6496,Card,Card Declined,16,3,0,0.8,5,754,Reminder,0,0
PAY_02680,6539,Wallet,Technical Error,9,0,0,0.9,1,942,Retry,1,6539
PAY_02681,1021,Card,Card Declined,7,4,0,0.583,20,723,UPI Link,0,0
PAY_02682,11306,Wallet,Card Declined,9,0,1,0.9,14,927,UPI Link,1,11306
PAY_02683,3142,Wallet,Card Declined,8,2,0,0.727,10,668,UPI Link,0,0
PAY_02684,1888,Card,User Abandoned,13,3,1,0.765,6,504,Reminder,1,1888
PAY_02685,4721,Card,Network Error,5,1,0,0.714,23,1351,UPI Link,1,4721
PAY_02686,35316,Net Banking,Card Declined,8,1,1,0.8,13,768,UPI Link,0,0
PAY_02687,3908,Card,Card Declined,8,1,0,0.8,15,223,UPI Link,0,0
PAY_02688,2101,Wallet,Technical Error,2,1,1,0.5,13,105,Retry,1,2101
PAY_02689,6316,Net Banking,Network Error,7,2,0,0.7,21,788,Reminder,0,0
PAY_02690,4475,Wallet,Bank Timeout,4,2,1,0.571,0,1422,Retry,1,4475
PAY_02691,715,Card,Technical Error,6,1,2,0.75,21,1154,UPI Link,0,0
PAY_02692,1363,Wallet,Network Error,8,1,0,0.8,4,843,Retry,1,1363
PAY_02693,3458,Card,User Abandoned,9,3,0,0.692,15,648,UPI Link,1,3458
PAY_02694,3752,UPI,User Abandoned,14,2,0,0.824,2,176,Reminder,1,3752
PAY_02695,6847,UPI,Technical Error,17,0,0,0.944,10,731,Retry,1,6847
PAY_02696,1737,Card,Bank Timeout,9,2,0,0.75,2,744,Retry,1,1737
PAY_02697,3842,Net Banking,Network Error,6,3,1,0.6,15,694,UPI Link,0,0
PAY_02698,1728,Net Banking,Technical Error,7,1,0,0.778,17,328,Reminder,1,1728
PAY_02699,2187,Card,Bank Timeout,7,1,1,0.778,3,1091,Reminder,0,0
PAY_02700,8392,Wallet,Bank Timeout,4,1,1,0.667,17,1288,Retry,0,0
PAY_02701,3880,Net Banking,User Abandoned,5,0,0,0.833,3,1360,UPI Link,1,3880
PAY_02702,17882,Wallet,Insufficient Funds,7,2,0,0.7,4,781,UPI Link,1,17882
PAY_02703,1545,Wallet,Bank Timeout,2,1,0,0.5,18,1410,Reminder,1,1545
PAY_02704,2026,Net Banking,Card Declined,13,0,1,0.929,18,373,UPI Link,1,2026
PAY_02705,3812,UPI,Card Declined,8,2,2,0.727,18,705,Reminder,0,0
PAY_02706,1877,UPI,Technical Error,4,4,0,0.444,5,277,Retry,1,1877
PAY_02707,3156,Wallet,Bank Timeout,10,4,0,0.667,21,404,Reminder,0,0
PAY_02708,2525,Net Banking,Technical Error,10,2,2,0.769,2,727,UPI Link,0,0
PAY_02709,6186,Wallet,Insufficient Funds,5,4,1,0.5,18,856,Retry,0,0
PAY_02710,17451,Net Banking,Technical Error,8,2,0,0.727,16,574,Reminder,0,0
PAY_02711,1095,UPI,Card Declined,10,2,0,0.769,5,107,UPI Link,1,1095
PAY_02712,14024,Net Banking,Technical Error,8,2,1,0.727,13,692,Retry,1,14024
PAY_02713,6540,Wallet,User Abandoned,11,0,0,0.917,10,1130,Reminder,0,0
PAY_02714,22626,UPI,User Abandoned,13,3,1,0.765,0,620,Reminder,1,22626
PAY_02715,5198,Wallet,Card Declined,9,3,1,0.692,1,1424,UPI Link,1,5198
PAY_02716,2454,Wallet,Technical Error,9,1,0,0.818,16,870,Retry,1,2454
PAY_02717,14468,Net Banking,Bank Timeout,13,3,0,0.765,23,536,Retry,1,14468
PAY_02718,3429,Wallet,Technical Error,9,3,0,0.692,2,922,Reminder,1,3429
PAY_02719,1283,UPI,User Abandoned,10,2,0,0.769,16,233,Reminder,1,1283
PAY_02720,10826,Card,Insufficient Funds,5,4,0,0.5,2,363,Reminder,1,10826
PAY_02721,2759,Card,Network Error,11,0,0,0.917,2,155,Retry,1,2759
PAY_02722,2348,UPI,User Abandoned,7,0,0,0.875,19,145,Reminder,1,2348
PAY_02723,1519,Wallet,User Abandoned,7,3,0,0.636,21,217,UPI Link,0,0
PAY_02724,868,UPI,User Abandoned,11,2,0,0.786,6,167,Reminder,1,868
PAY_02725,2225,UPI,Insufficient Funds,8,2,1,0.727,21,478,Reminder,0,0
PAY_02726,1431,UPI,Card Declined,11,0,0,0.917,20,1085,UPI Link,1,1431
PAY_02727,1431,Card,User Abandoned,10,2,1,0.769,19,1447,Reminder,1,1431
PAY_02728,1436,Net Banking,User Abandoned,5,4,2,0.5,18,126,Reminder,1,1436
PAY_02729,4658,UPI,Insufficient Funds,7,2,0,0.7,6,540,Reminder,1,4658
PAY_02730,4199,Card,User Abandoned,10,1,0,0.833,22,156,Reminder,1,4199
PAY_02731,1627,Net Banking,Bank Timeout,8,4,0,0.615,12,1302,UPI Link,0,0
PAY_02732,2824,Net Banking,Network Error,8,3,1,0.667,16,1312,Retry,1,2824
PAY_02733,1863,Wallet,Technical Error,12,2,0,0.8,23,494,Retry,1,1863
PAY_02734,4230,Net Banking,Technical Error,7,3,0,0.636,2,127,Retry,0,0
PAY_02735,1666,Net Banking,User Abandoned,6,2,0,0.667,19,881,Reminder,1,1666
PAY_02736,3162,Wallet,Insufficient Funds,8,2,2,0.727,21,181,Reminder,0,0
PAY_02737,1860,Net Banking,User Abandoned,8,4,2,0.615,19,1389,Retry,0,0
PAY_02738,6196,Net Banking,User Abandoned,6,0,0,0.857,14,734,UPI Link,1,6196
PAY_02739,4732,Wallet,Technical Error,9,0,1,0.9,9,1002,Retry,1,4732
PAY_02740,2058,Card,Bank Timeout,10,2,1,0.769,5,88,Retry,1,2058
PAY_02741,10075,Wallet,Card Declined,5,2,1,0.625,10,826,UPI Link,0,0
PAY_02742,2591,Wallet,Card Declined,12,2,0,0.8,4,790,UPI Link,1,2591
PAY_02743,5011,UPI,Bank Timeout,8,1,0,0.8,12,1295,Retry,0,0
PAY_02744,2938,Net Banking,Insufficient Funds,7,0,1,0.875,21,354,Reminder,0,0
PAY_02745,1371,Card,Bank Timeout,7,1,0,0.778,0,802,Retry,1,1371
PAY_02746,11820,Net Banking,Technical Error,5,1,0,0.714,0,1019,Retry,0,0
PAY_02747,1238,Net Banking,Network Error,9,1,0,0.818,7,390,Retry,1,1238
PAY_02748,5295,Wallet,Card Declined,8,1,1,0.8,5,999,Retry,0,0
PAY_02749,4080,UPI,Technical Error,6,1,0,0.75,2,663,UPI Link,0,0
PAY_02750,4163,Net Banking,Bank Timeout,8,3,0,0.667,16,1013,UPI Link,0,0
PAY_02751,4731,Wallet,Card Declined,7,3,0,0.636,9,1294,UPI Link,1,4731
PAY_02752,3034,Net Banking,User Abandoned,9,2,1,0.75,13,1253,Reminder,0,0
PAY_02753,3392,Card,Network Error,13,3,0,0.765,10,1485,Retry,1,3392
PAY_02754,2971,Card,Technical Error,6,0,1,0.857,15,130,Retry,1,2971
PAY_02755,2544,Net Banking,Card Declined,14,1,0,0.875,6,669,UPI Link,1,2544
PAY_02756,1446,Net Banking,User Abandoned,13,5,1,0.684,8,1137,Reminder,1,1446
PAY_02757,10187,Net Banking,User Abandoned,9,3,0,0.692,4,660,UPI Link,0,0
PAY_02758,7945,Card,User Abandoned,4,1,1,0.667,19,486,UPI Link,0,0
PAY_02759,874,Card,Card Declined,3,0,1,0.75,15,40,UPI Link,1,874
PAY_02760,7390,UPI,Card Declined,4,1,0,0.667,19,659,UPI Link,0,0
PAY_02761,2894,Wallet,Card Declined,3,5,1,0.333,23,545,UPI Link,0,0
PAY_02762,3621,Wallet,Bank Timeout,9,1,0,0.818,22,294,Retry,1,3621
PAY_02763,2541,UPI,Card Declined,10,2,0,0.769,7,1297,UPI Link,1,2541
PAY_02764,2092,Net Banking,Network Error,4,4,1,0.444,17,300,UPI Link,1,2092
PAY_02765,9491,Net Banking,Card Declined,10,1,0,0.833,19,1099,UPI Link,1,9491
PAY_02766,2607,Card,Network Error,8,1,1,0.8,3,606,UPI Link,0,0
PAY_02767,1801,Card,Network Error,12,2,1,0.8,9,509,UPI Link,0,0
PAY_02768,6027,Wallet,User Abandoned,6,0,0,0.857,9,535,Reminder,1,6027
PAY_02769,2426,Net Banking,Insufficient Funds,4,3,0,0.5,20,1319,UPI Link,0,0
PAY_02770,7157,UPI,Technical Error,12,2,1,0.8,4,915,Retry,0,0
PAY_02771,6153,Card,Network Error,8,1,1,0.8,10,221,Reminder,0,0
PAY_02772,4296,Wallet,Technical Error,16,1,0,0.889,22,1243,Retry,1,4296
PAY_02773,1031,Card,Network Error,12,2,0,0.8,10,35,Retry,0,0
PAY_02774,18397,Net Banking,Network Error,6,2,1,0.667,11,291,Retry,1,18397
PAY_02775,1552,Wallet,Network Error,6,3,0,0.6,20,890,Retry,1,1552
PAY_02776,9153,Wallet,Bank Timeout,8,1,0,0.8,19,71,Retry,0,0
PAY_02777,5844,Net Banking,Network Error,10,1,1,0.833,1,1048,Retry,1,5844
PAY_02778,1323,Card,Card Declined,8,1,0,0.8,2,287,UPI Link,1,1323
PAY_02779,517,Card,User Abandoned,10,1,0,0.833,2,738,Retry,0,0
PAY_02780,2595,Net Banking,Insufficient Funds,6,3,1,0.6,10,143,UPI Link,0,0
PAY_02781,3834,UPI,Network Error,3,1,1,0.6,20,811,Retry,0,0
PAY_02782,1026,UPI,Bank Timeout,9,0,1,0.9,5,237,UPI Link,1,1026
PAY_02783,10260,Net Banking,Bank Timeout,5,3,0,0.556,1,1321,Retry,1,10260
PAY_02784,3951,UPI,Insufficient Funds,9,1,2,0.818,22,462,UPI Link,0,0
PAY_02785,2110,UPI,Bank Timeout,7,1,0,0.778,4,282,Retry,1,2110
PAY_02786,7474,Net Banking,Card Declined,8,2,2,0.727,21,811,UPI Link,0,0
PAY_02787,644,Net Banking,Card Declined,3,5,0,0.333,21,1464,UPI Link,0,0
PAY_02788,7232,UPI,Insufficient Funds,5,4,0,0.5,18,74,Reminder,0,0
PAY_02789,1221,Wallet,Insufficient Funds,5,2,0,0.625,22,166,UPI Link,0,0
PAY_02790,5736,Net Banking,Network Error,8,2,0,0.727,12,436,Retry,1,5736
PAY_02791,2079,UPI,User Abandoned,5,3,2,0.556,19,577,Reminder,1,2079
PAY_02792,4207,Net Banking,Network Error,10,2,1,0.769,5,413,UPI Link,1,4207
PAY_02793,2295,Net Banking,Technical Error,4,3,0,0.5,10,534,Retry,1,2295
PAY_02794,2534,Net Banking,Card Declined,6,0,0,0.857,14,1236,Retry,0,0
PAY_02795,4911,Wallet,Bank Timeout,14,2,0,0.824,3,86,Retry,1,4911
PAY_02796,13377,UPI,User Abandoned,7,1,0,0.778,6,1168,UPI Link,1,13377
PAY_02797,4639,Net Banking,User Abandoned,8,1,2,0.8,6,1215,UPI Link,1,4639
PAY_02798,1776,Net Banking,Card Declined,13,2,0,0.812,20,1283,UPI Link,1,1776
PAY_02799,2930,Net Banking,Bank Timeout,8,1,1,0.8,0,635,Retry,0,0
PAY_02800,781,Card,Technical Error,5,2,0,0.625,15,1475,Retry,1,781
PAY_02801,4638,Net Banking,Card Declined,1,1,1,0.333,19,339,Retry,0,0
PAY_02802,1890,Wallet,Network Error,12,0,1,0.923,9,1367,UPI Link,1,1890
PAY_02803,2221,Card,Insufficient Funds,9,2,1,0.75,3,1,Retry,1,2221
PAY_02804,2144,UPI,Insufficient Funds,8,3,0,0.667,0,622,Reminder,1,2144
PAY_02805,13624,Card,Insufficient Funds,9,3,0,0.692,11,441,UPI Link,1,13624
PAY_02806,18117,Wallet,User Abandoned,7,1,0,0.778,2,574,Reminder,1,18117
PAY_02807,6844,UPI,Technical Error,16,4,0,0.762,3,619,Retry,1,6844
PAY_02808,5994,Wallet,Bank Timeout,8,0,0,0.889,20,1397,UPI Link,0,0
PAY_02809,33734,Wallet,Bank Timeout,11,1,0,0.846,3,177,UPI Link,0,0
PAY_02810,2644,Wallet,Network Error,6,2,2,0.667,17,560,Reminder,1,2644
PAY_02811,5517,Wallet,Insufficient Funds,9,4,2,0.643,22,314,Reminder,1,5517
PAY_02812,3407,Wallet,User Abandoned,7,4,1,0.583,0,77,Reminder,1,3407
PAY_02813,258,Wallet,Card Declined,8,0,0,0.889,0,1182,Reminder,0,0
PAY_02814,5218,UPI,Technical Error,7,2,2,0.7,9,1473,UPI Link,0,0
PAY_02815,8888,Net Banking,Insufficient Funds,9,1,2,0.818,8,386,Reminder,0,0
PAY_02816,4315,Wallet,Insufficient Funds,10,2,2,0.769,1,1154,UPI Link,0,0
PAY_02817,750,Wallet,Network Error,7,1,2,0.778,15,475,UPI Link,0,0
PAY_02818,4621,UPI,Technical Error,3,3,0,0.429,2,1225,Retry,0,0
PAY_02819,1724,Wallet,Network Error,10,2,0,0.769,11,1349,Reminder,1,1724
PAY_02820,3768,Card,Technical Error,11,1,2,0.846,20,711,Reminder,0,0
PAY_02821,4468,Wallet,Technical Error,7,1,1,0.778,11,599,Retry,1,4468
PAY_02822,2013,Wallet,User Abandoned,10,2,1,0.769,13,738,Retry,1,2013
PAY_02823,6481,UPI,Network Error,14,3,0,0.778,4,682,Reminder,1,6481
PAY_02824,1330,Wallet,Card Declined,15,1,1,0.882,21,337,Reminder,0,0
PAY_02825,6815,Net Banking,Network Error,8,2,2,0.727,4,1227,Reminder,0,0
PAY_02826,3109,Card,Network Error,11,1,0,0.846,6,1420,Retry,1,3109
PAY_02827,895,Wallet,Insufficient Funds,8,2,1,0.727,17,86,UPI Link,0,0
PAY_02828,6225,UPI,Technical Error,5,3,1,0.556,21,338,UPI Link,1,6225
PAY_02829,1219,Net Banking,Card Declined,15,3,0,0.789,10,1499,Reminder,0,0
PAY_02830,6566,Net Banking,Network Error,6,0,1,0.857,16,1346,UPI Link,1,6566
PAY_02831,1696,Card,Network Error,5,2,0,0.625,23,836,Retry,1,1696
PAY_02832,4885,UPI,Bank Timeout,11,0,2,0.917,20,930,Reminder,0,0
PAY_02833,11908,Card,User Abandoned,8,4,0,0.615,16,221,Reminder,0,0
PAY_02834,2055,UPI,User Abandoned,8,5,0,0.571,7,832,Reminder,1,2055
PAY_02835,5099,Card,Network Error,10,3,2,0.714,3,392,Reminder,0,0
PAY_02836,2708,UPI,Technical Error,10,3,0,0.714,6,381,UPI Link,1,2708
PAY_02837,980,UPI,Insufficient Funds,5,1,0,0.714,14,244,Reminder,1,980
PAY_02838,10042,Net Banking,User Abandoned,5,2,1,0.625,0,1430,UPI Link,1,10042
PAY_02839,1860,Net Banking,Card Declined,8,2,0,0.727,6,623,UPI Link,0,0
PAY_02840,2196,Wallet,User Abandoned,6,1,1,0.75,18,86,UPI Link,1,2196
PAY_02841,5237,UPI,Card Declined,7,3,0,0.636,11,64,UPI Link,1,5237
PAY_02842,3991,Wallet,Card Declined,6,1,1,0.75,3,866,UPI Link,1,3991
PAY_02843,4127,Net Banking,User Abandoned,6,1,1,0.75,0,779,Reminder,1,4127
PAY_02844,583,Wallet,Insufficient Funds,7,1,1,0.778,8,1114,Reminder,1,583
PAY_02845,6836,Card,User Abandoned,7,0,2,0.875,20,193,Reminder,1,6836
PAY_02846,2598,Net Banking,Bank Timeout,7,2,1,0.7,15,71,Retry,0,0
PAY_02847,10140,Wallet,Bank Timeout,9,1,1,0.818,13,195,Retry,1,10140
PAY_02848,1404,Card,Network Error,11,4,2,0.688,0,1037,Reminder,0,0
PAY_02849,2212,Card,Card Declined,7,0,0,0.875,22,1158,UPI Link,1,2212
PAY_02850,1888,UPI,Technical Error,11,1,1,0.846,3,1430,Retry,0,0
PAY_02851,7894,Card,Card Declined,5,1,0,0.714,5,82,UPI Link,1,7894
PAY_02852,1852,Net Banking,Card Declined,8,2,0,0.727,21,318,Retry,1,1852
PAY_02853,2346,UPI,Bank Timeout,6,1,1,0.75,15,511,Retry,1,2346
PAY_02854,3929,Card,Card Declined,8,4,0,0.615,9,375,UPI Link,0,0
PAY_02855,29063,Wallet,Bank Timeout,10,1,2,0.833,14,1436,Retry,1,29063
PAY_02856,8403,UPI,Insufficient Funds,10,1,0,0.833,4,271,UPI Link,1,8403
PAY_02857,40519,UPI,Card Declined,9,1,1,0.818,11,1432,UPI Link,1,40519
PAY_02858,5262,Net Banking,User Abandoned,8,1,1,0.8,3,858,Reminder,1,5262
PAY_02859,3797,Net Banking,Card Declined,3,3,1,0.429,22,865,UPI Link,1,3797
PAY_02860,3115,UPI,Technical Error,7,3,2,0.636,11,973,Reminder,0,0
PAY_02861,2330,Card,Bank Timeout,8,2,0,0.727,0,332,Retry,1,2330
PAY_02862,3787,Card,User Abandoned,6,1,0,0.75,14,1352,Retry,1,3787
PAY_02863,3432,Net Banking,Network Error,8,1,0,0.8,15,137,Reminder,0,0
PAY_02864,6561,Card,Network Error,6,3,1,0.6,3,1147,Retry,1,6561
PAY_02865,7669,Card,Bank Timeout,8,0,0,0.889,4,1437,Retry,1,7669
PAY_02866,1056,Net Banking,Insufficient Funds,10,2,1,0.769,0,231,UPI Link,1,1056
PAY_02867,4626,Net Banking,Network Error,6,1,1,0.75,0,622,UPI Link,0,0
PAY_02868,25535,Card,Technical Error,11,2,0,0.786,15,438,Retry,1,25535
PAY_02869,14878,Wallet,Card Declined,8,3,1,0.667,6,203,UPI Link,1,14878
PAY_02870,8436,UPI,Bank Timeout,7,4,2,0.583,4,1045,Reminder,1,8436
PAY_02871,1881,UPI,Card Declined,11,2,1,0.786,2,1160,UPI Link,0,0
PAY_02872,2931,Wallet,User Abandoned,14,2,0,0.824,7,538,Reminder,1,2931
PAY_02873,5791,Wallet,Insufficient Funds,9,0,0,0.9,12,57,Reminder,0,0
PAY_02874,4007,Net Banking,Card Declined,12,4,1,0.706,19,461,Reminder,0,0
PAY_02875,1049,Card,Card Declined,8,1,1,0.8,16,833,UPI Link,1,1049
PAY_02876,5634,Card,Bank Timeout,10,0,1,0.909,16,590,Retry,0,0
PAY_02877,2470,UPI,Card Declined,5,2,1,0.625,0,855,UPI Link,0,0
PAY_02878,2921,UPI,User Abandoned,12,2,0,0.8,20,82,Reminder,1,2921
PAY_02879,2413,Wallet,Technical Error,10,1,1,0.833,20,700,Retry,1,2413
PAY_02880,809,Net Banking,Technical Error,8,3,1,0.667,16,999,Retry,1,809
PAY_02881,692,Card,Card Declined,13,0,0,0.929,2,1417,UPI Link,1,692
PAY_02882,5979,Net Banking,Network Error,8,1,1,0.8,19,1294,Retry,1,5979
PAY_02883,2726,Net Banking,Technical Error,9,1,0,0.818,19,1052,Retry,1,2726
PAY_02884,2235,Net Banking,Bank Timeout,8,0,1,0.889,6,714,Reminder,0,0
PAY_02885,7521,Card,Technical Error,8,3,1,0.667,21,843,Retry,1,7521
PAY_02886,1384,Wallet,User Abandoned,1,1,2,0.333,6,1256,UPI Link,0,0
PAY_02887,6508,Card,User Abandoned,8,3,0,0.667,6,1408,UPI Link,1,6508
PAY_02888,1277,Net Banking,Bank Timeout,12,6,1,0.632,18,1066,Retry,1,1277
PAY_02889,16046,Net Banking,User Abandoned,7,0,0,0.875,6,1225,UPI Link,1,16046
PAY_02890,1458,Net Banking,Bank Timeout,11,2,2,0.786,15,768,Reminder,0,0
PAY_02891,11165,Wallet,User Abandoned,9,0,0,0.9,18,941,Reminder,1,11165
PAY_02892,3660,Card,Technical Error,9,0,1,0.9,2,518,Retry,1,3660
PAY_02893,12436,Wallet,Network Error,12,3,1,0.75,0,137,Retry,1,12436
PAY_02894,1274,Net Banking,Card Declined,11,7,1,0.579,17,1196,Reminder,0,0
PAY_02895,934,Wallet,Bank Timeout,6,1,0,0.75,1,876,Retry,1,934
PAY_02896,1594,Wallet,Network Error,5,2,0,0.625,15,896,Retry,1,1594
PAY_02897,2451,UPI,Bank Timeout,4,2,0,0.571,3,741,UPI Link,1,2451
PAY_02898,2423,UPI,Insufficient Funds,4,2,0,0.571,8,221,UPI Link,1,2423
PAY_02899,5233,Net Banking,Bank Timeout,9,3,0,0.692,23,1407,Retry,1,5233
PAY_02900,7001,UPI,User Abandoned,1,0,1,0.5,1,21,Reminder,1,7001
PAY_02901,1839,Net Banking,Technical Error,9,1,1,0.818,7,473,Retry,1,1839
PAY_02902,2348,Net Banking,Network Error,5,1,0,0.714,7,311,Retry,1,2348
PAY_02903,6815,Net Banking,Bank Timeout,14,4,0,0.737,12,417,Retry,1,6815
PAY_02904,6436,UPI,Bank Timeout,8,2,0,0.727,18,1258,Reminder,1,6436
PAY_02905,3619,Net Banking,Card Declined,8,1,0,0.8,3,505,Reminder,0,0
PAY_02906,8122,Card,Bank Timeout,3,2,1,0.5,19,340,UPI Link,0,0
PAY_02907,1737,Card,Technical Error,5,2,0,0.625,0,490,Retry,1,1737
PAY_02908,1498,Wallet,Network Error,8,2,1,0.727,12,914,Retry,1,1498
PAY_02909,1473,UPI,Insufficient Funds,9,2,1,0.75,22,910,Reminder,1,1473
PAY_02910,1574,Wallet,Network Error,10,1,1,0.833,0,1109,UPI Link,0,0
PAY_02911,9493,Card,User Abandoned,13,0,1,0.929,13,1074,Reminder,1,9493
PAY_02912,950,UPI,Card Declined,9,0,1,0.9,19,795,Reminder,1,950
PAY_02913,12964,Card,Technical Error,10,4,0,0.667,22,159,Retry,1,12964
PAY_02914,2880,Wallet,Bank Timeout,6,3,1,0.6,6,447,Retry,1,2880
PAY_02915,1598,Wallet,Technical Error,7,2,0,0.7,22,596,UPI Link,1,1598
PAY_02916,1047,Wallet,Network Error,9,1,1,0.818,0,1406,Reminder,1,1047
PAY_02917,19478,Card,User Abandoned,13,0,2,0.929,2,927,UPI Link,0,0
PAY_02918,2984,UPI,Card Declined,10,1,1,0.833,11,737,UPI Link,0,0
PAY_02919,2212,Wallet,Card Declined,7,4,2,0.583,14,869,UPI Link,0,0
PAY_02920,2332,Net Banking,Technical Error,6,3,0,0.6,8,751,Reminder,0,0
PAY_02921,6393,Net Banking,Card Declined,6,3,0,0.6,5,449,Reminder,1,6393
PAY_02922,4038,Card,Insufficient Funds,7,0,1,0.875,11,99,UPI Link,1,4038
PAY_02923,904,UPI,User Abandoned,8,3,0,0.667,2,1261,UPI Link,1,904
PAY_02924,3656,UPI,Technical Error,3,0,0,0.75,16,523,Retry,1,3656
PAY_02925,18369,Net Banking,Bank Timeout,8,0,1,0.889,8,381,Retry,0,0
PAY_02926,5387,Net Banking,Bank Timeout,5,2,1,0.625,2,475,UPI Link,0,0
PAY_02927,3455,UPI,Network Error,6,1,2,0.75,23,361,Reminder,1,3455
PAY_02928,6044,Wallet,Card Declined,9,1,0,0.818,7,36,Reminder,0,0
PAY_02929,2606,Card,Network Error,10,2,2,0.769,2,138,UPI Link,1,2606
PAY_02930,6844,Net Banking,Bank Timeout,18,4,1,0.783,3,948,Retry,0,0
PAY_02931,3732,Net Banking,User Abandoned,4,1,0,0.667,4,1093,UPI Link,1,3732
PAY_02932,3249,Card,Insufficient Funds,7,2,0,0.7,5,558,UPI Link,0,0
PAY_02933,3309,UPI,Network Error,4,5,1,0.4,1,807,Retry,0,0
PAY_02934,922,UPI,Card Declined,9,2,0,0.75,4,496,Reminder,0,0
PAY_02935,7827,Net Banking,Network Error,5,0,0,0.833,14,504,Retry,1,7827
PAY_02936,4482,UPI,User Abandoned,6,3,0,0.6,5,1311,UPI Link,0,0
PAY_02937,4293,UPI,Insufficient Funds,6,2,1,0.667,4,2,Reminder,1,4293
PAY_02938,2010,Wallet,User Abandoned,13,5,1,0.684,17,1109,UPI Link,1,2010
PAY_02939,8469,Wallet,User Abandoned,8,2,1,0.727,11,1241,UPI Link,1,8469
PAY_02940,1752,Wallet,Technical Error,9,3,1,0.692,13,342,Retry,1,1752
PAY_02941,9091,Wallet,Bank Timeout,13,0,0,0.929,6,151,Retry,1,9091
PAY_02942,11200,Net Banking,Technical Error,8,0,0,0.889,19,845,Retry,1,11200
PAY_02943,3296,Net Banking,Technical Error,8,4,0,0.615,10,998,Retry,1,3296
PAY_02944,1285,UPI,Bank Timeout,6,6,1,0.462,20,302,Retry,0,0
PAY_02945,853,Card,User Abandoned,7,1,0,0.778,12,501,Reminder,0,0
PAY_02946,3006,Card,Card Declined,8,2,0,0.727,15,818,UPI Link,0,0
PAY_02947,4906,Wallet,Technical Error,20,0,0,0.952,14,268,Retry,1,4906
PAY_02948,2941,UPI,Bank Timeout,7,2,0,0.7,20,208,Retry,1,2941
PAY_02949,4521,UPI,Technical Error,4,2,1,0.571,12,1339,UPI Link,1,4521
PAY_02950,15646,UPI,Network Error,6,4,0,0.545,11,1050,Retry,0,0
PAY_02951,1795,UPI,Card Declined,5,0,0,0.833,11,679,UPI Link,0,0
PAY_02952,656,Card,Insufficient Funds,10,4,0,0.667,4,1457,UPI Link,1,656
PAY_02953,1146,UPI,Insufficient Funds,5,3,1,0.556,6,1292,UPI Link,1,1146
PAY_02954,6747,UPI,Card Declined,4,2,1,0.571,10,1256,UPI Link,1,6747
PAY_02955,3166,Net Banking,Technical Error,9,1,0,0.818,1,1059,Retry,1,3166
PAY_02956,10878,Wallet,Card Declined,10,1,1,0.833,16,75,UPI Link,1,10878
PAY_02957,6577,UPI,Bank Timeout,7,2,1,0.7,10,1353,UPI Link,0,0
PAY_02958,1811,Net Banking,Bank Timeout,9,1,0,0.818,6,191,Retry,1,1811
PAY_02959,6518,Net Banking,Card Declined,13,1,0,0.867,1,91,UPI Link,1,6518
PAY_02960,4748,Card,Bank Timeout,11,2,1,0.786,18,397,Retry,1,4748
PAY_02961,12041,Card,Card Declined,6,4,1,0.545,18,523,Retry,0,0
PAY_02962,4954,Card,Insufficient Funds,10,1,0,0.833,5,77,Reminder,1,4954
PAY_02963,3505,Wallet,Insufficient Funds,8,1,0,0.8,14,340,Retry,1,3505
PAY_02964,16420,Wallet,Insufficient Funds,8,1,0,0.8,21,942,UPI Link,0,0
PAY_02965,10820,Net Banking,Network Error,9,1,2,0.818,11,961,Retry,1,10820
PAY_02966,3656,Net Banking,Network Error,10,0,1,0.909,17,678,Retry,1,3656
PAY_02967,4385,Net Banking,Network Error,6,2,0,0.667,21,1397,UPI Link,1,4385
PAY_02968,3028,Net Banking,Network Error,8,0,0,0.889,7,46,Retry,1,3028
PAY_02969,8364,Net Banking,Technical Error,8,4,1,0.615,9,1022,Reminder,1,8364
PAY_02970,4003,Wallet,Insufficient Funds,11,0,1,0.917,9,528,Reminder,1,4003
PAY_02971,2588,Card,Network Error,8,1,0,0.8,7,510,Retry,1,2588
PAY_02972,27894,Card,Insufficient Funds,3,2,2,0.5,17,1036,Reminder,0,0
PAY_02973,4246,Wallet,Card Declined,5,4,1,0.5,10,613,UPI Link,1,4246
PAY_02974,1790,Card,Network Error,9,1,1,0.818,21,136,UPI Link,0,0
PAY_02975,1945,UPI,Card Declined,3,4,1,0.375,13,316,UPI Link,0,0
PAY_02976,1090,UPI,Technical Error,9,2,0,0.75,3,631,Retry,1,1090
PAY_02977,1754,Wallet,Card Declined,8,1,1,0.8,6,831,UPI Link,1,1754
PAY_02978,3592,Card,Technical Error,11,3,0,0.733,19,338,Retry,1,3592
PAY_02979,3873,Net Banking,Network Error,9,4,1,0.643,2,207,Retry,1,3873
PAY_02980,7733,UPI,Bank Timeout,10,0,1,0.909,13,1009,UPI Link,1,7733
PAY_02981,1377,Card,Insufficient Funds,20,2,0,0.87,15,364,Reminder,1,1377
PAY_02982,1590,Net Banking,Technical Error,13,0,2,0.929,21,1434,Reminder,1,1590
PAY_02983,18989,UPI,Insufficient Funds,8,1,0,0.8,9,677,Reminder,0,0
PAY_02984,1521,UPI,Insufficient Funds,10,0,1,0.909,0,394,UPI Link,1,1521
PAY_02985,2459,Wallet,Card Declined,10,4,0,0.667,8,1216,UPI Link,1,2459
PAY_02986,7315,UPI,Network Error,6,1,0,0.75,4,134,Retry,0,0
PAY_02987,6080,Net Banking,Bank Timeout,8,1,2,0.8,22,1055,Reminder,0,0
PAY_02988,2595,Card,User Abandoned,9,1,0,0.818,1,806,UPI Link,1,2595
PAY_02989,1911,Card,User Abandoned,5,0,1,0.833,14,735,Retry,1,1911
PAY_02990,1839,Net Banking,Technical Error,8,3,2,0.667,22,822,Reminder,0,0
PAY_02991,2999,Card,Technical Error,9,0,2,0.9,10,432,Reminder,0,0
PAY_02992,14557,Card,User Abandoned,4,3,0,0.5,1,163,Reminder,0,0
PAY_02993,20114,UPI,Bank Timeout,5,2,0,0.625,14,259,Retry,0,0
PAY_02994,1547,UPI,Technical Error,10,2,0,0.769,22,656,Retry,0,0
PAY_02995,1462,Wallet,Card Declined,11,1,1,0.846,3,1320,UPI Link,1,1462
PAY_02996,11565,Net Banking,User Abandoned,11,5,0,0.647,15,1344,Reminder,1,11565
PAY_02997,2229,Card,Card Declined,10,3,0,0.714,11,136,UPI Link,1,2229
PAY_02998,3274,Net Banking,Card Declined,8,3,0,0.667,15,950,UPI Link,1,3274
PAY_02999,8251,Wallet,User Abandoned,11,2,0,0.786,14,273,UPI Link,1,8251
PAY_03000,9248,Wallet,User Abandoned,8,4,0,0.615,18,1434,Reminder,0,0
PAY_03001,17737,Card,Technical Error,8,3,1,0.667,2,998,UPI Link,1,17737
PAY_03002,2922,Net Banking,Bank Timeout,8,2,0,0.727,4,492,Retry,0,0
PAY_03003,2970,Wallet,Technical Error,6,1,0,0.75,23,370,Retry,0,0
PAY_03004,2004,UPI,User Abandoned,8,0,0,0.889,22,703,UPI Link,1,2004
PAY_03005,9909,Net Banking,Technical Error,5,3,0,0.556,3,989,UPI Link,1,9909
PAY_03006,939,Card,Bank Timeout,5,6,0,0.417,10,1394,Retry,0,0
PAY_03007,10006,Net Banking,Network Error,8,4,1,0.615,16,1210,Retry,1,10006
PAY_03008,1523,Card,Card Declined,6,0,2,0.857,1,932,Retry,0,0
PAY_03009,1267,Net Banking,Network Error,7,1,1,0.778,1,583,Retry,0,0
PAY_03010,1873,Wallet,Network Error,10,1,2,0.833,2,972,UPI Link,1,1873
PAY_03011,2151,Wallet,Card Declined,15,0,1,0.938,18,473,Retry,1,2151
PAY_03012,1847,Card,Card Declined,4,1,0,0.667,9,1336,Reminder,0,0
PAY_03013,2165,Card,User Abandoned,7,2,1,0.7,8,809,Reminder,1,2165
PAY_03014,11436,Card,Insufficient Funds,8,1,0,0.8,14,490,Reminder,0,0
PAY_03015,5562,Wallet,Insufficient Funds,6,1,0,0.75,8,1097,UPI Link,1,5562
PAY_03016,11072,Wallet,Insufficient Funds,10,1,1,0.833,23,1311,UPI Link,0,0
PAY_03017,1248,UPI,Card Declined,10,1,1,0.833,6,1094,UPI Link,1,1248
PAY_03018,5948,Net Banking,Insufficient Funds,9,0,0,0.9,12,1149,UPI Link,1,5948
PAY_03019,4127,Card,Network Error,8,1,2,0.8,6,30,UPI Link,0,0
PAY_03020,10089,UPI,Technical Error,7,1,2,0.778,7,983,Reminder,0,0
PAY_03021,2751,Card,User Abandoned,6,1,2,0.75,8,347,UPI Link,0,0
PAY_03022,6067,Net Banking,Card Declined,13,1,0,0.867,13,418,Reminder,0,0
PAY_03023,4441,Net Banking,Insufficient Funds,10,2,0,0.769,9,1111,UPI Link,0,0
PAY_03024,18048,UPI,Insufficient Funds,8,2,0,0.727,3,7,Retry,0,0
PAY_03025,387,UPI,Technical Error,9,3,0,0.692,3,925,Retry,1,387
PAY_03026,8946,Wallet,Network Error,5,3,0,0.556,15,1369,Retry,1,8946
PAY_03027,1237,UPI,Technical Error,4,2,0,0.571,11,362,Retry,0,0
PAY_03028,1895,Card,Network Error,9,0,0,0.9,23,38,Reminder,0,0
PAY_03029,922,UPI,Insufficient Funds,10,2,0,0.769,4,701,Reminder,0,0
PAY_03030,1779,Card,Card Declined,4,0,2,0.8,11,62,UPI Link,0,0
PAY_03031,2491,Wallet,Card Declined,13,3,0,0.765,16,825,UPI Link,0,0
PAY_03032,385,Card,Network Error,7,1,2,0.778,15,1201,UPI Link,0,0
PAY_03033,5191,UPI,User Abandoned,5,1,0,0.714,21,1013,UPI Link,1,5191
PAY_03034,6718,Wallet,Card Declined,8,1,0,0.8,20,756,UPI Link,1,6718
PAY_03035,3725,UPI,Insufficient Funds,12,1,1,0.857,6,8,UPI Link,1,3725
PAY_03036,1540,UPI,User Abandoned,4,2,0,0.571,20,694,Reminder,1,1540
PAY_03037,8474,UPI,Technical Error,8,2,1,0.727,2,275,UPI Link,0,0
PAY_03038,3329,UPI,Network Error,8,1,0,0.8,15,1013,Retry,1,3329
PAY_03039,1144,Net Banking,Insufficient Funds,8,3,1,0.667,1,1307,Reminder,1,1144
PAY_03040,7708,Net Banking,Network Error,10,2,1,0.769,9,80,UPI Link,0,0
PAY_03041,5194,UPI,Technical Error,10,4,2,0.667,4,1426,Reminder,0,0
PAY_03042,5511,Wallet,Bank Timeout,12,2,0,0.8,10,844,Reminder,0,0
PAY_03043,2473,Net Banking,Insufficient Funds,10,3,1,0.714,9,615,Reminder,0,0
PAY_03044,1338,UPI,Technical Error,4,1,0,0.667,5,1458,Retry,1,1338
PAY_03045,1517,Card,Network Error,10,3,1,0.714,19,206,Retry,1,1517
PAY_03046,763,UPI,Technical Error,4,2,0,0.571,10,254,Retry,0,0
PAY_03047,3822,Card,Network Error,8,2,0,0.727,7,101,Retry,1,3822
PAY_03048,1325,UPI,User Abandoned,8,4,1,0.615,18,1415,Reminder,0,0
PAY_03049,899,Net Banking,Insufficient Funds,8,1,1,0.8,1,639,Retry,0,0
PAY_03050,4705,Wallet,Insufficient Funds,4,1,2,0.667,10,552,UPI Link,1,4705
PAY_03051,2882,Card,Insufficient Funds,9,2,0,0.75,18,9,Reminder,0,0
PAY_03052,3936,Wallet,Insufficient Funds,12,1,1,0.857,11,832,UPI Link,1,3936
PAY_03053,1715,Net Banking,Bank Timeout,2,0,1,0.667,17,508,Retry,0,0
PAY_03054,2780,Card,Bank Timeout,9,0,2,0.9,18,1436,Retry,1,2780
PAY_03055,2391,UPI,Card Declined,5,1,0,0.714,23,1451,UPI Link,1,2391
PAY_03056,3236,Card,Card Declined,6,4,0,0.545,21,1072,Reminder,0,0
PAY_03057,4142,Card,Card Declined,8,1,1,0.8,7,122,UPI Link,1,4142
PAY_03058,1652,Wallet,Bank Timeout,9,1,1,0.818,9,706,Retry,1,1652
PAY_03059,6258,Wallet,Network Error,6,3,0,0.6,8,511,Retry,1,6258
PAY_03060,602,UPI,User Abandoned,14,1,1,0.875,8,1328,UPI Link,0,0
PAY_03061,6454,UPI,Insufficient Funds,9,1,1,0.818,18,392,UPI Link,1,6454
PAY_03062,810,Card,Network Error,10,0,0,0.909,20,1189,Retry,1,810
PAY_03063,4188,Card,Bank Timeout,10,2,2,0.769,1,473,Retry,1,4188
PAY_03064,1940,UPI,User Abandoned,2,1,0,0.5,21,809,Reminder,0,0
PAY_03065,7346,Card,Technical Error,9,3,0,0.692,18,6,Retry,1,7346
PAY_03066,1775,UPI,User Abandoned,6,2,0,0.667,13,220,Reminder,1,1775
PAY_03067,8966,Wallet,Bank Timeout,13,3,0,0.765,23,1328,UPI Link,1,8966
PAY_03068,876,Net Banking,Technical Error,5,0,1,0.833,12,1351,Retry,1,876
PAY_03069,2498,Net Banking,Card Declined,5,2,2,0.625,6,1301,UPI Link,0,0
PAY_03070,2313,Wallet,Technical Error,11,2,0,0.786,21,1357,Retry,1,2313
PAY_03071,3352,Wallet,Technical Error,4,0,1,0.8,1,517,Retry,1,3352
PAY_03072,2048,Wallet,Bank Timeout,11,2,0,0.786,1,940,Retry,0,0
PAY_03073,647,Card,Card Declined,7,0,0,0.875,9,289,UPI Link,1,647
PAY_03074,850,Card,Card Declined,7,0,0,0.875,15,1085,UPI Link,1,850
PAY_03075,7533,Wallet,Technical Error,9,2,0,0.75,20,460,Retry,0,0
PAY_03076,5163,Net Banking,Card Declined,7,1,1,0.778,8,329,UPI Link,1,5163
PAY_03077,11584,Wallet,Bank Timeout,7,3,0,0.636,7,1322,Retry,0,0
PAY_03078,6804,Card,Network Error,8,3,1,0.667,20,297,Retry,1,6804
PAY_03079,1354,Net Banking,Network Error,6,1,0,0.75,22,203,Retry,0,0
PAY_03080,28335,Net Banking,User Abandoned,14,5,1,0.7,0,129,UPI Link,1,28335
PAY_03081,4973,UPI,Bank Timeout,5,1,0,0.714,8,501,UPI Link,0,0
PAY_03082,22065,Card,User Abandoned,8,0,1,0.889,16,7,Reminder,1,22065
PAY_03083,941,UPI,Technical Error,10,1,2,0.833,17,860,UPI Link,1,941
PAY_03084,306,UPI,Card Declined,7,1,0,0.778,5,223,Reminder,1,306
PAY_03085,1821,Wallet,Technical Error,8,4,2,0.615,8,1201,Reminder,0,0
PAY_03086,14269,Wallet,User Abandoned,6,1,1,0.75,18,1156,Reminder,1,14269
PAY_03087,1481,Wallet,Card Declined,7,2,1,0.7,6,502,UPI Link,1,1481
PAY_03088,2929,Net Banking,Technical Error,6,0,1,0.857,7,1091,Retry,0,0
PAY_03089,6110,Card,Card Declined,8,3,1,0.667,0,1413,UPI Link,1,6110
PAY_03090,5440,Card,Bank Timeout,11,3,1,0.733,1,420,Retry,0,0
PAY_03091,19958,UPI,Insufficient Funds,9,3,2,0.692,17,904,UPI Link,0,0
PAY_03092,1599,Card,User Abandoned,11,1,0,0.846,6,760,Reminder,1,1599
PAY_03093,5382,Net Banking,Insufficient Funds,6,4,1,0.545,13,247,Retry,1,5382
PAY_03094,706,Wallet,Bank Timeout,12,1,0,0.857,10,485,Retry,1,706
PAY_03095,495,UPI,Technical Error,7,2,1,0.7,17,1289,Reminder,0,0
PAY_03096,3437,Card,Insufficient Funds,2,2,1,0.4,22,568,UPI Link,0,0
PAY_03097,2010,UPI,Card Declined,8,1,0,0.8,13,678,UPI Link,1,2010
PAY_03098,1354,Card,Network Error,8,3,0,0.667,0,875,Retry,1,1354
PAY_03099,1594,Net Banking,Card Declined,11,5,1,0.647,22,337,UPI Link,1,1594
PAY_03100,4763,UPI,User Abandoned,6,1,1,0.75,0,1367,Reminder,1,4763
PAY_03101,1575,Card,Bank Timeout,12,0,0,0.923,23,93,UPI Link,0,0
PAY_03102,1676,Card,Bank Timeout,10,1,0,0.833,4,605,Retry,1,1676
PAY_03103,7600,Wallet,Bank Timeout,7,2,1,0.7,4,65,Retry,1,7600
PAY_03104,585,Card,Technical Error,7,0,2,0.875,9,1407,Reminder,1,585
PAY_03105,6689,UPI,Bank Timeout,8,0,1,0.889,12,16,Retry,1,6689
PAY_03106,582,UPI,Network Error,9,1,0,0.818,21,861,Retry,1,582
PAY_03107,3329,Card,Bank Timeout,5,3,0,0.556,4,851,Retry,0,0
PAY_03108,1392,Card,User Abandoned,5,2,0,0.625,8,1462,Reminder,0,0
PAY_03109,4950,Net Banking,Card Declined,10,3,0,0.714,19,1092,UPI Link,1,4950
PAY_03110,14531,Card,Card Declined,5,0,1,0.833,5,1252,Reminder,0,0
PAY_03111,6348,Wallet,Technical Error,8,1,0,0.8,8,1242,Retry,1,6348
PAY_03112,1073,UPI,Bank Timeout,9,4,1,0.643,9,770,UPI Link,1,1073
PAY_03113,5537,Wallet,Insufficient Funds,9,0,1,0.9,3,1423,Reminder,1,5537
PAY_03114,6203,UPI,Bank Timeout,4,1,2,0.667,22,1093,Retry,1,6203
PAY_03115,6781,UPI,Network Error,7,2,1,0.7,12,1331,Retry,0,0
PAY_03116,7151,Card,Insufficient Funds,11,1,1,0.846,5,1104,Retry,1,7151
PAY_03117,3909,Card,Bank Timeout,10,2,0,0.769,16,1243,Retry,1,3909
PAY_03118,3232,UPI,Bank Timeout,4,3,1,0.5,17,172,Retry,1,3232
PAY_03119,12424,UPI,Technical Error,10,3,0,0.714,10,1125,Retry,1,12424
PAY_03120,12882,Card,Insufficient Funds,9,3,1,0.692,15,421,Reminder,0,0
PAY_03121,581,Card,User Abandoned,10,2,2,0.769,2,1061,Reminder,1,581
PAY_03122,2170,Wallet,Insufficient Funds,9,4,1,0.643,23,1299,UPI Link,1,2170
PAY_03123,1712,Net Banking,Card Declined,8,3,0,0.667,21,566,Retry,0,0
PAY_03124,3192,Net Banking,Insufficient Funds,7,1,0,0.778,0,56,UPI Link,1,3192
PAY_03125,632,UPI,User Abandoned,8,0,0,0.889,2,661,Reminder,1,632
PAY_03126,912,UPI,Insufficient Funds,9,1,2,0.818,6,985,Retry,1,912
PAY_03127,10953,UPI,Card Declined,6,2,1,0.667,20,761,UPI Link,0,0
PAY_03128,9190,UPI,User Abandoned,13,2,0,0.812,11,641,Reminder,1,9190
PAY_03129,7438,UPI,Network Error,6,0,2,0.857,9,599,Reminder,0,0
PAY_03130,2358,UPI,Network Error,8,2,0,0.727,19,1369,Retry,1,2358
PAY_03131,5104,Wallet,Technical Error,8,2,1,0.727,16,157,Retry,1,5104
PAY_03132,7365,Net Banking,Network Error,19,2,1,0.864,1,644,Retry,1,7365
PAY_03133,8817,UPI,Network Error,9,2,1,0.75,14,54,Retry,1,8817
PAY_03134,4421,UPI,Insufficient Funds,7,2,2,0.7,8,504,Reminder,1,4421
PAY_03135,7708,Net Banking,Insufficient Funds,7,2,0,0.7,23,1057,Reminder,0,0
PAY_03136,5757,Card,Card Declined,7,1,1,0.778,18,252,UPI Link,1,5757
PAY_03137,2288,Card,Technical Error,10,0,1,0.909,7,659,Retry,0,0
PAY_03138,2560,UPI,Technical Error,11,0,0,0.917,5,1182,Retry,1,2560
PAY_03139,434,UPI,Network Error,13,2,2,0.812,1,1281,UPI Link,1,434
PAY_03140,3604,Wallet,Bank Timeout,11,1,0,0.846,13,1234,UPI Link,1,3604
PAY_03141,30679,Wallet,Network Error,3,3,0,0.429,0,1279,UPI Link,1,30679
PAY_03142,3945,Card,Bank Timeout,12,2,0,0.8,1,549,UPI Link,1,3945
PAY_03143,16976,UPI,Card Declined,9,3,0,0.692,16,255,Reminder,1,16976
PAY_03144,1249,UPI,Technical Error,11,3,2,0.733,23,530,Retry,1,1249
PAY_03145,750,Card,Network Error,4,1,1,0.667,15,510,Retry,0,0
PAY_03146,3431,Wallet,User Abandoned,8,0,0,0.889,16,1327,Reminder,0,0
PAY_03147,2605,Net Banking,Bank Timeout,10,2,0,0.769,21,135,Retry,1,2605
PAY_03148,2225,Wallet,Network Error,12,3,2,0.75,9,1487,Reminder,0,0
PAY_03149,6440,Net Banking,Card Declined,5,1,0,0.714,5,43,UPI Link,1,6440
PAY_03150,2250,Wallet,User Abandoned,7,2,0,0.7,11,1480,UPI Link,1,2250
PAY_03151,2239,Wallet,Bank Timeout,11,2,0,0.786,9,516,Retry,1,2239
PAY_03152,4837,UPI,Card Declined,13,1,0,0.867,20,799,UPI Link,1,4837
PAY_03153,608,Net Banking,Technical Error,6,2,0,0.667,5,826,UPI Link,0,0
PAY_03154,2821,Net Banking,Technical Error,8,4,1,0.615,21,383,Retry,1,2821
PAY_03155,5285,UPI,User Abandoned,9,1,0,0.818,15,773,Reminder,1,5285
PAY_03156,3902,Net Banking,Technical Error,4,0,1,0.8,18,1087,Retry,0,0
PAY_03157,4548,UPI,Bank Timeout,7,0,2,0.875,3,755,Reminder,0,0
PAY_03158,4535,Card,Technical Error,5,3,0,0.556,23,275,Retry,0,0
PAY_03159,4822,UPI,User Abandoned,5,2,2,0.625,10,77,Reminder,0,0
PAY_03160,4379,UPI,Technical Error,7,1,0,0.778,6,443,Retry,1,4379
PAY_03161,3644,Net Banking,Bank Timeout,9,2,1,0.75,8,1203,Retry,1,3644
PAY_03162,3884,UPI,Card Declined,8,2,2,0.727,7,290,Reminder,0,0
PAY_03163,9580,UPI,Insufficient Funds,11,0,2,0.917,19,932,UPI Link,0,0
PAY_03164,9309,UPI,Network Error,10,3,0,0.714,19,407,Retry,0,0
PAY_03165,8306,UPI,User Abandoned,10,1,2,0.833,6,1009,Reminder,0,0
PAY_03166,13805,Wallet,User Abandoned,9,4,0,0.643,7,81,UPI Link,0,0
PAY_03167,3670,UPI,User Abandoned,10,2,0,0.769,2,1254,UPI Link,0,0
PAY_03168,1546,Wallet,Technical Error,7,1,1,0.778,3,946,Reminder,0,0
PAY_03169,1289,Wallet,Network Error,10,0,2,0.909,16,18,Reminder,0,0
PAY_03170,4470,Card,Bank Timeout,4,1,0,0.667,0,1201,Retry,1,4470
PAY_03171,6666,Wallet,Insufficient Funds,17,4,1,0.773,4,1224,UPI Link,1,6666
PAY_03172,2779,UPI,Bank Timeout,7,1,2,0.778,12,684,UPI Link,0,0
PAY_03173,3951,Wallet,Technical Error,8,0,2,0.889,9,1221,Reminder,1,3951
PAY_03174,557,Wallet,Insufficient Funds,13,3,1,0.765,21,438,Reminder,0,0
PAY_03175,8971,Net Banking,Bank Timeout,4,1,0,0.667,2,638,Retry,1,8971
PAY_03176,4125,UPI,Network Error,8,3,2,0.667,18,588,Reminder,1,4125
PAY_03177,1182,Net Banking,Bank Timeout,10,2,0,0.769,12,1086,Retry,1,1182
PAY_03178,4721,UPI,Network Error,8,2,0,0.727,13,399,Retry,1,4721
PAY_03179,840,Card,Bank Timeout,5,4,1,0.5,19,1036,Retry,1,840
PAY_03180,2401,Card,Card Declined,6,1,0,0.75,10,692,UPI Link,1,2401
PAY_03181,2220,UPI,Technical Error,6,1,0,0.75,22,1497,Retry,1,2220
PAY_03182,7198,Wallet,User Abandoned,3,1,0,0.6,11,1292,Reminder,1,7198
PAY_03183,28680,Net Banking,Bank Timeout,7,3,1,0.636,12,878,Retry,1,28680
PAY_03184,2173,UPI,Network Error,2,1,2,0.5,3,239,UPI Link,0,0
PAY_03185,8789,Wallet,Insufficient Funds,6,0,0,0.857,6,114,UPI Link,1,8789
PAY_03186,2915,Card,Technical Error,9,5,1,0.6,12,1245,Retry,1,2915
PAY_03187,4248,UPI,Card Declined,13,5,0,0.684,21,934,UPI Link,1,4248
PAY_03188,2698,Card,Insufficient Funds,9,3,0,0.692,6,521,Retry,0,0
PAY_03189,2052,Net Banking,Insufficient Funds,4,1,1,0.667,16,1127,Reminder,1,2052
PAY_03190,7403,UPI,Card Declined,5,1,2,0.714,15,870,Reminder,0,0
PAY_03191,10819,Card,Network Error,4,2,0,0.571,16,541,Retry,1,10819
PAY_03192,3233,UPI,Insufficient Funds,5,3,0,0.556,9,1136,Reminder,0,0
PAY_03193,23276,Wallet,Bank Timeout,4,1,0,0.667,9,487,Retry,0,0
PAY_03194,39625,Card,Card Declined,9,2,0,0.75,6,479,UPI Link,0,0
PAY_03195,9867,UPI,Insufficient Funds,10,1,0,0.833,21,759,UPI Link,1,9867
PAY_03196,7438,UPI,Network Error,5,5,0,0.455,16,755,Reminder,0,0
PAY_03197,1322,UPI,Technical Error,10,3,0,0.714,18,373,Reminder,1,1322
PAY_03198,1666,Wallet,Technical Error,8,2,1,0.727,5,826,UPI Link,1,1666
PAY_03199,3050,Wallet,Network Error,13,5,1,0.684,12,1346,Retry,1,3050
PAY_03200,13441,Wallet,Insufficient Funds,11,3,1,0.733,9,298,UPI Link,0,0
PAY_03201,5642,Net Banking,Network Error,9,1,1,0.818,20,1165,Retry,1,5642
PAY_03202,495,Net Banking,Network Error,10,5,0,0.625,9,44,UPI Link,0,0
PAY_03203,371,Net Banking,Network Error,5,2,1,0.625,6,359,UPI Link,1,371
PAY_03204,2794,UPI,Bank Timeout,2,1,0,0.5,9,290,UPI Link,0,0
PAY_03205,3356,Wallet,Card Declined,9,0,1,0.9,17,113,UPI Link,1,3356
PAY_03206,8391,UPI,Network Error,9,3,1,0.692,4,816,Retry,1,8391
PAY_03207,4782,Wallet,Card Declined,8,2,0,0.727,20,906,UPI Link,1,4782
PAY_03208,12724,Card,Technical Error,5,2,1,0.625,23,468,Retry,1,12724
PAY_03209,13216,Card,Technical Error,9,1,2,0.818,21,1234,Retry,1,13216
PAY_03210,14408,Card,Network Error,14,2,0,0.824,21,1150,UPI Link,0,0
PAY_03211,1270,Net Banking,Insufficient Funds,8,3,0,0.667,13,1360,Reminder,1,1270
PAY_03212,2161,Card,User Abandoned,10,3,1,0.714,19,890,Reminder,1,2161
PAY_03213,2825,Card,Card Declined,4,1,1,0.667,11,1116,UPI Link,1,2825
PAY_03214,18628,Wallet,User Abandoned,6,0,0,0.857,2,1128,Reminder,1,18628
PAY_03215,4550,Wallet,Technical Error,5,3,1,0.556,20,150,Reminder,1,4550
PAY_03216,2282,Card,Insufficient Funds,8,4,1,0.615,15,873,Reminder,0,0
PAY_03217,3337,Card,Bank Timeout,3,1,1,0.6,10,1171,Retry,0,0
PAY_03218,8218,UPI,Technical Error,6,1,0,0.75,8,817,Retry,1,8218
PAY_03219,2280,Card,Network Error,7,1,0,0.778,16,557,Retry,1,2280
PAY_03220,12045,UPI,Insufficient Funds,6,3,0,0.6,15,459,Reminder,0,0
PAY_03221,4440,Wallet,Network Error,11,1,1,0.846,12,129,Reminder,0,0
PAY_03222,2638,UPI,Card Declined,6,2,1,0.667,6,154,UPI Link,1,2638
PAY_03223,4161,Card,Network Error,10,3,0,0.714,0,99,Reminder,1,4161
PAY_03224,22537,Wallet,Network Error,3,1,0,0.6,19,1328,Retry,1,22537
PAY_03225,4401,Net Banking,User Abandoned,5,2,1,0.625,2,659,Reminder,1,4401
PAY_03226,5098,Wallet,Bank Timeout,2,0,2,0.667,16,402,Retry,0,0
PAY_03227,1782,Wallet,User Abandoned,12,1,1,0.857,20,295,Reminder,0,0
PAY_03228,4357,Net Banking,Bank Timeout,7,1,2,0.778,8,554,Reminder,0,0
PAY_03229,560,Wallet,Card Declined,8,0,1,0.889,19,577,UPI Link,1,560
PAY_03230,12177,UPI,User Abandoned,7,0,1,0.875,4,1487,Reminder,0,0
PAY_03231,3424,Wallet,User Abandoned,12,1,0,0.857,19,281,Reminder,0,0
PAY_03232,3342,UPI,User Abandoned,6,0,1,0.857,23,1281,UPI Link,1,3342
PAY_03233,8700,Wallet,Insufficient Funds,7,3,0,0.636,18,1433,Retry,1,8700
PAY_03234,2315,UPI,Technical Error,7,1,0,0.778,12,1074,Retry,0,0
PAY_03235,10305,Net Banking,Insufficient Funds,6,2,0,0.667,6,416,UPI Link,0,0
PAY_03236,1596,UPI,Bank Timeout,10,1,0,0.833,11,1465,Reminder,1,1596
PAY_03237,1060,Card,Technical Error,9,4,1,0.643,3,957,Retry,1,1060
PAY_03238,2658,UPI,Card Declined,10,0,0,0.909,6,337,UPI Link,1,2658
PAY_03239,4150,UPI,Network Error,10,0,0,0.909,0,778,Retry,0,0
PAY_03240,6099,Wallet,Bank Timeout,4,1,1,0.667,21,651,Retry,0,0
PAY_03241,689,Wallet,Network Error,4,3,1,0.5,11,771,Retry,0,0
PAY_03242,3507,Card,Card Declined,11,2,0,0.786,21,1117,UPI Link,1,3507
PAY_03243,3845,Net Banking,Network Error,8,3,0,0.667,23,346,UPI Link,0,0
PAY_03244,13004,Net Banking,Insufficient Funds,5,3,0,0.556,12,603,UPI Link,0,0
PAY_03245,1917,UPI,Card Declined,9,2,0,0.75,9,109,UPI Link,1,1917
PAY_03246,1071,Card,User Abandoned,9,0,0,0.9,3,816,Reminder,1,1071
PAY_03247,4570,UPI,Bank Timeout,6,2,1,0.667,23,1024,Retry,0,0
PAY_03248,854,Card,Bank Timeout,3,1,0,0.6,0,331,Retry,0,0
PAY_03249,34309,Wallet,Network Error,6,5,1,0.5,5,210,Retry,1,34309
PAY_03250,1261,Net Banking,Network Error,10,0,1,0.909,5,1173,Retry,1,1261
PAY_03251,1280,Wallet,User Abandoned,15,4,2,0.75,19,897,Reminder,0,0
PAY_03252,4176,Wallet,Bank Timeout,7,2,1,0.7,7,236,UPI Link,1,4176
PAY_03253,1152,Card,Network Error,7,1,2,0.778,10,837,Reminder,0,0
PAY_03254,6368,Card,Network Error,8,1,1,0.8,23,47,Retry,0,0
PAY_03255,8086,Wallet,Card Declined,5,1,2,0.714,3,929,UPI Link,0,0
PAY_03256,3554,UPI,Card Declined,10,2,1,0.769,7,830,UPI Link,1,3554
PAY_03257,5934,Card,Insufficient Funds,5,1,0,0.714,0,771,UPI Link,0,0
PAY_03258,5267,UPI,User Abandoned,10,2,0,0.769,5,459,UPI Link,0,0
PAY_03259,3015,Net Banking,User Abandoned,8,2,0,0.727,2,806,UPI Link,1,3015
PAY_03260,39515,Net Banking,Insufficient Funds,11,1,0,0.846,17,917,Retry,1,39515
PAY_03261,2704,Net Banking,Card Declined,7,5,1,0.538,4,150,UPI Link,0,0
PAY_03262,3354,Card,Insufficient Funds,8,1,1,0.8,4,671,UPI Link,1,3354
PAY_03263,1390,Wallet,Network Error,6,6,0,0.462,17,1210,Retry,1,1390
PAY_03264,5748,Net Banking,Bank Timeout,5,1,1,0.714,19,1248,Retry,0,0
PAY_03265,4373,UPI,Bank Timeout,3,1,0,0.6,1,678,UPI Link,1,4373
PAY_03266,1223,Card,User Abandoned,11,5,1,0.647,13,1473,UPI Link,0,0
PAY_03267,3334,Net Banking,Network Error,11,4,0,0.688,20,267,Retry,1,3334
PAY_03268,993,Net Banking,User Abandoned,5,1,1,0.714,16,1134,UPI Link,0,0
PAY_03269,3638,UPI,Technical Error,5,1,0,0.714,14,1283,Retry,1,3638
PAY_03270,3644,Wallet,Insufficient Funds,10,1,2,0.833,20,904,Reminder,1,3644
PAY_03271,9630,Card,Bank Timeout,8,2,1,0.727,12,917,Retry,1,9630
PAY_03272,910,Card,Network Error,5,3,2,0.556,5,54,Retry,1,910
PAY_03273,1844,Wallet,Technical Error,8,1,1,0.8,2,1258,Retry,0,0
PAY_03274,1238,Wallet,Card Declined,12,0,1,0.923,17,1009,UPI Link,1,1238
PAY_03275,3032,Card,Network Error,4,1,1,0.667,13,1036,Retry,1,3032
PAY_03276,3337,Card,Bank Timeout,11,7,0,0.579,16,1182,Retry,1,3337
PAY_03277,1625,UPI,User Abandoned,5,2,1,0.625,10,1396,Reminder,0,0
PAY_03278,2513,Wallet,User Abandoned,11,2,0,0.786,21,1281,UPI Link,1,2513
PAY_03279,2452,Net Banking,Insufficient Funds,7,2,2,0.7,8,62,UPI Link,0,0
PAY_03280,2353,Net Banking,Card Declined,8,3,1,0.667,23,1269,UPI Link,1,2353
PAY_03281,2516,Wallet,Network Error,8,1,0,0.8,0,1379,Retry,1,2516
PAY_03282,4338,Net Banking,Network Error,6,0,0,0.857,23,702,UPI Link,1,4338
PAY_03283,732,Net Banking,Technical Error,13,0,0,0.929,16,806,Retry,1,732
PAY_03284,4682,Wallet,Bank Timeout,8,1,0,0.8,11,1253,Retry,0,0
PAY_03285,6405,Card,User Abandoned,8,3,0,0.667,21,1091,UPI Link,1,6405
PAY_03286,4180,Net Banking,Card Declined,9,4,0,0.643,6,1119,Retry,0,0
PAY_03287,2838,UPI,Technical Error,10,2,1,0.769,5,534,Retry,1,2838
PAY_03288,1577,Net Banking,Bank Timeout,11,3,1,0.733,10,1480,Reminder,1,1577
PAY_03289,3335,Wallet,Bank Timeout,12,1,0,0.857,12,344,Reminder,1,3335
PAY_03290,13721,Card,Card Declined,8,2,1,0.727,7,1423,UPI Link,1,13721
PAY_03291,1221,Net Banking,Insufficient Funds,7,2,0,0.7,16,218,UPI Link,0,0
PAY_03292,3649,Wallet,Technical Error,9,2,0,0.75,0,1323,Retry,0,0
PAY_03293,1730,Net Banking,Card Declined,6,5,1,0.5,10,33,UPI Link,1,1730
PAY_03294,3478,Wallet,User Abandoned,8,3,0,0.667,8,460,Reminder,0,0
PAY_03295,7828,Net Banking,User Abandoned,7,0,1,0.875,3,1384,UPI Link,1,7828
PAY_03296,2233,UPI,Insufficient Funds,7,0,1,0.875,19,992,Reminder,1,2233
PAY_03297,3400,Card,Network Error,7,2,2,0.7,10,1192,Reminder,1,3400
PAY_03298,1473,UPI,Insufficient Funds,10,4,0,0.667,6,808,Reminder,0,0
PAY_03299,2461,Net Banking,Technical Error,11,0,1,0.917,3,670,UPI Link,1,2461
PAY_03300,1513,Card,Insufficient Funds,4,6,0,0.364,23,356,Reminder,0,0
PAY_03301,3109,Card,Card Declined,6,1,1,0.75,23,1075,UPI Link,1,3109
PAY_03302,5229,Wallet,Card Declined,7,3,0,0.636,1,33,Retry,1,5229
PAY_03303,1196,Net Banking,Bank Timeout,7,1,2,0.778,20,224,Reminder,0,0
PAY_03304,5064,UPI,Insufficient Funds,7,4,0,0.583,5,936,Reminder,1,5064
PAY_03305,2883,UPI,User Abandoned,7,2,1,0.7,16,969,UPI Link,0,0
PAY_03306,7105,Card,Card Declined,6,2,0,0.667,8,740,UPI Link,1,7105
PAY_03307,5135,Net Banking,Card Declined,9,1,0,0.818,4,678,UPI Link,1,5135
PAY_03308,1938,Wallet,Card Declined,10,3,0,0.714,10,1196,UPI Link,1,1938
PAY_03309,5642,Wallet,Network Error,4,0,1,0.8,8,612,UPI Link,0,0
PAY_03310,9794,Card,Card Declined,8,1,2,0.8,10,1045,UPI Link,0,0
PAY_03311,67022,Net Banking,Network Error,7,3,2,0.636,10,1205,Reminder,0,0
PAY_03312,6082,Net Banking,Technical Error,7,1,2,0.778,19,590,Reminder,0,0
PAY_03313,6346,Card,Technical Error,10,2,1,0.769,3,170,UPI Link,0,0
PAY_03314,2451,Wallet,Technical Error,5,2,0,0.625,4,13,UPI Link,0,0
PAY_03315,7079,UPI,Bank Timeout,11,2,0,0.786,11,1310,Retry,1,7079
PAY_03316,18190,Card,Insufficient Funds,11,3,0,0.733,4,1317,Retry,1,18190
PAY_03317,3284,UPI,Technical Error,5,1,0,0.714,2,427,Retry,1,3284
PAY_03318,9440,Net Banking,Card Declined,16,1,0,0.889,16,418,UPI Link,1,9440
PAY_03319,3526,Wallet,Network Error,4,1,2,0.667,5,1397,Reminder,0,0
PAY_03320,6966,Net Banking,Technical Error,6,1,1,0.75,16,1264,Retry,0,0
PAY_03321,9310,Wallet,Bank Timeout,8,1,1,0.8,22,455,Retry,1,9310
PAY_03322,8334,Wallet,User Abandoned,5,3,0,0.556,20,847,Reminder,1,8334
PAY_03323,2546,UPI,Bank Timeout,9,2,0,0.75,16,1442,Retry,0,0
PAY_03324,4628,Net Banking,Technical Error,7,2,0,0.7,2,1077,Retry,1,4628
PAY_03325,999,Card,User Abandoned,12,3,1,0.75,3,274,Reminder,0,0
PAY_03326,1319,UPI,Bank Timeout,8,2,0,0.727,19,294,UPI Link,1,1319
PAY_03327,1105,UPI,User Abandoned,6,1,0,0.75,19,190,Reminder,1,1105
PAY_03328,3294,UPI,Insufficient Funds,6,1,1,0.75,7,851,Reminder,0,0
PAY_03329,443,Card,Bank Timeout,6,2,2,0.667,17,949,Reminder,0,0
PAY_03330,7528,Card,Card Declined,4,1,1,0.667,16,1447,UPI Link,1,7528
PAY_03331,2241,Wallet,Bank Timeout,5,0,0,0.833,11,984,Retry,1,2241
PAY_03332,2755,Net Banking,User Abandoned,12,3,0,0.75,17,1286,Reminder,0,0
PAY_03333,3926,Card,Card Declined,11,0,0,0.917,18,67,UPI Link,1,3926
PAY_03334,5361,UPI,Network Error,8,3,2,0.667,23,929,Reminder,0,0
PAY_03335,7895,Card,User Abandoned,11,1,0,0.846,12,109,Reminder,0,0
PAY_03336,1639,Card,User Abandoned,5,3,1,0.556,3,1322,Reminder,1,1639
PAY_03337,7258,UPI,Card Declined,4,2,2,0.571,6,407,UPI Link,0,0
PAY_03338,5978,Card,Network Error,12,2,2,0.8,18,382,Retry,0,0
PAY_03339,2542,UPI,Technical Error,10,1,0,0.833,5,318,Retry,1,2542
PAY_03340,3122,Card,User Abandoned,9,2,1,0.75,5,207,UPI Link,0,0
PAY_03341,3491,Net Banking,User Abandoned,6,1,1,0.75,2,1312,Reminder,0,0
PAY_03342,1457,Card,Bank Timeout,9,0,0,0.9,10,1338,Retry,1,1457
PAY_03343,721,Card,Network Error,6,1,1,0.75,6,656,Retry,0,0
PAY_03344,5170,Net Banking,Technical Error,7,0,1,0.875,3,1002,UPI Link,1,5170
PAY_03345,4437,Wallet,User Abandoned,11,3,2,0.733,15,449,Reminder,0,0
PAY_03346,4964,Wallet,Technical Error,6,5,0,0.5,0,1170,Retry,0,0
PAY_03347,1667,Net Banking,Network Error,8,1,1,0.8,19,1466,UPI Link,0,0
PAY_03348,7217,Card,Card Declined,10,5,1,0.625,18,899,UPI Link,1,7217
PAY_03349,1128,Card,Card Declined,10,3,0,0.714,5,114,UPI Link,1,1128
PAY_03350,772,Wallet,Network Error,16,2,1,0.842,23,231,Retry,1,772
PAY_03351,7874,Net Banking,Bank Timeout,9,0,1,0.9,17,1063,Retry,1,7874
PAY_03352,1049,Card,Insufficient Funds,7,1,2,0.778,3,276,UPI Link,0,0
PAY_03353,3983,Wallet,User Abandoned,11,4,2,0.688,1,1123,Reminder,1,3983
PAY_03354,4512,UPI,Insufficient Funds,10,1,0,0.833,17,1002,UPI Link,1,4512
PAY_03355,9913,Wallet,Network Error,4,1,1,0.667,16,1166,Retry,1,9913
PAY_03356,1750,Card,User Abandoned,7,1,2,0.778,23,1444,UPI Link,1,1750
PAY_03357,672,Net Banking,Bank Timeout,10,4,0,0.667,20,1096,Retry,0,0
PAY_03358,17041,UPI,Insufficient Funds,10,2,0,0.769,0,570,Retry,0,0
PAY_03359,1236,Card,Card Declined,5,3,2,0.556,2,1173,Reminder,1,1236
PAY_03360,1119,Net Banking,Insufficient Funds,7,1,1,0.778,2,711,UPI Link,1,1119
PAY_03361,1825,Card,Bank Timeout,6,0,2,0.857,18,192,Reminder,0,0
PAY_03362,666,Card,User Abandoned,14,3,1,0.778,5,1495,UPI Link,1,666
PAY_03363,874,Net Banking,User Abandoned,1,0,0,0.5,2,621,Reminder,1,874
PAY_03364,6139,Net Banking,User Abandoned,10,1,2,0.833,16,395,Reminder,1,6139
PAY_03365,1641,Card,Insufficient Funds,9,1,1,0.818,13,963,Reminder,1,1641
PAY_03366,7079,Wallet,Insufficient Funds,10,2,1,0.769,3,298,Reminder,0,0
PAY_03367,3241,Card,User Abandoned,6,5,0,0.5,3,425,Reminder,1,3241
PAY_03368,2705,Wallet,Card Declined,10,3,1,0.714,21,286,UPI Link,0,0
PAY_03369,9701,UPI,Insufficient Funds,8,1,0,0.8,12,825,Reminder,0,0
PAY_03370,11560,Card,Insufficient Funds,8,1,0,0.8,19,1478,Reminder,0,0
PAY_03371,6701,Card,User Abandoned,7,2,0,0.7,21,1084,UPI Link,1,6701
PAY_03372,1409,Card,Bank Timeout,10,3,1,0.714,23,1495,Retry,1,1409
PAY_03373,2746,Net Banking,Network Error,4,3,0,0.5,13,779,Retry,1,2746
PAY_03374,9544,UPI,User Abandoned,4,3,0,0.5,14,1333,UPI Link,1,9544
PAY_03375,2923,Net Banking,Network Error,4,1,0,0.667,4,578,Retry,1,2923
PAY_03376,2022,UPI,Technical Error,7,2,0,0.7,17,1399,Retry,1,2022
PAY_03377,2152,Card,Technical Error,3,0,0,0.75,18,1362,Retry,1,2152
PAY_03378,1864,Card,Bank Timeout,4,2,1,0.571,9,770,Retry,0,0
PAY_03379,11144,Card,User Abandoned,11,1,0,0.846,11,1478,Reminder,1,11144
PAY_03380,4254,UPI,User Abandoned,6,4,2,0.545,20,3,UPI Link,1,4254
PAY_03381,1612,Card,User Abandoned,10,1,2,0.833,18,1222,Reminder,1,1612
PAY_03382,7547,Wallet,Insufficient Funds,6,4,0,0.545,7,930,Reminder,1,7547
PAY_03383,3230,Net Banking,Bank Timeout,9,0,1,0.9,11,1126,Retry,1,3230
PAY_03384,3276,Net Banking,Card Declined,5,2,0,0.625,4,435,Reminder,0,0
PAY_03385,2613,Net Banking,Insufficient Funds,11,2,2,0.786,4,53,Reminder,1,2613
PAY_03386,6915,Wallet,Insufficient Funds,7,2,1,0.7,3,742,UPI Link,1,6915
PAY_03387,1702,Wallet,Bank Timeout,8,2,1,0.727,15,570,Retry,1,1702
PAY_03388,3950,UPI,Card Declined,7,1,2,0.778,23,175,UPI Link,0,0
PAY_03389,9601,UPI,Card Declined,7,1,0,0.778,4,260,Reminder,0,0
PAY_03390,1538,UPI,Technical Error,10,2,0,0.769,8,325,UPI Link,1,1538
PAY_03391,9338,UPI,Bank Timeout,4,0,2,0.8,22,585,Reminder,0,0
PAY_03392,2090,UPI,Insufficient Funds,8,0,0,0.889,19,744,Retry,1,2090
PAY_03393,4017,Wallet,Card Declined,8,2,1,0.727,20,925,UPI Link,1,4017
PAY_03394,888,Net Banking,Network Error,9,1,0,0.818,11,907,Retry,1,888
PAY_03395,5544,Net Banking,Technical Error,12,0,0,0.923,13,354,Reminder,0,0
PAY_03396,1683,Net Banking,Card Declined,5,0,0,0.833,4,515,UPI Link,1,1683
PAY_03397,2278,UPI,Insufficient Funds,17,2,0,0.85,17,122,UPI Link,0,0
PAY_03398,2698,UPI,Insufficient Funds,7,2,0,0.7,0,845,UPI Link,1,2698
PAY_03399,2881,UPI,Card Declined,8,4,1,0.615,8,185,UPI Link,0,0
PAY_03400,2150,Wallet,Network Error,6,1,0,0.75,17,27,Retry,1,2150
PAY_03401,8088,Net Banking,Card Declined,6,4,0,0.545,4,1214,UPI Link,1,8088
PAY_03402,1716,UPI,Technical Error,13,2,2,0.812,1,950,Reminder,0,0
PAY_03403,5480,UPI,Card Declined,5,1,1,0.714,3,505,UPI Link,1,5480
PAY_03404,2168,Card,Technical Error,8,2,0,0.727,1,590,Retry,1,2168
PAY_03405,1482,Net Banking,Card Declined,7,3,0,0.636,6,821,UPI Link,0,0
PAY_03406,1083,Card,Insufficient Funds,8,0,0,0.889,18,892,Reminder,1,1083
PAY_03407,3454,Net Banking,Card Declined,8,1,1,0.8,22,880,UPI Link,0,0
PAY_03408,1318,Wallet,Insufficient Funds,7,4,0,0.583,3,1150,Reminder,0,0
PAY_03409,23776,Card,User Abandoned,13,3,0,0.765,19,825,Reminder,1,23776
PAY_03410,8842,Wallet,Technical Error,13,3,1,0.765,12,895,UPI Link,1,8842
PAY_03411,1208,UPI,Technical Error,11,1,1,0.846,2,1075,Retry,1,1208
PAY_03412,2864,Card,User Abandoned,9,2,1,0.75,0,66,Reminder,1,2864
PAY_03413,4036,Net Banking,Card Declined,12,0,1,0.923,13,206,UPI Link,1,4036
PAY_03414,2627,Net Banking,User Abandoned,11,2,1,0.786,0,139,UPI Link,0,0
PAY_03415,5071,UPI,Card Declined,4,4,1,0.444,15,1366,UPI Link,0,0
PAY_03416,2880,Net Banking,Insufficient Funds,6,4,0,0.545,23,1342,Reminder,0,0
PAY_03417,977,Card,Network Error,3,1,1,0.6,2,1465,Retry,1,977
PAY_03418,5019,Net Banking,Network Error,12,1,0,0.857,10,511,Retry,1,5019
PAY_03419,695,UPI,Technical Error,11,1,0,0.846,1,524,Retry,1,695
PAY_03420,820,UPI,Network Error,3,2,0,0.5,20,1225,UPI Link,0,0
PAY_03421,4010,Wallet,Network Error,10,2,1,0.769,15,1309,Retry,0,0
PAY_03422,7903,UPI,Bank Timeout,10,3,1,0.714,18,900,Retry,1,7903
PAY_03423,1277,Wallet,Card Declined,11,3,1,0.733,17,600,UPI Link,1,1277
PAY_03424,1685,Wallet,Insufficient Funds,6,3,0,0.6,6,994,Reminder,1,1685
PAY_03425,4054,UPI,Card Declined,5,1,1,0.714,18,546,UPI Link,0,0
PAY_03426,965,Card,Technical Error,6,3,1,0.6,5,432,UPI Link,1,965
PAY_03427,827,Net Banking,Network Error,6,0,1,0.857,3,1251,Retry,1,827
PAY_03428,6230,UPI,Insufficient Funds,5,2,2,0.625,8,339,Retry,0,0
PAY_03429,5284,Card,Insufficient Funds,3,2,0,0.5,14,105,UPI Link,0,0
PAY_03430,1992,Card,Insufficient Funds,9,4,0,0.643,13,113,UPI Link,1,1992
PAY_03431,1528,UPI,User Abandoned,4,3,2,0.5,20,532,Reminder,1,1528
PAY_03432,1738,UPI,Bank Timeout,11,2,0,0.786,21,1438,UPI Link,1,1738
PAY_03433,605,Wallet,Bank Timeout,4,3,0,0.5,2,911,Reminder,1,605
PAY_03434,943,Net Banking,User Abandoned,8,2,1,0.727,0,145,Retry,1,943
PAY_03435,7885,Wallet,Technical Error,8,1,0,0.8,17,284,Retry,1,7885
PAY_03436,2185,UPI,Card Declined,6,5,0,0.5,16,1051,Reminder,0,0
PAY_03437,2905,Card,Network Error,12,2,1,0.8,16,766,Retry,1,2905
PAY_03438,1119,UPI,Network Error,10,0,0,0.909,1,53,Retry,1,1119
PAY_03439,4011,UPI,Card Declined,8,2,1,0.727,10,970,UPI Link,1,4011
PAY_03440,2737,Card,Bank Timeout,11,3,1,0.733,18,175,Retry,1,2737
PAY_03441,1331,Wallet,Insufficient Funds,7,2,2,0.7,21,173,Retry,1,1331
PAY_03442,2663,Wallet,User Abandoned,11,1,1,0.846,8,339,UPI Link,1,2663
PAY_03443,4471,Wallet,Network Error,15,1,1,0.882,4,949,UPI Link,0,0
PAY_03444,5163,Wallet,Network Error,4,1,2,0.667,15,1362,UPI Link,1,5163
PAY_03445,2517,Net Banking,Insufficient Funds,1,3,1,0.2,11,470,UPI Link,0,0
PAY_03446,2109,Net Banking,Insufficient Funds,12,1,1,0.857,13,231,Reminder,1,2109
PAY_03447,7642,UPI,Card Declined,5,3,1,0.556,20,509,UPI Link,0,0
PAY_03448,4223,Net Banking,User Abandoned,7,3,2,0.636,17,1144,Reminder,1,4223
PAY_03449,1928,Wallet,Technical Error,7,3,0,0.636,14,1190,UPI Link,0,0
PAY_03450,963,Wallet,Bank Timeout,7,3,0,0.636,20,93,UPI Link,1,963
PAY_03451,8640,Wallet,User Abandoned,11,5,2,0.647,9,1249,Reminder,0,0
PAY_03452,1703,Card,User Abandoned,5,3,0,0.556,19,880,Reminder,1,1703
PAY_03453,421,Wallet,Network Error,9,4,0,0.643,4,133,Retry,1,421
PAY_03454,3030,Card,Network Error,8,2,0,0.727,3,791,Retry,1,3030
PAY_03455,9306,Net Banking,Network Error,6,0,0,0.857,20,833,Retry,1,9306
PAY_03456,2136,Card,Insufficient Funds,9,3,1,0.692,18,455,Reminder,1,2136
PAY_03457,2165,Wallet,Network Error,8,3,2,0.667,16,467,UPI Link,0,0
PAY_03458,1149,Wallet,Bank Timeout,13,1,0,0.867,12,983,Retry,0,0
PAY_03459,2197,Wallet,Network Error,7,3,1,0.636,2,871,Retry,0,0
PAY_03460,3262,UPI,Insufficient Funds,6,1,0,0.75,2,440,Retry,1,3262
PAY_03461,6075,UPI,Network Error,4,3,2,0.5,7,733,UPI Link,1,6075
PAY_03462,762,Card,Bank Timeout,9,2,2,0.75,13,222,Reminder,0,0
PAY_03463,3695,Wallet,User Abandoned,13,2,1,0.812,0,700,Reminder,1,3695
PAY_03464,3109,Card,Insufficient Funds,5,1,0,0.714,10,1140,UPI Link,0,0
PAY_03465,37303,Wallet,Technical Error,5,2,2,0.625,0,340,Reminder,1,37303
PAY_03466,7426,Net Banking,Technical Error,11,4,1,0.688,4,537,Retry,1,7426
PAY_03467,1049,UPI,Card Declined,9,4,0,0.643,20,65,Reminder,1,1049
PAY_03468,9975,Net Banking,Technical Error,7,2,0,0.7,18,853,Retry,1,9975
PAY_03469,1763,UPI,Card Declined,8,2,2,0.727,15,134,Reminder,0,0
PAY_03470,14317,Card,User Abandoned,15,3,0,0.789,19,1103,UPI Link,0,0
PAY_03471,19371,UPI,Network Error,11,2,1,0.786,23,6,UPI Link,0,0
PAY_03472,2868,Wallet,Network Error,6,1,0,0.75,3,557,Retry,0,0
PAY_03473,5275,Net Banking,Card Declined,6,1,1,0.75,3,464,Reminder,0,0
PAY_03474,2049,Card,Card Declined,7,0,2,0.875,12,543,UPI Link,0,0
PAY_03475,4335,Card,User Abandoned,11,2,1,0.786,12,1427,UPI Link,1,4335
PAY_03476,3166,Wallet,Technical Error,4,3,1,0.5,12,1162,Retry,0,0
PAY_03477,31146,UPI,Technical Error,9,1,0,0.818,18,535,Reminder,1,31146
PAY_03478,2797,UPI,Insufficient Funds,4,2,0,0.571,19,277,UPI Link,0,0
PAY_03479,5444,Card,Insufficient Funds,7,1,2,0.778,15,740,Reminder,0,0
PAY_03480,25762,Wallet,User Abandoned,9,2,0,0.75,11,233,Reminder,1,25762
PAY_03481,10752,UPI,Card Declined,6,4,2,0.545,23,127,UPI Link,1,10752
PAY_03482,8715,Wallet,Bank Timeout,7,0,1,0.875,10,510,Retry,0,0
PAY_03483,3284,Card,Insufficient Funds,9,1,1,0.818,18,533,Reminder,1,3284
PAY_03484,1727,UPI,Card Declined,8,0,1,0.889,0,101,UPI Link,1,1727
PAY_03485,5256,Net Banking,Bank Timeout,9,0,0,0.9,16,1189,Retry,1,5256
PAY_03486,14108,UPI,Technical Error,7,3,1,0.636,12,1398,UPI Link,0,0
PAY_03487,2233,Wallet,Card Declined,8,1,1,0.8,13,103,UPI Link,1,2233
PAY_03488,19725,Wallet,Technical Error,5,2,0,0.625,0,637,Retry,1,19725
PAY_03489,1890,Net Banking,Card Declined,15,2,1,0.833,10,1101,Reminder,1,1890
PAY_03490,4846,Wallet,Technical Error,10,3,0,0.714,7,394,UPI Link,1,4846
PAY_03491,4947,UPI,Card Declined,8,3,0,0.667,7,757,UPI Link,1,4947
PAY_03492,5984,Wallet,Card Declined,2,4,0,0.286,20,378,Reminder,0,0
PAY_03493,4090,Net Banking,User Abandoned,5,1,0,0.714,1,223,Reminder,1,4090
PAY_03494,6792,Net Banking,Network Error,5,3,1,0.556,11,469,Reminder,0,0
PAY_03495,6914,UPI,User Abandoned,9,2,2,0.75,13,329,UPI Link,0,0
PAY_03496,6137,UPI,Bank Timeout,8,2,0,0.727,9,371,Reminder,1,6137
PAY_03497,1639,Wallet,Card Declined,11,0,1,0.917,22,1345,UPI Link,1,1639
PAY_03498,2348,Wallet,Bank Timeout,6,0,0,0.857,19,138,Retry,1,2348
PAY_03499,1575,UPI,Insufficient Funds,8,4,0,0.615,8,1453,Retry,0,0
PAY_03500,1216,UPI,Technical Error,5,2,1,0.625,8,1093,UPI Link,0,0
PAY_03501,5872,Wallet,Insufficient Funds,7,2,0,0.7,17,31,Reminder,1,5872
PAY_03502,3590,Wallet,Card Declined,8,1,2,0.8,15,1145,UPI Link,0,0
PAY_03503,472,UPI,Bank Timeout,5,3,1,0.556,19,734,Retry,1,472
PAY_03504,2144,UPI,Technical Error,6,0,1,0.857,4,1472,Retry,1,2144
PAY_03505,4709,Net Banking,Bank Timeout,8,1,2,0.8,13,156,Reminder,0,0
PAY_03506,9689,UPI,Bank Timeout,10,1,0,0.833,6,1083,Retry,1,9689
PAY_03507,10573,Wallet,Technical Error,10,2,0,0.769,13,709,Retry,1,10573
PAY_03508,541,Wallet,Network Error,10,1,0,0.833,14,1135,Retry,1,541
PAY_03509,20440,Card,Technical Error,7,4,0,0.583,16,359,Retry,1,20440
PAY_03510,5915,UPI,User Abandoned,8,3,1,0.667,22,477,Reminder,0,0
PAY_03511,6669,Net Banking,Technical Error,9,4,0,0.643,1,65,Retry,0,0
PAY_03512,2187,Wallet,Technical Error,5,0,0,0.833,20,753,Retry,1,2187
PAY_03513,3738,Wallet,Technical Error,14,1,2,0.875,4,404,UPI Link,0,0
PAY_03514,12727,UPI,Insufficient Funds,6,3,0,0.6,6,316,Retry,1,12727
PAY_03515,315,Wallet,Technical Error,7,2,1,0.7,19,1498,Reminder,1,315
PAY_03516,4547,UPI,Card Declined,8,1,1,0.8,12,423,UPI Link,1,4547
PAY_03517,5811,Net Banking,User Abandoned,9,0,2,0.9,21,341,Reminder,1,5811
PAY_03518,4222,UPI,Bank Timeout,4,2,1,0.571,17,778,Retry,1,4222
PAY_03519,4897,UPI,Card Declined,9,1,0,0.818,22,26,UPI Link,1,4897
PAY_03520,909,UPI,Insufficient Funds,8,3,1,0.667,12,506,UPI Link,1,909
PAY_03521,4332,Net Banking,Technical Error,4,2,2,0.571,20,399,Reminder,1,4332
PAY_03522,3050,Card,Technical Error,4,2,2,0.571,17,1031,UPI Link,0,0
PAY_03523,5172,Net Banking,Network Error,9,2,0,0.75,10,471,UPI Link,0,0
PAY_03524,2579,UPI,Insufficient Funds,6,2,2,0.667,20,213,UPI Link,0,0
PAY_03525,3199,Wallet,Card Declined,14,1,1,0.875,16,587,UPI Link,0,0
PAY_03526,2844,UPI,Card Declined,7,3,0,0.636,5,572,UPI Link,0,0
PAY_03527,836,Net Banking,Technical Error,13,1,0,0.867,13,110,UPI Link,0,0
PAY_03528,3176,Card,Network Error,12,0,0,0.923,22,136,Retry,1,3176
PAY_03529,8138,Card,Card Declined,6,2,2,0.667,17,220,UPI Link,1,8138
PAY_03530,1583,Net Banking,Bank Timeout,4,2,2,0.571,19,253,Reminder,0,0
PAY_03531,3241,Wallet,Network Error,10,1,1,0.833,21,524,UPI Link,1,3241
PAY_03532,2155,Wallet,Network Error,4,0,1,0.8,18,872,Reminder,0,0
PAY_03533,2720,Card,User Abandoned,6,2,1,0.667,1,627,Retry,0,0
PAY_03534,2757,Net Banking,Card Declined,11,0,1,0.917,22,273,Reminder,0,0
PAY_03535,10334,UPI,Technical Error,3,0,1,0.75,21,282,Retry,0,0
PAY_03536,5038,Card,Insufficient Funds,7,1,0,0.778,23,1226,UPI Link,0,0
PAY_03537,7141,Wallet,User Abandoned,8,2,0,0.727,5,549,Reminder,1,7141
PAY_03538,1518,Card,Network Error,11,2,2,0.786,7,1214,Reminder,0,0
PAY_03539,17062,Card,Bank Timeout,4,0,1,0.8,3,310,Reminder,0,0
PAY_03540,2562,Wallet,Insufficient Funds,9,0,1,0.9,5,1161,Reminder,1,2562
PAY_03541,976,Card,Network Error,6,2,1,0.667,1,1458,Retry,0,0
PAY_03542,10362,Card,Bank Timeout,14,0,0,0.933,3,92,UPI Link,1,10362
PAY_03543,8858,UPI,Bank Timeout,5,1,0,0.714,5,5,Retry,1,8858
PAY_03544,2907,Wallet,Card Declined,6,9,1,0.375,12,235,UPI Link,0,0
PAY_03545,11435,UPI,Network Error,9,3,2,0.692,19,1376,Retry,0,0
PAY_03546,19347,Wallet,User Abandoned,9,1,1,0.818,3,23,Reminder,1,19347
PAY_03547,8026,Net Banking,Bank Timeout,12,2,0,0.8,12,191,Retry,0,0
PAY_03548,2196,Card,Network Error,11,3,0,0.733,10,1331,Retry,1,2196
PAY_03549,4764,UPI,Network Error,6,4,1,0.545,1,989,Retry,1,4764
PAY_03550,842,Card,Bank Timeout,12,1,0,0.857,9,837,UPI Link,1,842
PAY_03551,8362,Net Banking,User Abandoned,9,4,0,0.643,1,8,Reminder,1,8362
PAY_03552,2644,UPI,Card Declined,7,2,1,0.7,5,8,UPI Link,1,2644
PAY_03553,810,Net Banking,Technical Error,13,2,2,0.812,18,777,Reminder,0,0
PAY_03554,5265,UPI,Technical Error,8,3,0,0.667,22,95,Retry,1,5265
PAY_03555,1125,Wallet,Card Declined,8,6,0,0.533,2,152,UPI Link,1,1125
PAY_03556,4258,Wallet,Technical Error,10,3,0,0.714,2,1452,Retry,0,0
PAY_03557,5279,Card,Technical Error,3,3,0,0.429,14,1110,Retry,1,5279
PAY_03558,8812,Wallet,Network Error,9,1,1,0.818,8,1267,Retry,1,8812
PAY_03559,12087,UPI,Technical Error,19,2,1,0.864,6,881,Retry,1,12087
PAY_03560,3362,Card,Technical Error,13,2,1,0.812,4,774,Retry,1,3362
PAY_03561,4370,Wallet,Bank Timeout,9,0,1,0.9,19,941,UPI Link,1,4370
PAY_03562,770,Card,Network Error,3,1,1,0.6,17,1138,Retry,1,770
PAY_03563,2381,UPI,Card Declined,11,4,1,0.688,21,1353,UPI Link,1,2381
PAY_03564,2296,UPI,Technical Error,10,1,0,0.833,11,1212,Retry,1,2296
PAY_03565,1032,Net Banking,Card Declined,10,4,0,0.667,18,931,Reminder,0,0
PAY_03566,12797,UPI,User Abandoned,9,1,1,0.818,7,260,Reminder,1,12797
PAY_03567,5349,UPI,Bank Timeout,5,1,1,0.714,22,735,Retry,1,5349
PAY_03568,2238,Card,Card Declined,3,3,0,0.429,9,162,UPI Link,1,2238
PAY_03569,3922,UPI,Network Error,8,5,0,0.571,4,150,UPI Link,0,0
PAY_03570,15692,Net Banking,Technical Error,4,2,1,0.571,10,242,Retry,1,15692
PAY_03571,1368,Wallet,Technical Error,11,4,2,0.688,2,1375,UPI Link,0,0
PAY_03572,21633,Wallet,Technical Error,9,1,1,0.818,19,379,UPI Link,1,21633
PAY_03573,1368,UPI,Network Error,8,3,2,0.667,20,1130,Reminder,0,0
PAY_03574,2887,UPI,Network Error,6,0,2,0.857,18,825,Retry,0,0
PAY_03575,9052,Wallet,Technical Error,9,3,0,0.692,5,289,Retry,0,0
PAY_03576,1967,Wallet,Technical Error,9,3,1,0.692,18,153,Retry,0,0
PAY_03577,5592,Net Banking,User Abandoned,10,1,2,0.833,11,546,UPI Link,1,5592
PAY_03578,634,UPI,Network Error,9,4,0,0.643,21,602,Retry,1,634
PAY_03579,891,UPI,Technical Error,8,6,1,0.533,16,259,Retry,0,0
PAY_03580,7635,Card,Bank Timeout,6,2,0,0.667,15,1,UPI Link,0,0
PAY_03581,712,UPI,User Abandoned,9,5,0,0.6,2,1295,Reminder,1,712
PAY_03582,3243,Net Banking,Card Declined,8,3,0,0.667,1,941,UPI Link,1,3243
PAY_03583,3001,Card,Technical Error,5,1,1,0.714,5,1031,Retry,1,3001
PAY_03584,3265,Net Banking,User Abandoned,9,2,0,0.75,0,120,Reminder,1,3265
PAY_03585,2969,Card,Bank Timeout,9,5,2,0.6,8,1469,UPI Link,1,2969
PAY_03586,2269,UPI,Bank Timeout,16,3,1,0.8,2,798,Reminder,0,0
PAY_03587,1584,Net Banking,Insufficient Funds,9,2,1,0.75,2,121,UPI Link,1,1584
PAY_03588,3844,UPI,Insufficient Funds,11,1,0,0.846,18,762,Retry,1,3844
PAY_03589,1137,Card,Card Declined,8,4,0,0.615,21,177,UPI Link,1,1137
PAY_03590,6736,Wallet,Insufficient Funds,7,0,2,0.875,1,743,Reminder,1,6736
PAY_03591,1804,Wallet,Insufficient Funds,9,0,1,0.9,4,409,Reminder,1,1804
PAY_03592,1289,Wallet,Insufficient Funds,7,4,1,0.583,18,643,UPI Link,0,0
PAY_03593,10553,UPI,Card Declined,6,1,0,0.75,22,1339,UPI Link,1,10553
PAY_03594,1582,Net Banking,Network Error,19,0,2,0.95,10,1432,Reminder,1,1582
PAY_03595,5487,Card,Network Error,10,1,1,0.833,14,847,Retry,1,5487
PAY_03596,2610,Card,Card Declined,5,2,0,0.625,4,1219,UPI Link,1,2610
PAY_03597,18766,Wallet,Insufficient Funds,1,3,1,0.2,23,181,Retry,1,18766
PAY_03598,2376,Card,Card Declined,6,1,0,0.75,9,1103,UPI Link,0,0
PAY_03599,4127,UPI,Insufficient Funds,8,2,0,0.727,10,93,Reminder,0,0
PAY_03600,7915,Wallet,Bank Timeout,9,1,2,0.818,5,141,UPI Link,0,0
PAY_03601,4268,Net Banking,Bank Timeout,7,0,2,0.875,11,897,Reminder,0,0
PAY_03602,5758,Card,Technical Error,11,1,0,0.846,13,1086,Retry,1,5758
PAY_03603,8415,Net Banking,Network Error,15,0,1,0.938,1,880,Retry,1,8415
PAY_03604,11165,Card,User Abandoned,13,3,0,0.765,9,1110,Reminder,0,0
PAY_03605,2044,Net Banking,Bank Timeout,13,3,0,0.765,7,784,Reminder,0,0
PAY_03606,4652,Net Banking,Card Declined,9,3,0,0.692,17,98,UPI Link,1,4652
PAY_03607,23857,UPI,Card Declined,15,0,1,0.938,8,1444,UPI Link,1,23857
PAY_03608,1706,Net Banking,Card Declined,9,2,1,0.75,10,722,UPI Link,1,1706
PAY_03609,4900,Wallet,Bank Timeout,9,3,0,0.692,18,375,UPI Link,1,4900
PAY_03610,4662,UPI,Network Error,10,0,0,0.909,17,683,Reminder,1,4662
PAY_03611,1049,Net Banking,Insufficient Funds,6,6,0,0.462,15,1289,UPI Link,1,1049
PAY_03612,4167,UPI,User Abandoned,10,2,1,0.769,3,479,Reminder,1,4167
PAY_03613,3315,UPI,Insufficient Funds,11,2,1,0.786,16,795,Reminder,1,3315
PAY_03614,673,UPI,Bank Timeout,6,4,0,0.545,9,1443,Reminder,1,673
PAY_03615,11328,Wallet,Insufficient Funds,6,0,2,0.857,22,363,Reminder,1,11328
PAY_03616,4943,UPI,Card Declined,7,2,2,0.7,19,760,Retry,1,4943
PAY_03617,2265,Net Banking,Technical Error,5,0,2,0.833,2,1398,Reminder,0,0
PAY_03618,1966,UPI,Insufficient Funds,13,2,2,0.812,4,374,Reminder,1,1966
PAY_03619,1882,Net Banking,Network Error,9,4,0,0.643,1,22,Retry,0,0
PAY_03620,2824,Wallet,User Abandoned,7,5,0,0.538,2,655,Reminder,1,2824
PAY_03621,9414,Card,User Abandoned,12,1,0,0.857,11,1341,UPI Link,0,0
PAY_03622,2962,Net Banking,Card Declined,8,2,2,0.727,19,696,UPI Link,1,2962
PAY_03623,24200,Net Banking,Insufficient Funds,5,1,1,0.714,3,908,UPI Link,1,24200
PAY_03624,6098,Card,Card Declined,5,3,1,0.556,17,102,Retry,0,0
PAY_03625,4464,Net Banking,User Abandoned,17,0,0,0.944,7,1365,UPI Link,1,4464
PAY_03626,668,UPI,Insufficient Funds,4,1,0,0.667,12,590,Retry,0,0
PAY_03627,6130,Card,Technical Error,3,3,2,0.429,0,417,UPI Link,1,6130
PAY_03628,5881,UPI,Insufficient Funds,7,0,0,0.875,11,259,Retry,1,5881
PAY_03629,2417,Card,Card Declined,7,0,0,0.875,16,1253,UPI Link,1,2417
PAY_03630,1706,Net Banking,Insufficient Funds,9,3,0,0.692,17,615,UPI Link,0,0
PAY_03631,1883,UPI,Bank Timeout,13,0,2,0.929,10,1261,UPI Link,0,0
PAY_03632,7585,Card,Network Error,7,1,0,0.778,11,499,Reminder,0,0
PAY_03633,15683,Net Banking,Bank Timeout,4,1,0,0.667,11,795,Retry,1,15683
PAY_03634,1875,UPI,Card Declined,5,3,1,0.556,18,1183,UPI Link,1,1875
PAY_03635,2846,UPI,Card Declined,7,2,1,0.7,13,1122,UPI Link,1,2846
PAY_03636,2198,Wallet,User Abandoned,9,3,1,0.692,15,539,Reminder,1,2198
PAY_03637,1219,Card,Card Declined,9,6,1,0.562,8,1423,UPI Link,0,0
PAY_03638,2353,Card,User Abandoned,13,2,0,0.812,18,592,Reminder,0,0
PAY_03639,18048,Net Banking,Bank Timeout,10,0,0,0.909,0,805,Retry,1,18048
PAY_03640,4442,Wallet,Bank Timeout,6,3,0,0.6,10,17,Retry,1,4442
PAY_03641,955,Net Banking,Insufficient Funds,7,0,0,0.875,15,436,Retry,1,955
PAY_03642,4190,Net Banking,Technical Error,12,4,0,0.706,12,377,Retry,1,4190
PAY_03643,4010,Wallet,Network Error,6,0,0,0.857,5,1193,Retry,1,4010
PAY_03644,5134,Card,User Abandoned,6,5,1,0.5,22,307,Reminder,0,0
PAY_03645,20705,Card,Technical Error,4,0,0,0.8,3,143,Retry,0,0
PAY_03646,5448,UPI,Network Error,10,0,0,0.909,20,864,UPI Link,0,0
PAY_03647,11416,UPI,Technical Error,13,7,0,0.619,0,1305,UPI Link,1,11416
PAY_03648,1354,Wallet,Network Error,13,0,0,0.929,7,29,Retry,1,1354
PAY_03649,8043,UPI,Insufficient Funds,9,2,1,0.75,12,910,Reminder,1,8043
PAY_03650,2420,Card,Network Error,6,2,0,0.667,9,1390,Retry,1,2420
PAY_03651,4593,Wallet,Technical Error,10,5,1,0.625,17,1113,Retry,1,4593
PAY_03652,8591,Card,Insufficient Funds,3,1,0,0.6,18,1216,UPI Link,1,8591
PAY_03653,2598,Net Banking,Bank Timeout,5,1,1,0.714,1,473,Reminder,1,2598
PAY_03654,5118,Card,Card Declined,6,2,2,0.667,5,18,Reminder,1,5118
PAY_03655,369,Card,Card Declined,8,2,0,0.727,11,1067,UPI Link,0,0
PAY_03656,1757,Net Banking,Card Declined,6,2,1,0.667,0,1424,UPI Link,0,0
PAY_03657,1033,UPI,Card Declined,10,2,0,0.769,2,706,Reminder,1,1033
PAY_03658,12013,Card,User Abandoned,10,3,1,0.714,0,371,Reminder,1,12013
PAY_03659,1192,Card,Insufficient Funds,8,0,2,0.889,19,1486,UPI Link,0,0
PAY_03660,5979,UPI,Technical Error,4,2,1,0.571,3,1070,Retry,1,5979
PAY_03661,1186,Wallet,User Abandoned,7,1,0,0.778,21,750,UPI Link,1,1186
PAY_03662,3581,Wallet,Insufficient Funds,12,5,0,0.667,16,895,Reminder,0,0
PAY_03663,7350,Net Banking,Technical Error,5,3,1,0.556,17,168,UPI Link,1,7350
PAY_03664,6867,Net Banking,Network Error,4,3,2,0.5,14,1414,Retry,0,0
PAY_03665,4461,Card,User Abandoned,6,3,2,0.6,3,782,UPI Link,0,0
PAY_03666,2402,UPI,User Abandoned,9,4,0,0.643,10,485,Reminder,1,2402
PAY_03667,1967,Card,Insufficient Funds,10,2,1,0.769,12,1247,Retry,0,0
PAY_03668,1504,Wallet,Bank Timeout,15,1,1,0.882,8,680,Reminder,0,0
PAY_03669,9277,Net Banking,Insufficient Funds,5,1,2,0.714,3,1053,Reminder,1,9277
PAY_03670,4508,Wallet,Bank Timeout,9,1,0,0.818,1,364,Retry,1,4508
PAY_03671,5139,Net Banking,Network Error,12,2,0,0.8,20,469,Retry,0,0
PAY_03672,2859,Card,Insufficient Funds,9,2,0,0.75,2,569,Reminder,0,0
PAY_03673,4218,Net Banking,User Abandoned,8,3,0,0.667,23,270,UPI Link,0,0
PAY_03674,2180,UPI,Insufficient Funds,10,1,1,0.833,11,1183,UPI Link,0,0
PAY_03675,6092,Card,User Abandoned,6,0,0,0.857,21,260,UPI Link,0,0
PAY_03676,6695,UPI,Bank Timeout,8,1,0,0.8,20,426,Reminder,1,6695
PAY_03677,29724,Net Banking,User Abandoned,9,4,2,0.643,4,449,UPI Link,1,29724
PAY_03678,1413,Card,User Abandoned,6,2,1,0.667,15,736,UPI Link,1,1413
PAY_03679,1862,Card,User Abandoned,9,2,0,0.75,7,764,UPI Link,0,0
PAY_03680,1205,UPI,Bank Timeout,11,1,1,0.846,2,856,Retry,1,1205
PAY_03681,5418,UPI,Card Declined,8,1,0,0.8,12,404,UPI Link,1,5418
PAY_03682,3719,UPI,Technical Error,5,1,2,0.714,19,473,Retry,0,0
PAY_03683,1695,Wallet,Card Declined,8,1,1,0.8,11,815,Retry,1,1695
PAY_03684,1384,UPI,Network Error,12,4,1,0.706,7,271,UPI Link,1,1384
PAY_03685,5515,UPI,User Abandoned,4,1,0,0.667,19,184,Reminder,1,5515
PAY_03686,14927,UPI,Card Declined,10,4,0,0.667,12,1246,UPI Link,0,0
PAY_03687,1079,Card,Network Error,9,2,2,0.75,16,447,Reminder,1,1079
PAY_03688,4865,UPI,Technical Error,7,2,0,0.7,23,1109,UPI Link,1,4865
PAY_03689,988,UPI,Network Error,11,5,1,0.647,12,333,Retry,0,0
PAY_03690,3861,UPI,Bank Timeout,5,2,0,0.625,13,998,Retry,1,3861
PAY_03691,5994,UPI,Technical Error,13,1,1,0.867,17,755,Reminder,1,5994
PAY_03692,868,Wallet,Card Declined,6,2,1,0.667,1,785,UPI Link,1,868
PAY_03693,10797,Wallet,Bank Timeout,12,3,0,0.75,18,1049,UPI Link,0,0
PAY_03694,1033,Net Banking,Technical Error,9,1,0,0.818,9,1191,Retry,1,1033
PAY_03695,11314,Net Banking,Technical Error,5,3,2,0.556,1,904,Retry,0,0
PAY_03696,634,Wallet,Bank Timeout,6,2,2,0.667,9,1239,UPI Link,0,0
PAY_03697,15703,Card,Network Error,7,1,1,0.778,11,18,Retry,1,15703
PAY_03698,2526,Wallet,Bank Timeout,3,3,1,0.429,6,266,UPI Link,0,0
PAY_03699,2341,Wallet,Bank Timeout,11,4,1,0.688,3,182,Retry,1,2341
PAY_03700,1278,Card,Technical Error,9,3,0,0.692,13,1363,Retry,1,1278
PAY_03701,1136,Net Banking,User Abandoned,8,1,1,0.8,22,657,Reminder,0,0
PAY_03702,5534,Card,Insufficient Funds,7,0,2,0.875,16,1052,UPI Link,1,5534
PAY_03703,23499,UPI,Network Error,10,1,2,0.833,15,1217,Retry,1,23499
PAY_03704,5276,UPI,User Abandoned,6,1,1,0.75,13,303,UPI Link,0,0
PAY_03705,517,Net Banking,User Abandoned,10,3,0,0.714,21,1231,UPI Link,0,0
PAY_03706,5725,Wallet,Technical Error,3,2,0,0.5,6,1147,Retry,1,5725
PAY_03707,13352,Card,Bank Timeout,3,1,2,0.6,9,944,Retry,0,0
PAY_03708,2167,Card,Technical Error,10,2,2,0.769,1,747,UPI Link,1,2167
PAY_03709,2840,Card,Bank Timeout,6,3,0,0.6,6,72,UPI Link,1,2840
PAY_03710,1771,Card,Insufficient Funds,6,3,0,0.6,22,750,UPI Link,1,1771
PAY_03711,7456,Wallet,Card Declined,9,1,0,0.818,11,1473,UPI Link,1,7456
PAY_03712,6533,Wallet,User Abandoned,5,1,1,0.714,22,1155,UPI Link,1,6533
PAY_03713,19389,Wallet,Technical Error,2,3,1,0.333,12,1202,UPI Link,0,0
PAY_03714,8695,Net Banking,User Abandoned,8,0,2,0.889,10,409,Reminder,1,8695
PAY_03715,1013,Card,Card Declined,5,3,0,0.556,18,968,Retry,0,0
PAY_03716,1466,Net Banking,Card Declined,10,3,1,0.714,23,1218,Reminder,0,0
PAY_03717,4208,Wallet,Insufficient Funds,8,1,1,0.8,6,575,Reminder,0,0
PAY_03718,2425,Card,Technical Error,5,3,0,0.556,11,46,Retry,1,2425
PAY_03719,3303,UPI,Network Error,10,2,0,0.769,19,628,Retry,1,3303
PAY_03720,3230,Net Banking,Bank Timeout,8,1,1,0.8,19,293,Retry,0,0
PAY_03721,3487,Net Banking,Network Error,13,1,1,0.867,12,619,UPI Link,1,3487
PAY_03722,2103,Card,Insufficient Funds,11,2,0,0.786,0,929,Retry,0,0
PAY_03723,4351,Net Banking,Bank Timeout,6,1,0,0.75,11,1470,Retry,0,0
PAY_03724,2530,UPI,Technical Error,7,2,0,0.7,12,251,Reminder,0,0
PAY_03725,2827,Net Banking,Insufficient Funds,16,1,2,0.889,8,1333,UPI Link,0,0
PAY_03726,3467,Card,Bank Timeout,7,5,0,0.538,13,239,Retry,1,3467
PAY_03727,13430,Net Banking,Technical Error,7,3,0,0.636,22,115,Retry,1,13430
PAY_03728,5088,Wallet,Bank Timeout,8,1,2,0.8,14,463,Reminder,1,5088
PAY_03729,3381,UPI,Insufficient Funds,9,3,1,0.692,20,1406,UPI Link,1,3381
PAY_03730,501,Wallet,Network Error,5,1,0,0.714,5,291,Reminder,1,501
PAY_03731,233,UPI,Technical Error,8,3,2,0.667,17,915,Reminder,0,0
PAY_03732,2482,Net Banking,Technical Error,7,1,0,0.778,6,743,UPI Link,0,0
PAY_03733,508,Net Banking,User Abandoned,9,2,0,0.75,13,1036,UPI Link,0,0
PAY_03734,1144,Net Banking,Technical Error,6,0,2,0.857,20,1391,UPI Link,0,0
PAY_03735,1097,UPI,Card Declined,11,3,0,0.733,20,336,Reminder,1,1097
PAY_03736,8109,UPI,User Abandoned,9,0,1,0.9,13,700,UPI Link,0,0
PAY_03737,7355,Card,Bank Timeout,8,1,1,0.8,14,928,Retry,1,7355
PAY_03738,36430,Wallet,Card Declined,10,0,2,0.909,10,833,UPI Link,1,36430
PAY_03739,1077,Wallet,Insufficient Funds,7,1,0,0.778,8,127,UPI Link,0,0
PAY_03740,4862,UPI,User Abandoned,5,2,2,0.625,11,313,UPI Link,1,4862
PAY_03741,10331,UPI,Insufficient Funds,7,1,0,0.778,10,1330,UPI Link,0,0
PAY_03742,2024,UPI,Insufficient Funds,11,3,0,0.733,4,991,Retry,0,0
PAY_03743,2279,Card,User Abandoned,8,5,0,0.571,2,634,Reminder,1,2279
PAY_03744,11876,Wallet,User Abandoned,3,4,0,0.375,3,872,Reminder,0,0
PAY_03745,4289,Net Banking,Bank Timeout,7,4,1,0.583,22,253,UPI Link,0,0
PAY_03746,6312,Card,Card Declined,6,5,1,0.5,20,1422,UPI Link,1,6312
PAY_03747,646,Card,Insufficient Funds,10,1,0,0.833,3,406,Reminder,0,0
PAY_03748,813,Net Banking,Technical Error,12,1,2,0.857,4,1062,UPI Link,0,0
PAY_03749,1181,Card,User Abandoned,12,0,0,0.923,19,1321,Reminder,0,0
PAY_03750,10123,Wallet,Bank Timeout,9,2,0,0.75,4,1473,Retry,1,10123
PAY_03751,7352,Net Banking,User Abandoned,5,5,2,0.455,6,481,Reminder,0,0
PAY_03752,2962,Card,User Abandoned,3,0,2,0.75,14,465,UPI Link,0,0
PAY_03753,2901,Card,Network Error,5,2,1,0.625,19,357,Retry,1,2901
PAY_03754,10107,Net Banking,Card Declined,7,1,2,0.778,22,455,Reminder,0,0
PAY_03755,5924,Card,Bank Timeout,5,1,0,0.714,13,875,Retry,1,5924
PAY_03756,11241,Net Banking,Insufficient Funds,3,1,1,0.6,12,188,Retry,1,11241
PAY_03757,725,Wallet,Insufficient Funds,11,0,1,0.917,5,797,UPI Link,1,725
PAY_03758,7344,UPI,Network Error,7,0,0,0.875,6,781,Retry,1,7344
PAY_03759,2226,UPI,Card Declined,7,3,0,0.636,4,812,UPI Link,0,0
PAY_03760,3136,Card,Network Error,10,3,2,0.714,17,1295,Retry,1,3136
PAY_03761,1919,UPI,Card Declined,9,1,2,0.818,20,891,Retry,1,1919
PAY_03762,4306,Net Banking,Network Error,7,0,0,0.875,12,980,Retry,1,4306
PAY_03763,1656,Wallet,Technical Error,11,1,0,0.846,4,430,Reminder,1,1656
PAY_03764,3625,Card,User Abandoned,8,1,0,0.8,4,331,UPI Link,0,0
PAY_03765,2402,UPI,User Abandoned,8,1,0,0.8,19,599,Reminder,0,0
PAY_03766,908,Card,Technical Error,10,2,1,0.769,21,1160,Retry,1,908
PAY_03767,7385,Card,Bank Timeout,8,1,2,0.8,11,830,Reminder,0,0
PAY_03768,3940,Card,Network Error,11,0,0,0.917,6,762,Retry,1,3940
PAY_03769,6204,Wallet,Bank Timeout,10,5,2,0.625,23,981,Retry,0,0
PAY_03770,5630,Card,Insufficient Funds,5,1,2,0.714,3,1089,Reminder,0,0
PAY_03771,5058,Wallet,User Abandoned,8,1,1,0.8,8,215,UPI Link,0,0
PAY_03772,569,UPI,Card Declined,6,2,2,0.667,10,470,Reminder,0,0
PAY_03773,4336,Net Banking,Insufficient Funds,7,1,2,0.778,17,664,Reminder,0,0
PAY_03774,1977,UPI,Bank Timeout,3,2,1,0.5,5,822,Retry,1,1977
PAY_03775,1650,Net Banking,User Abandoned,6,4,1,0.545,7,1170,UPI Link,0,0
PAY_03776,1817,Wallet,User Abandoned,13,1,0,0.867,12,130,Reminder,1,1817
PAY_03777,15158,Net Banking,Card Declined,6,1,0,0.75,11,653,UPI Link,0,0
PAY_03778,1427,UPI,Bank Timeout,9,1,2,0.818,21,138,Reminder,1,1427
PAY_03779,11850,Wallet,User Abandoned,8,4,0,0.615,2,159,UPI Link,1,11850
PAY_03780,3050,Net Banking,Technical Error,9,1,1,0.818,8,35,Retry,1,3050
PAY_03781,11223,UPI,Network Error,8,0,2,0.889,12,1214,Retry,1,11223
PAY_03782,6309,Net Banking,Card Declined,7,5,1,0.538,15,733,Reminder,1,6309
PAY_03783,808,UPI,Card Declined,8,5,0,0.571,4,38,UPI Link,1,808
PAY_03784,1167,Wallet,Bank Timeout,12,2,2,0.8,0,146,UPI Link,1,1167
PAY_03785,3529,Wallet,Insufficient Funds,7,2,0,0.7,23,1356,Reminder,1,3529
PAY_03786,2950,Net Banking,Insufficient Funds,6,2,0,0.667,18,499,UPI Link,0,0
PAY_03787,3319,Wallet,Network Error,10,2,1,0.769,14,1090,Retry,1,3319
PAY_03788,4026,Wallet,Card Declined,12,4,0,0.706,18,1072,UPI Link,0,0
PAY_03789,7495,UPI,Bank Timeout,6,1,1,0.75,15,991,Retry,0,0
PAY_03790,3813,Card,Bank Timeout,12,0,1,0.923,20,798,Retry,0,0
PAY_03791,1603,UPI,Card Declined,14,3,0,0.778,22,1182,Retry,0,0
PAY_03792,10900,Wallet,User Abandoned,10,3,1,0.714,13,722,Reminder,1,10900
PAY_03793,3431,Card,User Abandoned,8,2,2,0.727,18,1431,UPI Link,1,3431
PAY_03794,14260,Card,Insufficient Funds,10,2,1,0.769,2,1291,UPI Link,0,0
PAY_03795,2802,Net Banking,Technical Error,12,2,0,0.8,0,1050,Retry,1,2802
PAY_03796,4005,Net Banking,Bank Timeout,3,2,0,0.5,3,297,Retry,1,4005
PAY_03797,1938,UPI,Network Error,4,1,0,0.667,11,49,UPI Link,1,1938
PAY_03798,7401,Wallet,Card Declined,6,1,0,0.75,9,1154,UPI Link,0,0
PAY_03799,2804,Net Banking,Card Declined,8,3,0,0.667,22,103,UPI Link,1,2804
PAY_03800,8996,Wallet,Network Error,10,3,1,0.714,12,628,Retry,0,0
PAY_03801,2575,Wallet,Card Declined,16,1,1,0.889,9,1173,UPI Link,1,2575
PAY_03802,3121,Wallet,Technical Error,8,1,0,0.8,13,413,Retry,0,0
PAY_03803,9242,Net Banking,Card Declined,11,1,2,0.846,1,527,Reminder,1,9242
PAY_03804,20122,UPI,Insufficient Funds,8,1,1,0.8,7,723,Reminder,0,0
PAY_03805,5026,Card,Card Declined,2,1,0,0.5,1,1206,Reminder,1,5026
PAY_03806,9437,Net Banking,Network Error,7,0,1,0.875,19,382,Reminder,0,0
PAY_03807,15927,Wallet,Insufficient Funds,7,0,0,0.875,20,1159,UPI Link,1,15927
PAY_03808,1984,Card,Network Error,3,3,2,0.429,12,457,Reminder,0,0
PAY_03809,3601,UPI,User Abandoned,7,1,0,0.778,18,955,UPI Link,0,0
PAY_03810,6022,Card,Technical Error,10,2,0,0.769,3,331,Retry,1,6022
PAY_03811,3772,Wallet,Card Declined,10,4,2,0.667,6,874,UPI Link,0,0
PAY_03812,4105,UPI,Technical Error,9,3,1,0.692,9,1075,Retry,1,4105
PAY_03813,3677,Net Banking,Network Error,10,2,1,0.769,11,577,Retry,1,3677
PAY_03814,5295,Wallet,Bank Timeout,7,3,0,0.636,10,537,UPI Link,0,0
PAY_03815,4442,Net Banking,User Abandoned,10,4,0,0.667,9,1453,Reminder,1,4442
PAY_03816,9519,UPI,Technical Error,10,2,1,0.769,3,811,Retry,1,9519
PAY_03817,18122,Card,Network Error,9,2,0,0.75,22,530,Retry,0,0
PAY_03818,486,Wallet,Technical Error,8,3,0,0.667,18,553,UPI Link,1,486
PAY_03819,5290,Net Banking,Insufficient Funds,9,1,1,0.818,21,1347,UPI Link,0,0
PAY_03820,6565,Card,Bank Timeout,5,3,0,0.556,1,1216,Retry,1,6565
PAY_03821,2492,Wallet,Bank Timeout,7,1,1,0.778,23,977,UPI Link,1,2492
PAY_03822,2411,Card,Network Error,14,4,2,0.737,17,1316,UPI Link,0,0
PAY_03823,3444,Net Banking,Insufficient Funds,6,1,0,0.75,5,213,Retry,0,0
PAY_03824,2836,Wallet,Bank Timeout,7,1,0,0.778,22,355,Retry,1,2836
PAY_03825,469,Wallet,Insufficient Funds,6,5,1,0.5,10,618,Retry,1,469
PAY_03826,4365,Net Banking,Bank Timeout,9,2,0,0.75,20,1454,UPI Link,0,0
PAY_03827,982,Net Banking,Technical Error,9,4,1,0.643,18,271,UPI Link,0,0
PAY_03828,2712,Card,Insufficient Funds,4,4,0,0.444,0,88,Reminder,0,0
PAY_03829,852,Wallet,Technical Error,8,1,1,0.8,2,304,UPI Link,1,852
PAY_03830,9089,Card,Network Error,10,2,0,0.769,0,290,UPI Link,0,0
PAY_03831,4156,Net Banking,Insufficient Funds,7,3,0,0.636,3,418,UPI Link,0,0
PAY_03832,4057,Wallet,Technical Error,7,1,1,0.778,11,1083,UPI Link,1,4057
PAY_03833,1425,Wallet,Bank Timeout,7,1,0,0.778,18,691,Retry,1,1425
PAY_03834,3343,Wallet,Insufficient Funds,10,2,1,0.769,13,162,Retry,1,3343
PAY_03835,1658,Card,Insufficient Funds,5,0,0,0.833,22,739,UPI Link,1,1658
PAY_03836,1123,Card,Technical Error,7,1,2,0.778,10,813,Reminder,0,0
PAY_03837,2676,UPI,Insufficient Funds,7,1,0,0.778,17,1128,Reminder,0,0
PAY_03838,11664,Card,Technical Error,9,2,0,0.75,6,835,Retry,1,11664
PAY_03839,1792,Card,Insufficient Funds,5,1,0,0.714,6,635,UPI Link,0,0
PAY_03840,6264,Card,Technical Error,7,3,1,0.636,6,1344,Retry,1,6264
PAY_03841,3419,Net Banking,Bank Timeout,8,2,2,0.727,14,1463,UPI Link,0,0
PAY_03842,9853,Wallet,Network Error,8,0,0,0.889,1,1131,UPI Link,1,9853
PAY_03843,1050,Net Banking,User Abandoned,8,3,2,0.667,4,1166,UPI Link,0,0
PAY_03844,3463,Wallet,Network Error,6,0,0,0.857,4,1340,Retry,1,3463
PAY_03845,3360,Wallet,Card Declined,4,0,0,0.8,2,954,UPI Link,0,0
PAY_03846,769,UPI,Technical Error,7,0,0,0.875,10,120,Retry,1,769
PAY_03847,7020,Net Banking,Insufficient Funds,12,3,0,0.75,5,1146,UPI Link,0,0
PAY_03848,6401,Net Banking,Card Declined,4,4,1,0.444,10,372,UPI Link,1,6401
PAY_03849,1390,Net Banking,User Abandoned,8,2,0,0.727,6,412,Reminder,1,1390
PAY_03850,6841,Card,Network Error,12,4,0,0.706,0,280,Retry,1,6841
PAY_03851,5117,Net Banking,Card Declined,10,3,1,0.714,3,442,UPI Link,1,5117
PAY_03852,4675,UPI,Bank Timeout,9,1,0,0.818,7,405,Retry,1,4675
PAY_03853,4093,Wallet,Card Declined,7,2,0,0.7,23,1418,UPI Link,1,4093
PAY_03854,1589,Wallet,Card Declined,12,0,0,0.923,0,897,Reminder,0,0
PAY_03855,5838,Card,Card Declined,15,0,1,0.938,19,712,Reminder,0,0
PAY_03856,2534,Net Banking,Bank Timeout,10,2,2,0.769,1,356,Reminder,1,2534
PAY_03857,1094,Net Banking,Bank Timeout,8,3,0,0.667,2,355,Reminder,1,1094
PAY_03858,2793,Net Banking,Card Declined,6,1,0,0.75,7,60,UPI Link,1,2793
PAY_03859,1538,Card,Insufficient Funds,12,3,0,0.75,17,607,UPI Link,0,0
PAY_03860,9437,UPI,Insufficient Funds,4,4,1,0.444,22,334,Retry,0,0
PAY_03861,3454,Card,Technical Error,12,2,0,0.8,11,120,Retry,1,3454
PAY_03862,3743,Wallet,Technical Error,8,1,2,0.8,17,948,UPI Link,0,0
PAY_03863,3260,UPI,Card Declined,6,4,2,0.545,20,1416,UPI Link,1,3260
PAY_03864,2359,Net Banking,Card Declined,9,2,0,0.75,19,1231,Retry,0,0
PAY_03865,6990,Card,Technical Error,7,3,0,0.636,12,737,Retry,0,0
PAY_03866,9215,Card,Network Error,11,2,1,0.786,4,1388,Retry,0,0
PAY_03867,17602,Card,Technical Error,6,0,1,0.857,2,369,Retry,1,17602
PAY_03868,1544,UPI,Network Error,7,3,2,0.636,10,790,Reminder,1,1544
PAY_03869,2329,Net Banking,User Abandoned,7,1,0,0.778,16,1485,UPI Link,1,2329
PAY_03870,4580,Card,Card Declined,12,3,0,0.75,20,385,UPI Link,1,4580
PAY_03871,2438,UPI,Bank Timeout,14,2,0,0.824,4,174,Retry,1,2438
PAY_03872,17906,UPI,Insufficient Funds,9,0,1,0.9,14,1052,Reminder,1,17906
PAY_03873,6327,Net Banking,User Abandoned,4,1,1,0.667,13,1258,Reminder,0,0
PAY_03874,15817,UPI,Card Declined,9,2,0,0.75,15,597,UPI Link,1,15817
PAY_03875,3978,Card,Network Error,10,2,0,0.769,11,213,Retry,0,0
PAY_03876,2233,Net Banking,User Abandoned,8,1,0,0.8,5,1226,Reminder,0,0
PAY_03877,710,UPI,Card Declined,6,2,0,0.667,5,360,UPI Link,1,710
PAY_03878,1815,Wallet,Card Declined,8,2,2,0.727,8,512,UPI Link,1,1815
PAY_03879,9708,Wallet,Bank Timeout,9,5,0,0.6,0,739,UPI Link,0,0
PAY_03880,4511,Card,Bank Timeout,11,4,0,0.688,12,361,Retry,1,4511
PAY_03881,2859,Net Banking,User Abandoned,7,0,0,0.875,18,1324,Reminder,1,2859
PAY_03882,695,Card,Bank Timeout,15,3,2,0.789,23,4,UPI Link,0,0
PAY_03883,7388,Card,Bank Timeout,8,3,0,0.667,9,619,Retry,1,7388
PAY_03884,14674,UPI,Technical Error,11,2,1,0.786,16,1023,Retry,1,14674
PAY_03885,1076,Net Banking,Insufficient Funds,7,3,0,0.636,14,43,UPI Link,1,1076
PAY_03886,2378,UPI,Technical Error,7,0,1,0.875,21,774,UPI Link,0,0
PAY_03887,2218,Net Banking,Insufficient Funds,4,2,1,0.571,10,389,UPI Link,0,0
PAY_03888,63649,Wallet,Card Declined,7,2,0,0.7,19,1438,Retry,0,0
PAY_03889,6716,Wallet,Card Declined,11,3,2,0.733,21,429,UPI Link,0,0
PAY_03890,2469,Net Banking,Card Declined,4,1,0,0.667,8,379,UPI Link,1,2469
PAY_03891,2186,Wallet,Card Declined,8,3,0,0.667,5,328,Retry,0,0
PAY_03892,913,Card,Insufficient Funds,10,2,1,0.769,2,818,Reminder,0,0
PAY_03893,13749,UPI,Bank Timeout,11,1,1,0.846,4,57,Retry,1,13749
PAY_03894,4929,Card,Bank Timeout,7,4,1,0.583,9,240,Retry,0,0
PAY_03895,4717,Wallet,Bank Timeout,7,0,0,0.875,4,1212,Retry,1,4717
PAY_03896,4107,Wallet,Bank Timeout,5,1,1,0.714,7,949,Retry,1,4107
PAY_03897,3089,Card,User Abandoned,10,0,1,0.909,5,1275,UPI Link,1,3089
PAY_03898,11081,Card,Insufficient Funds,7,2,1,0.7,12,156,Reminder,1,11081
PAY_03899,2752,Net Banking,Network Error,10,0,1,0.909,0,1324,Retry,0,0
PAY_03900,2008,Net Banking,Insufficient Funds,7,3,0,0.636,6,1483,Reminder,0,0
PAY_03901,3774,UPI,Insufficient Funds,11,1,0,0.846,18,1095,Retry,1,3774
PAY_03902,1319,Card,User Abandoned,9,0,0,0.9,2,1316,Reminder,1,1319
PAY_03903,2827,Card,Insufficient Funds,13,2,0,0.812,2,763,UPI Link,1,2827
PAY_03904,19292,UPI,User Abandoned,7,3,0,0.636,17,315,UPI Link,0,0
PAY_03905,12567,Wallet,Network Error,7,2,1,0.7,12,611,UPI Link,1,12567
PAY_03906,7532,UPI,Network Error,5,0,0,0.833,16,670,Retry,1,7532
PAY_03907,5109,UPI,Card Declined,9,2,0,0.75,9,274,Reminder,1,5109
PAY_03908,7218,UPI,Insufficient Funds,12,1,1,0.857,5,1168,Retry,1,7218
PAY_03909,4710,Wallet,Card Declined,6,1,2,0.75,16,984,UPI Link,1,4710
PAY_03910,980,Net Banking,Network Error,8,0,0,0.889,23,795,Retry,1,980
PAY_03911,1666,Net Banking,Card Declined,8,1,2,0.8,9,244,UPI Link,0,0
PAY_03912,1322,Card,Bank Timeout,9,1,0,0.818,21,370,Retry,1,1322
PAY_03913,8279,Card,User Abandoned,5,0,1,0.833,4,367,Reminder,1,8279
PAY_03914,5721,Card,Insufficient Funds,9,2,0,0.75,22,131,Reminder,1,5721
PAY_03915,7431,Card,Network Error,10,5,0,0.625,17,445,UPI Link,0,0
PAY_03916,1340,UPI,Technical Error,7,2,2,0.7,15,1047,Retry,0,0
PAY_03917,6800,UPI,Insufficient Funds,10,1,1,0.833,19,915,Reminder,0,0
PAY_03918,9748,Wallet,Network Error,6,0,1,0.857,19,1256,Retry,1,9748
PAY_03919,1415,UPI,User Abandoned,8,0,0,0.889,16,1431,Reminder,0,0
PAY_03920,4969,UPI,Insufficient Funds,7,3,0,0.636,13,865,Reminder,1,4969
PAY_03921,12764,Card,User Abandoned,9,3,0,0.692,1,12,Reminder,1,12764
PAY_03922,3768,Card,User Abandoned,7,3,0,0.636,17,690,Reminder,1,3768
PAY_03923,8580,Wallet,Bank Timeout,13,0,0,0.929,0,659,Retry,1,8580
PAY_03924,7261,Net Banking,Bank Timeout,13,5,0,0.684,7,1085,UPI Link,0,0
PAY_03925,15534,UPI,Technical Error,15,2,1,0.833,22,332,Reminder,0,0
PAY_03926,9812,Card,User Abandoned,8,3,1,0.667,19,128,Reminder,1,9812
PAY_03927,3932,Wallet,Network Error,3,2,2,0.5,13,336,UPI Link,0,0
PAY_03928,19592,Wallet,Bank Timeout,10,1,0,0.833,5,1139,Reminder,0,0
PAY_03929,1399,Card,Network Error,6,0,1,0.857,12,1379,UPI Link,0,0
PAY_03930,2453,Card,Bank Timeout,10,2,1,0.769,13,171,Retry,1,2453
PAY_03931,8474,UPI,User Abandoned,9,1,1,0.818,12,363,Reminder,0,0
PAY_03932,6074,UPI,Bank Timeout,9,3,1,0.692,17,625,Reminder,1,6074
PAY_03933,3138,UPI,Insufficient Funds,4,1,0,0.667,6,318,UPI Link,0,0
PAY_03934,631,Card,Bank Timeout,5,5,0,0.455,22,1247,Retry,0,0
PAY_03935,1517,Card,Technical Error,10,3,0,0.714,14,1229,UPI Link,1,1517
PAY_03936,2112,UPI,Network Error,7,2,1,0.7,10,1451,Reminder,0,0
PAY_03937,1448,UPI,Card Declined,5,3,1,0.556,15,790,UPI Link,1,1448
PAY_03938,1901,UPI,Card Declined,4,1,2,0.667,23,759,Reminder,0,0
PAY_03939,3030,Card,Insufficient Funds,12,2,2,0.8,17,1071,Reminder,1,3030
PAY_03940,796,Net Banking,Bank Timeout,7,3,0,0.636,19,261,Retry,1,796
PAY_03941,2635,Wallet,Card Declined,10,3,0,0.714,14,1031,UPI Link,1,2635
PAY_03942,2213,Net Banking,Network Error,5,7,1,0.385,18,1093,Retry,0,0
PAY_03943,19243,Net Banking,Technical Error,8,2,2,0.727,15,365,UPI Link,1,19243
PAY_03944,1709,UPI,User Abandoned,7,3,2,0.636,4,1437,Reminder,0,0
PAY_03945,732,Net Banking,User Abandoned,7,3,1,0.636,17,788,UPI Link,1,732
PAY_03946,4111,Net Banking,Network Error,7,1,0,0.778,4,663,Retry,1,4111
PAY_03947,5600,Net Banking,Network Error,10,2,1,0.769,18,1159,UPI Link,1,5600
PAY_03948,13237,Card,Technical Error,10,1,0,0.833,7,1234,Retry,0,0
PAY_03949,3028,Wallet,User Abandoned,5,3,2,0.556,0,911,UPI Link,0,0
PAY_03950,2837,Card,Network Error,6,4,1,0.545,0,912,Retry,1,2837
PAY_03951,372,Wallet,Bank Timeout,11,1,1,0.846,13,867,Retry,1,372
PAY_03952,2361,Net Banking,Insufficient Funds,6,2,1,0.667,18,1268,Reminder,1,2361
PAY_03953,4753,UPI,Network Error,10,4,0,0.667,17,1220,Retry,0,0
PAY_03954,7706,Wallet,Technical Error,9,3,1,0.692,11,1405,Retry,1,7706
PAY_03955,2572,Net Banking,Card Declined,5,3,0,0.556,2,1043,UPI Link,0,0
PAY_03956,11549,Net Banking,Insufficient Funds,12,1,1,0.857,14,497,Reminder,1,11549
PAY_03957,2424,Wallet,Network Error,11,2,2,0.786,10,423,Reminder,0,0
PAY_03958,5181,UPI,Card Declined,7,4,0,0.583,18,1094,UPI Link,1,5181
PAY_03959,2109,Net Banking,Technical Error,8,3,0,0.667,19,342,Retry,0,0
PAY_03960,3604,Wallet,Insufficient Funds,8,2,0,0.727,5,243,UPI Link,1,3604
PAY_03961,14526,UPI,Bank Timeout,7,1,1,0.778,4,940,Retry,0,0
PAY_03962,2325,Wallet,Technical Error,6,3,1,0.6,19,126,Retry,0,0
PAY_03963,895,Card,Technical Error,8,1,1,0.8,8,735,Retry,1,895
PAY_03964,2580,Card,Insufficient Funds,11,0,1,0.917,17,1174,UPI Link,1,2580
PAY_03965,6557,UPI,Technical Error,5,3,1,0.556,9,1366,UPI Link,0,0
PAY_03966,816,Card,Network Error,9,1,1,0.818,23,971,Retry,1,816
PAY_03967,3561,UPI,Network Error,8,1,0,0.8,13,485,Retry,1,3561
PAY_03968,1677,Wallet,Technical Error,11,2,0,0.786,1,2,Retry,0,0
PAY_03969,6627,Net Banking,User Abandoned,6,2,1,0.667,21,826,Reminder,1,6627
PAY_03970,9365,Net Banking,User Abandoned,9,1,0,0.818,0,733,Reminder,1,9365
PAY_03971,1833,UPI,Network Error,9,2,0,0.75,18,393,UPI Link,0,0
PAY_03972,2001,Net Banking,Card Declined,9,4,1,0.643,18,107,UPI Link,1,2001
PAY_03973,3871,Wallet,User Abandoned,11,3,0,0.733,20,243,Reminder,0,0
PAY_03974,2689,Card,Card Declined,8,7,2,0.5,1,64,UPI Link,1,2689
PAY_03975,1071,Card,Card Declined,8,2,0,0.727,22,252,UPI Link,0,0
PAY_03976,1823,Net Banking,Technical Error,12,3,0,0.75,8,270,Retry,1,1823
PAY_03977,1077,UPI,Card Declined,11,3,1,0.733,8,1363,UPI Link,0,0
PAY_03978,2759,Wallet,Network Error,10,1,1,0.833,11,338,Retry,1,2759
PAY_03979,352,UPI,Card Declined,4,1,0,0.667,4,240,UPI Link,1,352
PAY_03980,5002,Net Banking,Network Error,8,9,1,0.444,13,979,Retry,1,5002
PAY_03981,8240,Wallet,Bank Timeout,6,2,0,0.667,5,256,Retry,0,0
PAY_03982,4363,Net Banking,Bank Timeout,12,1,0,0.857,20,1327,Retry,1,4363
PAY_03983,8781,Wallet,Insufficient Funds,8,0,0,0.889,15,630,UPI Link,1,8781
PAY_03984,3402,Wallet,Technical Error,4,1,1,0.667,9,1403,UPI Link,0,0
PAY_03985,6695,Net Banking,Network Error,10,0,0,0.909,19,896,Retry,1,6695
PAY_03986,468,UPI,Bank Timeout,3,1,1,0.6,7,641,Retry,0,0
PAY_03987,5399,UPI,Bank Timeout,8,0,0,0.889,10,1493,Retry,1,5399
PAY_03988,4904,UPI,Bank Timeout,8,2,2,0.727,19,116,Reminder,0,0
PAY_03989,3924,Card,Card Declined,8,0,0,0.889,21,379,Retry,0,0
PAY_03990,10833,UPI,User Abandoned,6,2,1,0.667,7,1311,Reminder,1,10833
PAY_03991,2623,Wallet,Card Declined,13,1,0,0.867,13,555,UPI Link,1,2623
PAY_03992,1088,Card,Network Error,4,1,0,0.667,17,658,UPI Link,1,1088
PAY_03993,17210,Net Banking,Network Error,11,2,0,0.786,5,371,Retry,1,17210
PAY_03994,2720,Net Banking,Bank Timeout,6,2,2,0.667,11,287,UPI Link,0,0
PAY_03995,4233,Net Banking,Insufficient Funds,7,3,1,0.636,3,1029,Reminder,1,4233
PAY_03996,3627,Net Banking,Network Error,10,1,0,0.833,14,137,Retry,1,3627
PAY_03997,1692,UPI,Network Error,6,2,2,0.667,1,744,Reminder,0,0
PAY_03998,2154,UPI,Technical Error,10,2,1,0.769,14,630,Retry,1,2154
PAY_03999,15745,Card,Technical Error,11,2,2,0.786,6,731,UPI Link,0,0
PAY_04000,2945,Net Banking,Card Declined,9,2,1,0.75,23,1500,UPI Link,0,0
PAY_04001,30707,Wallet,Insufficient Funds,9,1,0,0.818,18,615,UPI Link,1,30707
PAY_04002,1062,Wallet,Bank Timeout,9,3,0,0.692,9,1236,Retry,0,0
PAY_04003,7957,Net Banking,Bank Timeout,8,1,1,0.8,16,1095,Retry,1,7957
PAY_04004,5140,Card,Insufficient Funds,5,4,1,0.5,6,863,Reminder,1,5140
PAY_04005,4965,UPI,User Abandoned,4,0,0,0.8,7,1320,Reminder,0,0
PAY_04006,5126,Card,Card Declined,8,2,0,0.727,16,972,UPI Link,1,5126
PAY_04007,17274,Card,Network Error,7,0,0,0.875,11,357,Retry,1,17274
PAY_04008,4047,Wallet,Bank Timeout,6,3,0,0.6,9,1137,Retry,1,4047
PAY_04009,2880,Net Banking,User Abandoned,4,1,0,0.667,10,372,Reminder,0,0
PAY_04010,1632,Net Banking,Card Declined,5,2,0,0.625,21,436,Retry,0,0
PAY_04011,2556,Card,Card Declined,7,4,1,0.583,1,208,UPI Link,1,2556
PAY_04012,13602,UPI,Technical Error,5,4,1,0.5,21,980,Retry,1,13602
PAY_04013,4718,Net Banking,Card Declined,7,3,1,0.636,2,982,UPI Link,1,4718
PAY_04014,1328,Wallet,Bank Timeout,5,3,1,0.556,12,1206,Reminder,1,1328
PAY_04015,4749,Net Banking,Bank Timeout,8,0,0,0.889,12,280,Retry,1,4749
PAY_04016,7081,Net Banking,Card Declined,12,0,2,0.923,13,537,Retry,1,7081
PAY_04017,2307,Net Banking,Insufficient Funds,13,1,1,0.867,18,1178,UPI Link,0,0
PAY_04018,4615,UPI,User Abandoned,6,2,0,0.667,3,99,Reminder,1,4615
PAY_04019,2754,Net Banking,Card Declined,10,2,0,0.769,18,35,UPI Link,1,2754
PAY_04020,705,Card,User Abandoned,14,0,2,0.933,10,336,Reminder,0,0
PAY_04021,8092,UPI,Network Error,8,3,1,0.667,13,1359,Retry,1,8092
PAY_04022,826,Net Banking,Bank Timeout,11,0,2,0.917,9,799,Reminder,1,826
PAY_04023,3782,Net Banking,Network Error,13,0,2,0.929,19,1484,UPI Link,0,0
PAY_04024,984,Net Banking,Card Declined,10,3,0,0.714,17,760,Reminder,1,984
PAY_04025,3901,Wallet,Technical Error,6,3,2,0.6,22,1170,Reminder,0,0
PAY_04026,4465,Card,Network Error,8,2,2,0.727,3,1214,Reminder,0,0
PAY_04027,2263,Card,Insufficient Funds,6,1,1,0.75,23,1196,UPI Link,0,0
PAY_04028,2170,UPI,Bank Timeout,7,4,0,0.583,16,1107,Retry,0,0
PAY_04029,3351,Wallet,Insufficient Funds,3,3,1,0.429,0,673,UPI Link,1,3351
PAY_04030,11700,Net Banking,Technical Error,7,4,0,0.583,3,545,UPI Link,1,11700
PAY_04031,1685,Card,Card Declined,11,2,1,0.786,5,1072,Retry,0,0
PAY_04032,1635,UPI,Insufficient Funds,8,2,0,0.727,23,446,UPI Link,1,1635
PAY_04033,2258,Card,Network Error,7,1,1,0.778,10,890,UPI Link,1,2258
PAY_04034,1325,UPI,Insufficient Funds,6,2,1,0.667,7,1249,Retry,0,0
PAY_04035,9664,Wallet,Network Error,13,5,0,0.684,8,690,Retry,1,9664
PAY_04036,2218,UPI,User Abandoned,8,0,1,0.889,21,1475,UPI Link,1,2218
PAY_04037,883,Card,Insufficient Funds,8,5,1,0.571,14,1182,Reminder,0,0
PAY_04038,1333,Net Banking,Bank Timeout,5,2,1,0.625,13,867,Retry,1,1333
PAY_04039,13101,Card,Technical Error,13,1,0,0.867,20,1346,Retry,1,13101
PAY_04040,4960,UPI,User Abandoned,9,1,1,0.818,23,25,UPI Link,1,4960
PAY_04041,948,Net Banking,Bank Timeout,5,1,0,0.714,21,809,Retry,0,0
PAY_04042,13267,UPI,Insufficient Funds,8,4,1,0.615,7,1198,Reminder,1,13267
PAY_04043,9224,Card,Network Error,5,1,0,0.714,18,972,Retry,1,9224
PAY_04044,1830,Net Banking,Technical Error,7,1,0,0.778,7,1482,Retry,0,0
PAY_04045,14801,UPI,User Abandoned,5,2,1,0.625,10,1096,UPI Link,1,14801
PAY_04046,4846,UPI,Insufficient Funds,9,4,0,0.643,10,125,Retry,1,4846
PAY_04047,6897,Net Banking,Bank Timeout,10,1,2,0.833,14,424,Reminder,0,0
PAY_04048,5338,Net Banking,User Abandoned,11,2,1,0.786,15,422,Reminder,1,5338
PAY_04049,256,Wallet,Bank Timeout,11,1,1,0.846,2,445,Retry,1,256
PAY_04050,2253,Wallet,Network Error,9,2,0,0.75,6,724,Retry,1,2253
PAY_04051,1553,UPI,User Abandoned,11,3,0,0.733,20,684,Reminder,1,1553
PAY_04052,1861,Wallet,Insufficient Funds,6,2,0,0.667,20,598,UPI Link,1,1861
PAY_04053,1778,Card,Insufficient Funds,4,2,2,0.571,10,791,UPI Link,0,0
PAY_04054,2861,Card,Network Error,5,3,1,0.556,18,381,Retry,0,0
PAY_04055,1721,UPI,Insufficient Funds,8,1,1,0.8,9,505,Reminder,0,0
PAY_04056,1723,UPI,User Abandoned,7,3,0,0.636,16,492,Reminder,1,1723
PAY_04057,9611,Card,Card Declined,7,0,0,0.875,5,1116,UPI Link,0,0
PAY_04058,3140,Wallet,Card Declined,7,1,0,0.778,10,511,UPI Link,1,3140
PAY_04059,42867,UPI,Card Declined,6,2,0,0.667,8,141,Reminder,1,42867
PAY_04060,4708,Wallet,Insufficient Funds,5,3,0,0.556,3,1277,Retry,0,0
PAY_04061,7309,Wallet,Technical Error,8,4,2,0.615,6,686,UPI Link,0,0
PAY_04062,5688,Net Banking,Card Declined,6,0,0,0.857,1,765,Retry,1,5688
PAY_04063,2422,UPI,Bank Timeout,6,6,2,0.462,17,1120,Reminder,0,0
PAY_04064,5977,Wallet,Bank Timeout,8,2,0,0.727,8,293,Retry,1,5977
PAY_04065,3763,Card,Card Declined,3,0,0,0.75,16,210,UPI Link,0,0
PAY_04066,4071,Net Banking,User Abandoned,14,2,0,0.824,14,238,Reminder,1,4071
PAY_04067,1334,Card,Network Error,5,3,0,0.556,6,45,Retry,1,1334
PAY_04068,3078,UPI,Card Declined,7,1,1,0.778,12,533,UPI Link,0,0
PAY_04069,5829,UPI,Network Error,10,2,0,0.769,5,1036,Retry,0,0
PAY_04070,8528,Net Banking,Network Error,11,2,1,0.786,14,553,UPI Link,1,8528
PAY_04071,8350,Net Banking,Insufficient Funds,8,1,2,0.8,7,674,UPI Link,1,8350
PAY_04072,2873,Wallet,Bank Timeout,5,1,1,0.714,3,929,Retry,1,2873
PAY_04073,4949,Card,Insufficient Funds,8,2,2,0.727,13,1133,Retry,0,0
PAY_04074,7753,UPI,Insufficient Funds,7,1,1,0.778,8,1477,UPI Link,1,7753
PAY_04075,5214,UPI,Bank Timeout,8,0,0,0.889,6,1210,Retry,1,5214
PAY_04076,6393,UPI,Network Error,4,1,1,0.667,6,1124,Retry,1,6393
PAY_04077,4587,Net Banking,Network Error,6,2,0,0.667,23,480,Retry,0,0
PAY_04078,1700,Net Banking,Card Declined,8,4,1,0.615,0,515,UPI Link,1,1700
PAY_04079,3302,UPI,Network Error,9,0,0,0.9,19,231,Reminder,1,3302
PAY_04080,2006,Net Banking,Bank Timeout,8,2,1,0.727,20,859,Reminder,1,2006
PAY_04081,1353,Card,Network Error,9,2,0,0.75,12,273,Retry,1,1353
PAY_04082,11057,Card,Insufficient Funds,7,3,0,0.636,2,1342,UPI Link,1,11057
PAY_04083,819,Card,Insufficient Funds,13,0,1,0.929,1,1484,UPI Link,0,0
PAY_04084,12510,Wallet,Card Declined,13,2,0,0.812,0,550,Reminder,0,0
PAY_04085,5839,UPI,Insufficient Funds,9,0,0,0.9,22,1414,UPI Link,1,5839
PAY_04086,1193,Net Banking,Insufficient Funds,11,1,1,0.846,6,327,Reminder,1,1193
PAY_04087,1841,Card,Network Error,9,3,2,0.692,2,122,UPI Link,0,0
PAY_04088,1249,Net Banking,Insufficient Funds,6,5,2,0.5,4,296,UPI Link,0,0
PAY_04089,3117,Wallet,Insufficient Funds,9,1,1,0.818,23,1143,UPI Link,0,0
PAY_04090,7461,Wallet,Technical Error,10,4,1,0.667,13,420,Retry,1,7461
PAY_04091,4869,Net Banking,Insufficient Funds,10,1,1,0.833,9,296,Reminder,1,4869
PAY_04092,6465,UPI,Technical Error,10,2,2,0.769,20,1380,Reminder,0,0
PAY_04093,4555,Wallet,Insufficient Funds,1,1,0,0.333,17,1274,Reminder,1,4555
PAY_04094,26458,Card,Technical Error,5,2,1,0.625,16,884,Retry,1,26458
PAY_04095,1682,Wallet,Bank Timeout,6,2,0,0.667,15,25,Retry,1,1682
PAY_04096,7157,Wallet,Card Declined,7,2,2,0.7,20,348,UPI Link,0,0
PAY_04097,3314,Card,Insufficient Funds,5,2,0,0.625,19,687,UPI Link,0,0
PAY_04098,1291,Card,Card Declined,7,1,1,0.778,23,278,UPI Link,0,0
PAY_04099,20524,Net Banking,Bank Timeout,4,0,1,0.8,17,1195,Retry,1,20524
PAY_04100,3300,Net Banking,Card Declined,6,2,1,0.667,19,642,UPI Link,1,3300
PAY_04101,2407,UPI,Card Declined,7,4,0,0.583,4,684,Retry,1,2407
PAY_04102,2130,UPI,Insufficient Funds,9,0,1,0.9,6,1261,UPI Link,1,2130
PAY_04103,27282,Card,Insufficient Funds,11,3,2,0.733,14,352,Reminder,0,0
PAY_04104,1792,UPI,Bank Timeout,9,2,1,0.75,12,1160,Retry,1,1792
PAY_04105,1589,Wallet,Insufficient Funds,12,2,2,0.8,12,1016,Reminder,0,0
PAY_04106,2639,UPI,Insufficient Funds,9,1,0,0.818,10,1454,UPI Link,1,2639
PAY_04107,16863,Wallet,Insufficient Funds,6,2,1,0.667,3,1167,Reminder,0,0
PAY_04108,3221,UPI,Card Declined,9,1,0,0.818,14,526,UPI Link,1,3221
PAY_04109,8278,Wallet,Insufficient Funds,10,3,0,0.714,7,618,Reminder,0,0
PAY_04110,1793,Card,Bank Timeout,5,1,0,0.714,4,191,Retry,1,1793
PAY_04111,4128,UPI,Bank Timeout,12,1,0,0.857,5,440,Reminder,1,4128
PAY_04112,2538,Net Banking,Insufficient Funds,6,2,0,0.667,23,1361,UPI Link,1,2538
PAY_04113,7170,Net Banking,Technical Error,10,3,2,0.714,14,972,Retry,1,7170
PAY_04114,2294,Wallet,Network Error,9,3,0,0.692,6,1382,Retry,1,2294
PAY_04115,5551,Net Banking,Technical Error,5,2,0,0.625,7,268,Retry,1,5551
PAY_04116,1046,UPI,User Abandoned,13,2,1,0.812,19,615,UPI Link,0,0
PAY_04117,12213,UPI,User Abandoned,11,1,0,0.846,8,707,UPI Link,0,0
PAY_04118,5875,Net Banking,Network Error,6,2,1,0.667,11,230,Retry,0,0
PAY_04119,8866,Card,Insufficient Funds,9,4,0,0.643,18,1367,Reminder,0,0
PAY_04120,6696,UPI,Bank Timeout,8,0,1,0.889,17,829,Reminder,1,6696
PAY_04121,6297,Net Banking,User Abandoned,9,5,1,0.6,17,848,Reminder,1,6297
PAY_04122,1884,Wallet,Network Error,14,1,2,0.875,13,260,Reminder,0,0
PAY_04123,1317,Wallet,Insufficient Funds,4,3,0,0.5,16,1077,Reminder,0,0
PAY_04124,1201,Wallet,Technical Error,11,2,0,0.786,16,473,Retry,1,1201
PAY_04125,919,UPI,Network Error,3,0,0,0.75,18,67,Retry,1,919
PAY_04126,623,Card,Insufficient Funds,8,0,1,0.889,9,90,Reminder,1,623
PAY_04127,7027,Card,Card Declined,7,4,1,0.583,23,1281,UPI Link,1,7027
PAY_04128,672,Card,Technical Error,6,2,0,0.667,8,1107,Retry,1,672
PAY_04129,7261,Wallet,Technical Error,9,3,1,0.692,1,1033,Retry,1,7261
PAY_04130,1609,Card,Network Error,8,0,1,0.889,13,653,Retry,1,1609
PAY_04131,3337,Card,Bank Timeout,6,4,2,0.545,0,345,Reminder,0,0
PAY_04132,2607,Card,Bank Timeout,7,2,2,0.7,23,1007,UPI Link,0,0
PAY_04133,19682,Card,Insufficient Funds,7,4,0,0.583,10,4,Retry,1,19682
PAY_04134,3954,Card,Insufficient Funds,9,2,0,0.75,0,38,UPI Link,0,0
PAY_04135,13500,Wallet,Bank Timeout,6,2,0,0.667,23,1463,Reminder,0,0
PAY_04136,1964,Wallet,Bank Timeout,8,2,1,0.727,3,1254,Retry,0,0
PAY_04137,2126,UPI,Insufficient Funds,7,3,0,0.636,3,832,UPI Link,0,0
PAY_04138,19187,UPI,Network Error,6,1,0,0.75,12,1163,UPI Link,0,0
PAY_04139,4175,Card,Bank Timeout,10,1,0,0.833,21,1013,Retry,1,4175
PAY_04140,27183,Wallet,User Abandoned,16,0,1,0.941,21,1090,UPI Link,1,27183
PAY_04141,14147,Wallet,User Abandoned,8,1,2,0.8,19,92,Reminder,0,0
PAY_04142,4692,Net Banking,Technical Error,11,3,1,0.733,2,1122,Retry,1,4692
PAY_04143,9505,Net Banking,Card Declined,12,4,0,0.706,1,104,UPI Link,1,9505
PAY_04144,4171,Net Banking,User Abandoned,8,3,0,0.667,7,890,Reminder,1,4171
PAY_04145,10379,UPI,User Abandoned,7,2,0,0.7,14,169,UPI Link,0,0
PAY_04146,1240,UPI,Technical Error,9,2,0,0.75,21,1238,Retry,0,0
PAY_04147,22183,Net Banking,User Abandoned,11,3,0,0.733,10,1027,Reminder,0,0
PAY_04148,3535,Net Banking,Bank Timeout,8,1,0,0.8,6,1303,Retry,1,3535
PAY_04149,2304,UPI,Insufficient Funds,12,3,0,0.75,6,664,UPI Link,1,2304
PAY_04150,30005,Net Banking,Card Declined,9,5,1,0.6,0,915,UPI Link,1,30005
PAY_04151,1239,Net Banking,Technical Error,9,3,1,0.692,22,560,UPI Link,1,1239
PAY_04152,771,Wallet,Card Declined,8,3,0,0.667,22,110,UPI Link,0,0
PAY_04153,4718,Card,Technical Error,6,3,2,0.6,23,33,UPI Link,0,0
PAY_04154,1899,UPI,User Abandoned,5,1,1,0.714,4,283,UPI Link,1,1899
PAY_04155,3138,Wallet,Network Error,8,1,0,0.8,0,306,Reminder,0,0
PAY_04156,4986,Wallet,Bank Timeout,7,4,0,0.583,16,710,Retry,1,4986
PAY_04157,2529,UPI,Card Declined,7,3,0,0.636,22,666,Retry,0,0
PAY_04158,2299,Wallet,Bank Timeout,8,3,0,0.667,20,395,Retry,0,0
PAY_04159,3879,Card,Bank Timeout,11,1,0,0.846,14,36,Retry,1,3879
PAY_04160,8453,UPI,Bank Timeout,9,1,1,0.818,3,1147,Reminder,0,0
PAY_04161,10464,Net Banking,Insufficient Funds,10,2,1,0.769,3,1407,Reminder,1,10464
PAY_04162,1152,UPI,User Abandoned,8,1,0,0.8,20,671,Reminder,1,1152
PAY_04163,5512,UPI,Technical Error,6,1,2,0.75,12,235,Retry,0,0
PAY_04164,1134,UPI,Card Declined,4,3,1,0.5,5,449,UPI Link,1,1134
PAY_04165,6605,Wallet,Card Declined,9,2,0,0.75,1,175,UPI Link,0,0
PAY_04166,15776,Card,Network Error,9,0,0,0.9,14,178,Retry,1,15776
PAY_04167,835,Card,Bank Timeout,6,1,0,0.75,18,1285,Retry,1,835
PAY_04168,1596,Net Banking,Insufficient Funds,7,4,0,0.583,0,1342,Retry,0,0
PAY_04169,4187,Net Banking,Insufficient Funds,5,1,1,0.714,23,880,Reminder,1,4187
PAY_04170,1863,Net Banking,Bank Timeout,16,1,2,0.889,8,640,Reminder,1,1863
PAY_04171,3398,UPI,Technical Error,6,4,2,0.545,5,296,Retry,1,3398
PAY_04172,9934,Wallet,Bank Timeout,7,0,2,0.875,9,785,UPI Link,1,9934
PAY_04173,2273,UPI,Insufficient Funds,9,2,1,0.75,2,682,Reminder,0,0
PAY_04174,3813,Net Banking,Card Declined,7,2,2,0.7,23,1282,Retry,1,3813
PAY_04175,1485,Net Banking,Card Declined,9,3,0,0.692,8,482,UPI Link,1,1485
PAY_04176,5326,Wallet,Insufficient Funds,9,2,1,0.75,13,1096,Reminder,1,5326
PAY_04177,2150,Net Banking,Insufficient Funds,9,2,2,0.75,21,259,UPI Link,0,0
PAY_04178,3439,Card,Card Declined,7,5,1,0.538,0,1044,UPI Link,1,3439
PAY_04179,5005,Wallet,User Abandoned,8,1,1,0.8,11,1432,UPI Link,0,0
PAY_04180,2896,Card,Bank Timeout,10,1,0,0.833,2,1273,UPI Link,0,0
PAY_04181,2019,Wallet,Network Error,5,3,1,0.556,16,553,UPI Link,1,2019
PAY_04182,645,Net Banking,Card Declined,9,4,1,0.643,2,1357,UPI Link,1,645
PAY_04183,2328,UPI,User Abandoned,2,0,0,0.667,11,31,Reminder,0,0
PAY_04184,2844,UPI,Network Error,7,5,0,0.538,16,1159,Retry,1,2844
PAY_04185,951,Net Banking,Bank Timeout,4,0,0,0.8,7,642,UPI Link,1,951
PAY_04186,3930,Card,Technical Error,8,0,0,0.889,9,1487,Retry,0,0
PAY_04187,1552,Wallet,Network Error,6,5,0,0.5,3,309,Retry,0,0
PAY_04188,1450,Wallet,Technical Error,6,2,1,0.667,23,730,Retry,0,0
PAY_04189,1463,Net Banking,Network Error,9,0,0,0.9,0,819,Retry,1,1463
PAY_04190,21955,Net Banking,Technical Error,4,1,2,0.667,2,254,Reminder,0,0
PAY_04191,1119,Wallet,Bank Timeout,5,1,1,0.714,17,165,Retry,0,0
PAY_04192,2453,Wallet,Bank Timeout,6,0,0,0.857,21,879,Retry,1,2453
PAY_04193,8351,Card,Technical Error,5,1,2,0.714,18,589,UPI Link,1,8351
PAY_04194,1743,Card,User Abandoned,10,1,0,0.833,16,1059,Reminder,0,0
PAY_04195,3383,Wallet,Network Error,5,2,0,0.625,12,830,Retry,1,3383
PAY_04196,3171,UPI,Technical Error,10,2,0,0.769,3,90,Retry,0,0
PAY_04197,12122,Card,Technical Error,10,2,0,0.769,6,1345,UPI Link,1,12122
PAY_04198,2503,UPI,User Abandoned,8,2,0,0.727,7,61,Reminder,1,2503
PAY_04199,495,Wallet,Insufficient Funds,9,3,0,0.692,19,1082,Reminder,1,495
PAY_04200,2900,Card,Card Declined,6,2,0,0.667,3,1462,Reminder,1,2900
PAY_04201,1694,Wallet,Insufficient Funds,9,1,0,0.818,6,335,Reminder,0,0
PAY_04202,4469,Card,Insufficient Funds,9,1,1,0.818,14,1128,UPI Link,1,4469
PAY_04203,597,UPI,Insufficient Funds,10,0,0,0.909,8,67,Retry,1,597
PAY_04204,1550,Card,Technical Error,12,2,1,0.8,3,493,Retry,1,1550
PAY_04205,4692,Wallet,User Abandoned,7,1,0,0.778,18,956,UPI Link,1,4692
PAY_04206,2774,Wallet,Insufficient Funds,8,1,2,0.8,3,1291,UPI Link,1,2774
PAY_04207,21765,Card,Technical Error,9,2,2,0.75,22,1264,Retry,0,0
PAY_04208,4393,UPI,User Abandoned,6,4,1,0.545,8,202,UPI Link,1,4393
PAY_04209,1562,Net Banking,User Abandoned,6,1,1,0.75,16,674,UPI Link,1,1562
PAY_04210,563,UPI,User Abandoned,9,0,0,0.9,2,422,Retry,1,563
PAY_04211,4852,Net Banking,Bank Timeout,9,1,0,0.818,16,340,UPI Link,0,0
PAY_04212,1246,UPI,Card Declined,7,5,0,0.538,17,1083,UPI Link,1,1246
PAY_04213,579,Wallet,Network Error,5,3,2,0.556,0,966,Reminder,0,0
PAY_04214,4895,Wallet,Network Error,6,1,0,0.75,22,465,Retry,1,4895
PAY_04215,11997,Wallet,Insufficient Funds,13,0,1,0.929,0,1132,UPI Link,1,11997
PAY_04216,2452,UPI,Network Error,8,3,1,0.667,4,266,UPI Link,1,2452
PAY_04217,2717,Wallet,Technical Error,8,2,1,0.727,15,248,Retry,0,0
PAY_04218,8444,Wallet,Technical Error,10,1,0,0.833,1,917,UPI Link,1,8444
PAY_04219,1974,UPI,Insufficient Funds,7,1,0,0.778,9,1121,Reminder,1,1974
PAY_04220,3083,Net Banking,Technical Error,8,1,1,0.8,16,65,Retry,1,3083
PAY_04221,10066,Net Banking,User Abandoned,8,2,0,0.727,6,277,Reminder,1,10066
PAY_04222,7433,Wallet,Bank Timeout,8,0,0,0.889,3,801,Retry,1,7433
PAY_04223,1619,Wallet,Network Error,8,0,2,0.889,12,1130,Reminder,1,1619
PAY_04224,2152,Wallet,Technical Error,6,3,1,0.6,21,967,Retry,0,0
PAY_04225,25653,Wallet,User Abandoned,7,0,2,0.875,11,136,Reminder,0,0
PAY_04226,1358,UPI,Bank Timeout,12,0,1,0.923,11,1428,UPI Link,1,1358
PAY_04227,2583,Card,Insufficient Funds,8,1,0,0.8,1,237,UPI Link,1,2583
PAY_04228,10787,Net Banking,Bank Timeout,9,3,1,0.692,2,10,Retry,1,10787
PAY_04229,5066,UPI,Bank Timeout,8,1,0,0.8,11,96,Reminder,0,0
PAY_04230,3368,Net Banking,Bank Timeout,9,2,0,0.75,6,1440,UPI Link,1,3368
PAY_04231,3441,UPI,Network Error,10,4,1,0.667,7,1184,Retry,1,3441
PAY_04232,3112,Net Banking,Network Error,7,1,0,0.778,7,49,Retry,1,3112
PAY_04233,3069,UPI,User Abandoned,8,4,1,0.615,19,153,UPI Link,0,0
PAY_04234,5448,Net Banking,Bank Timeout,5,3,0,0.556,4,207,Retry,1,5448
PAY_04235,25463,UPI,Card Declined,9,1,1,0.818,23,747,Reminder,1,25463
PAY_04236,3885,Wallet,User Abandoned,8,1,0,0.8,12,1461,UPI Link,0,0
PAY_04237,10339,Card,User Abandoned,3,1,1,0.6,10,477,Reminder,0,0
PAY_04238,8680,UPI,Insufficient Funds,4,1,0,0.667,10,35,UPI Link,1,8680
PAY_04239,6443,Net Banking,Card Declined,4,3,1,0.5,8,319,UPI Link,1,6443
PAY_04240,4298,Wallet,Insufficient Funds,13,1,0,0.867,15,506,UPI Link,1,4298
PAY_04241,2910,Net Banking,User Abandoned,4,3,0,0.5,4,1119,UPI Link,1,2910
PAY_04242,1084,Wallet,Card Declined,13,6,0,0.65,3,275,UPI Link,1,1084
PAY_04243,3702,Net Banking,Network Error,10,3,1,0.714,16,202,Retry,1,3702
PAY_04244,4203,Net Banking,Bank Timeout,6,2,1,0.667,20,94,UPI Link,1,4203
PAY_04245,1847,Wallet,Bank Timeout,13,1,0,0.867,23,786,Retry,1,1847
PAY_04246,3666,Net Banking,Technical Error,6,1,1,0.75,23,758,UPI Link,0,0
PAY_04247,4338,Wallet,Card Declined,7,3,1,0.636,4,76,UPI Link,1,4338
PAY_04248,4079,Wallet,Insufficient Funds,10,2,0,0.769,14,417,Reminder,0,0
PAY_04249,5900,Wallet,Insufficient Funds,11,3,0,0.733,12,540,UPI Link,0,0
PAY_04250,4734,Wallet,Network Error,6,1,2,0.75,7,986,UPI Link,0,0
PAY_04251,527,UPI,Bank Timeout,12,0,0,0.923,15,652,Retry,1,527
PAY_04252,2555,Card,Network Error,6,3,0,0.6,5,906,Retry,0,0
PAY_04253,9418,UPI,Technical Error,6,4,1,0.545,10,1446,Retry,1,9418
PAY_04254,11646,Card,Card Declined,8,0,0,0.889,5,1153,UPI Link,1,11646
PAY_04255,37151,Net Banking,Card Declined,7,1,2,0.778,16,825,Retry,1,37151
PAY_04256,1695,Wallet,Bank Timeout,11,1,1,0.846,16,615,Reminder,0,0
PAY_04257,4646,Wallet,Card Declined,8,4,1,0.615,8,279,UPI Link,1,4646
PAY_04258,1767,Wallet,User Abandoned,9,4,0,0.643,4,980,UPI Link,1,1767
PAY_04259,4324,Card,Technical Error,6,1,0,0.75,23,1124,Reminder,0,0
PAY_04260,8523,Wallet,Card Declined,9,3,1,0.692,22,284,UPI Link,1,8523
PAY_04261,1902,Card,Bank Timeout,12,1,1,0.857,13,1479,Retry,1,1902
PAY_04262,7872,Wallet,Network Error,16,5,0,0.727,13,1376,Retry,0,0
PAY_04263,4256,Net Banking,Network Error,8,3,1,0.667,12,1212,Retry,1,4256
PAY_04264,425,Card,Insufficient Funds,13,1,2,0.867,10,759,UPI Link,0,0
PAY_04265,9505,Net Banking,Insufficient Funds,8,2,0,0.727,0,1408,UPI Link,1,9505
PAY_04266,2771,Card,Card Declined,11,4,0,0.688,18,857,Reminder,1,2771
PAY_04267,3196,Net Banking,Network Error,5,1,1,0.714,13,528,UPI Link,1,3196
PAY_04268,3398,Net Banking,Bank Timeout,6,3,2,0.6,20,659,Reminder,0,0
PAY_04269,1407,UPI,User Abandoned,8,0,1,0.889,16,1220,UPI Link,1,1407
PAY_04270,3241,Wallet,User Abandoned,11,1,0,0.846,11,522,Reminder,1,3241
PAY_04271,1468,UPI,Network Error,4,1,2,0.667,0,495,UPI Link,0,0
PAY_04272,2842,Net Banking,Bank Timeout,6,3,0,0.6,15,431,UPI Link,0,0
PAY_04273,1081,Card,Card Declined,9,3,2,0.692,6,370,UPI Link,1,1081
PAY_04274,4636,Card,Bank Timeout,8,2,2,0.727,4,988,Reminder,0,0
PAY_04275,7025,UPI,Card Declined,11,1,0,0.846,20,1004,UPI Link,1,7025
PAY_04276,4004,UPI,Card Declined,6,2,0,0.667,13,337,UPI Link,1,4004
PAY_04277,828,Net Banking,Bank Timeout,8,1,1,0.8,17,762,Retry,1,828
PAY_04278,4852,Net Banking,Network Error,6,4,1,0.545,18,1134,Retry,1,4852
PAY_04279,2296,Net Banking,Bank Timeout,10,1,0,0.833,13,1185,Retry,0,0
PAY_04280,1510,Card,Bank Timeout,19,3,0,0.826,5,847,Reminder,0,0
PAY_04281,1314,UPI,Insufficient Funds,8,3,0,0.667,5,1390,Reminder,1,1314
PAY_04282,5669,Wallet,Insufficient Funds,2,3,0,0.333,13,1119,Reminder,1,5669
PAY_04283,15718,UPI,Card Declined,12,4,1,0.706,0,443,Reminder,0,0
PAY_04284,5316,UPI,Card Declined,7,5,0,0.538,14,81,Reminder,1,5316
PAY_04285,16573,UPI,Insufficient Funds,10,1,0,0.833,18,407,Reminder,0,0
PAY_04286,1954,Wallet,Card Declined,6,2,0,0.667,8,573,UPI Link,1,1954
PAY_04287,1602,Card,Insufficient Funds,7,1,1,0.778,5,1154,Reminder,1,1602
PAY_04288,13056,Wallet,Card Declined,10,4,0,0.667,17,11,UPI Link,1,13056
PAY_04289,28479,UPI,User Abandoned,14,1,1,0.875,10,533,Reminder,1,28479
PAY_04290,710,Net Banking,Network Error,9,3,2,0.692,19,1127,Reminder,0,0
PAY_04291,3642,Card,User Abandoned,5,3,1,0.556,7,261,Reminder,1,3642
PAY_04292,1591,Card,Card Declined,10,2,0,0.769,17,179,UPI Link,1,1591
PAY_04293,4748,UPI,Card Declined,6,2,0,0.667,11,1336,UPI Link,0,0
PAY_04294,3003,Wallet,Insufficient Funds,8,1,0,0.8,13,1472,Reminder,0,0
PAY_04295,3876,Wallet,User Abandoned,8,1,0,0.8,5,930,UPI Link,1,3876
PAY_04296,494,Net Banking,Technical Error,5,2,0,0.625,18,1002,Retry,1,494
PAY_04297,2324,Net Banking,Insufficient Funds,7,1,1,0.778,23,2,UPI Link,1,2324
PAY_04298,1817,Wallet,Technical Error,5,0,0,0.833,13,1015,Reminder,1,1817
PAY_04299,5687,Wallet,Insufficient Funds,7,2,0,0.7,1,1118,Reminder,0,0
PAY_04300,3610,UPI,Network Error,12,1,0,0.857,19,96,Retry,1,3610
PAY_04301,1991,UPI,Technical Error,9,1,0,0.818,7,1270,Retry,1,1991
PAY_04302,7922,Net Banking,Network Error,4,1,1,0.667,1,1198,Retry,1,7922
PAY_04303,7424,Card,Technical Error,6,2,0,0.667,7,423,Retry,1,7424
PAY_04304,3188,Card,Bank Timeout,9,4,0,0.643,2,84,Retry,0,0
PAY_04305,1334,Net Banking,User Abandoned,7,2,0,0.7,11,122,Reminder,1,1334
PAY_04306,2436,Card,Technical Error,4,1,0,0.667,10,1471,Retry,0,0
PAY_04307,749,UPI,Bank Timeout,8,3,1,0.667,18,1033,UPI Link,1,749
PAY_04308,7014,Net Banking,User Abandoned,8,3,0,0.667,19,397,UPI Link,1,7014
PAY_04309,3175,Card,Bank Timeout,8,2,0,0.727,9,505,Retry,1,3175
PAY_04310,2487,Card,Network Error,4,2,1,0.571,4,15,UPI Link,0,0
PAY_04311,4704,UPI,Technical Error,11,2,1,0.786,23,1103,Reminder,0,0
PAY_04312,27918,Card,Insufficient Funds,8,2,0,0.727,8,554,Reminder,0,0
PAY_04313,4687,UPI,Card Declined,8,2,0,0.727,19,805,UPI Link,0,0
PAY_04314,2673,Card,Insufficient Funds,6,4,0,0.545,4,498,Retry,0,0
PAY_04315,3025,Wallet,Bank Timeout,6,3,0,0.6,15,942,Retry,1,3025
PAY_04316,6412,Net Banking,Technical Error,8,3,0,0.667,2,31,Retry,0,0
PAY_04317,1376,Net Banking,User Abandoned,8,3,0,0.667,18,417,UPI Link,0,0
PAY_04318,7680,Net Banking,Network Error,8,1,0,0.8,18,272,Retry,1,7680
PAY_04319,5962,Wallet,Insufficient Funds,10,3,2,0.714,7,205,UPI Link,0,0
PAY_04320,2729,Card,User Abandoned,10,2,1,0.769,4,868,UPI Link,0,0
PAY_04321,1711,Net Banking,Card Declined,11,2,0,0.786,4,1368,Reminder,0,0
PAY_04322,1504,Wallet,Technical Error,16,1,1,0.889,3,291,UPI Link,1,1504
PAY_04323,3032,Wallet,Insufficient Funds,6,5,1,0.5,7,55,Reminder,1,3032
PAY_04324,2396,Card,User Abandoned,6,2,2,0.667,17,551,Reminder,0,0
PAY_04325,4909,Card,Technical Error,11,2,0,0.786,6,341,UPI Link,1,4909
PAY_04326,2372,UPI,Technical Error,13,1,2,0.867,7,680,Reminder,1,2372
PAY_04327,32207,Net Banking,Insufficient Funds,8,2,0,0.727,6,1475,UPI Link,1,32207
PAY_04328,3542,UPI,Network Error,12,1,2,0.857,3,614,Reminder,1,3542
PAY_04329,3983,UPI,Network Error,9,4,1,0.643,15,1211,Retry,0,0
PAY_04330,2315,Card,Technical Error,7,1,1,0.778,19,260,Retry,1,2315
PAY_04331,9964,Net Banking,Bank Timeout,7,0,0,0.875,2,1028,Retry,1,9964
PAY_04332,1026,Net Banking,User Abandoned,6,1,2,0.75,10,1435,UPI Link,1,1026
PAY_04333,1405,UPI,Network Error,4,1,0,0.667,23,16,Retry,1,1405
PAY_04334,8643,Wallet,Card Declined,12,0,0,0.923,13,1010,UPI Link,1,8643
PAY_04335,3461,Card,Bank Timeout,4,0,0,0.8,5,1207,Retry,1,3461
PAY_04336,1909,Wallet,Technical Error,11,1,0,0.846,11,1265,Reminder,0,0
PAY_04337,1900,Card,Technical Error,10,0,1,0.909,22,1112,Retry,1,1900
PAY_04338,2453,Wallet,Technical Error,6,2,0,0.667,16,684,Retry,1,2453
PAY_04339,1993,Net Banking,User Abandoned,11,1,1,0.846,16,394,UPI Link,1,1993
PAY_04340,5218,Card,Technical Error,9,3,2,0.692,13,1456,UPI Link,1,5218
PAY_04341,5272,Card,Card Declined,6,0,0,0.857,0,1041,UPI Link,0,0
PAY_04342,2578,Wallet,Bank Timeout,4,0,2,0.8,18,345,Reminder,0,0
PAY_04343,10237,Card,User Abandoned,9,3,0,0.692,23,765,Reminder,1,10237
PAY_04344,5126,Wallet,Bank Timeout,8,2,1,0.727,5,354,Retry,1,5126
PAY_04345,1997,Net Banking,Insufficient Funds,6,5,0,0.5,17,376,Reminder,1,1997
PAY_04346,467,Wallet,Bank Timeout,4,0,0,0.8,14,353,Retry,1,467
PAY_04347,8208,Card,Network Error,7,1,0,0.778,5,1324,Retry,1,8208
PAY_04348,2179,Card,Bank Timeout,9,3,0,0.692,8,179,Retry,0,0
PAY_04349,8824,Card,Network Error,11,0,0,0.917,0,1241,UPI Link,1,8824
PAY_04350,1619,Wallet,Card Declined,5,2,0,0.625,22,909,UPI Link,1,1619
PAY_04351,1932,Wallet,Card Declined,10,2,0,0.769,8,702,Reminder,0,0
PAY_04352,3196,UPI,Network Error,6,3,0,0.6,13,398,Retry,1,3196
PAY_04353,10775,Wallet,Technical Error,7,5,2,0.538,1,39,UPI Link,0,0
PAY_04354,3841,UPI,Insufficient Funds,5,4,2,0.5,2,1178,Reminder,0,0
PAY_04355,1794,Net Banking,Bank Timeout,10,2,1,0.769,19,364,Retry,0,0
PAY_04356,2300,Net Banking,Card Declined,9,3,0,0.692,2,1213,UPI Link,1,2300
PAY_04357,4247,UPI,User Abandoned,8,1,0,0.8,13,44,UPI Link,1,4247
PAY_04358,836,Card,Card Declined,8,4,1,0.615,21,77,UPI Link,1,836
PAY_04359,4900,Net Banking,Card Declined,6,5,0,0.5,21,857,Reminder,1,4900
PAY_04360,2320,UPI,Card Declined,5,3,1,0.556,4,801,UPI Link,0,0
PAY_04361,16027,Net Banking,Insufficient Funds,9,3,0,0.692,18,667,Reminder,1,16027
PAY_04362,4016,Card,Bank Timeout,8,1,0,0.8,13,185,Retry,1,4016
PAY_04363,6284,Wallet,User Abandoned,4,3,0,0.5,7,1379,Reminder,1,6284
PAY_04364,2227,Card,Card Declined,4,1,0,0.667,0,1317,Retry,0,0
PAY_04365,10217,Net Banking,Technical Error,13,2,2,0.812,2,892,Reminder,0,0
PAY_04366,4904,Card,User Abandoned,6,1,0,0.75,12,715,Reminder,0,0
PAY_04367,3899,Net Banking,Insufficient Funds,8,3,2,0.667,6,942,Reminder,1,3899
PAY_04368,9480,Wallet,User Abandoned,13,2,1,0.812,16,742,Reminder,1,9480
PAY_04369,4588,Wallet,Insufficient Funds,9,1,1,0.818,22,427,UPI Link,1,4588
PAY_04370,14954,Net Banking,Bank Timeout,5,0,1,0.833,1,569,UPI Link,1,14954
PAY_04371,8393,UPI,Card Declined,9,1,0,0.818,10,205,UPI Link,1,8393
PAY_04372,5720,Wallet,Insufficient Funds,11,3,0,0.733,15,1270,UPI Link,1,5720
PAY_04373,4878,Card,Bank Timeout,4,5,0,0.4,22,375,Retry,1,4878
PAY_04374,2696,Card,Technical Error,6,3,1,0.6,7,912,Retry,1,2696
PAY_04375,3674,Net Banking,Insufficient Funds,4,2,1,0.571,5,449,Reminder,1,3674
PAY_04376,2704,Wallet,Technical Error,6,1,0,0.75,16,797,Retry,1,2704
PAY_04377,1551,Wallet,Network Error,7,0,0,0.875,5,736,UPI Link,0,0
PAY_04378,12659,Net Banking,User Abandoned,11,1,0,0.846,12,281,Reminder,1,12659
PAY_04379,1925,UPI,Technical Error,4,7,2,0.333,14,355,Reminder,0,0
PAY_04380,14513,Wallet,User Abandoned,12,2,2,0.8,8,130,UPI Link,1,14513
PAY_04381,3280,UPI,Network Error,9,2,0,0.75,7,1026,UPI Link,1,3280
PAY_04382,10588,Net Banking,Card Declined,12,4,2,0.706,8,358,UPI Link,0,0
PAY_04383,6020,Net Banking,Bank Timeout,10,2,0,0.769,18,1236,Retry,0,0
PAY_04384,7184,UPI,Network Error,5,8,0,0.357,15,1093,Retry,0,0
PAY_04385,3244,Wallet,Insufficient Funds,8,1,0,0.8,15,1327,UPI Link,1,3244
PAY_04386,5157,UPI,Technical Error,10,1,0,0.833,14,1035,Reminder,1,5157
PAY_04387,7467,Net Banking,Technical Error,14,1,0,0.875,14,105,Retry,1,7467
PAY_04388,3187,Wallet,Insufficient Funds,10,3,1,0.714,14,1335,Retry,1,3187
PAY_04389,7585,Net Banking,Card Declined,5,3,0,0.556,13,958,UPI Link,0,0
PAY_04390,4361,Wallet,Bank Timeout,11,1,1,0.846,17,138,Retry,1,4361
PAY_04391,2721,Net Banking,User Abandoned,8,1,0,0.8,16,764,UPI Link,1,2721
PAY_04392,3710,UPI,Insufficient Funds,4,6,0,0.364,14,974,Retry,1,3710
PAY_04393,3192,Card,Network Error,6,0,0,0.857,0,1059,Retry,1,3192
PAY_04394,2873,UPI,User Abandoned,10,5,1,0.625,20,1152,Reminder,0,0
PAY_04395,8681,Net Banking,Bank Timeout,6,1,0,0.75,13,878,Retry,0,0
PAY_04396,1148,UPI,Bank Timeout,6,0,2,0.857,7,910,Reminder,1,1148
PAY_04397,5514,Wallet,Network Error,4,1,1,0.667,7,433,Retry,1,5514
PAY_04398,1031,Wallet,User Abandoned,14,3,1,0.778,21,433,Reminder,1,1031
PAY_04399,2895,Wallet,Card Declined,14,4,2,0.737,3,1123,Retry,1,2895
PAY_04400,7349,Card,User Abandoned,7,2,0,0.7,13,841,UPI Link,1,7349
PAY_04401,2292,Wallet,Network Error,9,3,2,0.692,8,167,UPI Link,0,0
PAY_04402,1695,Wallet,Network Error,8,5,2,0.571,16,883,Reminder,0,0
PAY_04403,2717,Net Banking,User Abandoned,6,3,1,0.6,1,794,Reminder,1,2717
PAY_04404,6175,Card,Network Error,5,2,1,0.625,6,624,Retry,1,6175
PAY_04405,46095,Card,User Abandoned,11,2,1,0.786,22,1266,UPI Link,1,46095
PAY_04406,2452,Wallet,Card Declined,8,5,0,0.571,23,645,Reminder,1,2452
PAY_04407,16350,Net Banking,Insufficient Funds,3,1,2,0.6,20,620,UPI Link,0,0
PAY_04408,3719,Card,Insufficient Funds,10,1,2,0.833,14,121,Reminder,0,0
PAY_04409,1981,Wallet,User Abandoned,11,3,0,0.733,17,823,UPI Link,1,1981
PAY_04410,1477,Wallet,Insufficient Funds,5,3,1,0.556,12,422,Reminder,1,1477
PAY_04411,3874,UPI,Insufficient Funds,5,0,1,0.833,5,1184,Retry,1,3874
PAY_04412,1873,UPI,Card Declined,6,3,0,0.6,18,1191,UPI Link,1,1873
PAY_04413,3166,UPI,User Abandoned,5,1,1,0.714,17,328,Reminder,1,3166
PAY_04414,4670,Card,Card Declined,11,4,2,0.688,10,418,Reminder,1,4670
PAY_04415,4929,Card,Card Declined,5,3,0,0.556,14,13,UPI Link,1,4929
PAY_04416,2317,Net Banking,Network Error,4,1,0,0.667,5,830,Retry,0,0
PAY_04417,6833,Card,Insufficient Funds,12,3,0,0.75,22,1425,UPI Link,1,6833
PAY_04418,7479,Card,Insufficient Funds,9,2,2,0.75,7,670,Reminder,1,7479
PAY_04419,393,UPI,Insufficient Funds,9,4,0,0.643,11,1159,UPI Link,1,393
PAY_04420,2431,Wallet,Card Declined,11,1,0,0.846,12,1227,UPI Link,1,2431
PAY_04421,9009,Net Banking,Network Error,6,0,1,0.857,6,5,Retry,1,9009
PAY_04422,1828,Card,Technical Error,11,2,0,0.786,17,1050,UPI Link,0,0
PAY_04423,1672,Net Banking,User Abandoned,6,1,0,0.75,1,1429,Reminder,1,1672
PAY_04424,652,UPI,Card Declined,10,0,2,0.909,17,229,UPI Link,0,0
PAY_04425,1841,UPI,Card Declined,4,3,2,0.5,12,1313,UPI Link,1,1841
PAY_04426,5358,Card,User Abandoned,7,3,0,0.636,10,1322,Reminder,1,5358
PAY_04427,4359,UPI,Insufficient Funds,8,3,1,0.667,20,518,Retry,1,4359
PAY_04428,23417,Card,User Abandoned,5,1,1,0.714,2,673,Reminder,1,23417
PAY_04429,5278,Wallet,Insufficient Funds,6,3,0,0.6,15,112,Retry,0,0
PAY_04430,1905,Card,Card Declined,7,0,2,0.875,9,88,UPI Link,0,0
PAY_04431,8274,UPI,Bank Timeout,4,5,0,0.4,16,1289,Retry,1,8274
PAY_04432,3744,UPI,Card Declined,9,2,0,0.75,12,308,UPI Link,1,3744
PAY_04433,8262,Wallet,Network Error,7,0,0,0.875,20,607,UPI Link,1,8262
PAY_04434,9625,Net Banking,Insufficient Funds,7,0,2,0.875,0,938,Reminder,1,9625
PAY_04435,9720,Net Banking,Network Error,10,0,0,0.909,20,1325,Retry,1,9720
PAY_04436,5969,Net Banking,Insufficient Funds,9,1,0,0.818,13,1106,Reminder,1,5969
PAY_04437,2311,UPI,User Abandoned,4,2,1,0.571,12,226,Reminder,0,0
PAY_04438,4925,Wallet,Card Declined,7,4,1,0.583,4,32,UPI Link,0,0
PAY_04439,356,Card,Insufficient Funds,10,2,0,0.769,19,246,UPI Link,1,356
PAY_04440,6455,Card,Card Declined,11,3,0,0.733,21,542,UPI Link,1,6455
PAY_04441,1413,Card,Technical Error,7,2,1,0.7,12,1291,Retry,0,0
PAY_04442,2496,Net Banking,Technical Error,4,2,1,0.571,21,993,UPI Link,0,0
PAY_04443,3582,UPI,Bank Timeout,8,1,0,0.8,23,605,UPI Link,0,0
PAY_04444,3092,Card,Technical Error,6,5,0,0.5,21,766,Retry,1,3092
PAY_04445,4472,UPI,Network Error,8,4,0,0.615,4,457,Retry,1,4472
PAY_04446,2494,Card,Insufficient Funds,13,1,0,0.867,17,546,UPI Link,0,0
PAY_04447,7592,Wallet,User Abandoned,13,1,0,0.867,7,1250,Reminder,1,7592
PAY_04448,16832,Wallet,Insufficient Funds,6,2,0,0.667,9,497,Reminder,0,0
PAY_04449,7932,Card,User Abandoned,5,3,0,0.556,1,721,Reminder,1,7932
PAY_04450,1557,Wallet,Technical Error,8,4,1,0.615,2,1434,Retry,0,0
PAY_04451,6143,Wallet,Technical Error,8,2,0,0.727,21,34,Reminder,1,6143
PAY_04452,4642,Wallet,User Abandoned,15,3,0,0.789,16,1120,Reminder,1,4642
PAY_04453,4443,Net Banking,User Abandoned,4,0,1,0.8,14,1021,Reminder,1,4443
PAY_04454,13694,Net Banking,Technical Error,8,1,2,0.8,12,842,Reminder,0,0
PAY_04455,5035,Card,Bank Timeout,6,0,0,0.857,13,79,Retry,1,5035
PAY_04456,14227,Wallet,Network Error,6,1,1,0.75,16,836,Retry,1,14227
PAY_04457,5012,UPI,Bank Timeout,6,0,0,0.857,18,636,Retry,1,5012
PAY_04458,599,Wallet,User Abandoned,8,1,0,0.8,4,104,Retry,1,599
PAY_04459,5660,Card,Network Error,3,0,1,0.75,12,378,Retry,1,5660
PAY_04460,644,Wallet,Network Error,5,1,1,0.714,4,23,Retry,0,0
PAY_04461,1389,Wallet,Insufficient Funds,4,4,1,0.444,18,1195,Reminder,1,1389
PAY_04462,14075,Card,Technical Error,6,2,1,0.667,19,1209,Reminder,0,0
PAY_04463,1141,Card,Network Error,10,1,2,0.833,19,1123,Reminder,0,0
PAY_04464,816,Net Banking,Network Error,10,2,2,0.769,15,819,UPI Link,1,816
PAY_04465,5495,Wallet,User Abandoned,9,3,1,0.692,14,1252,Reminder,1,5495
PAY_04466,1072,Wallet,Insufficient Funds,6,2,0,0.667,3,506,Reminder,1,1072
PAY_04467,7535,Card,Insufficient Funds,7,0,1,0.875,8,1246,UPI Link,0,0
PAY_04468,6789,UPI,Technical Error,9,5,0,0.6,19,1082,UPI Link,0,0
PAY_04469,1399,UPI,Bank Timeout,6,3,0,0.6,12,21,Retry,0,0
PAY_04470,5509,UPI,Technical Error,10,1,0,0.833,1,1337,Reminder,0,0
PAY_04471,8114,Wallet,Card Declined,5,2,0,0.625,19,1484,Reminder,1,8114
PAY_04472,3569,UPI,Technical Error,11,1,2,0.846,20,1355,Reminder,0,0
PAY_04473,13720,UPI,Technical Error,3,1,2,0.6,18,145,Reminder,0,0
PAY_04474,3994,UPI,Insufficient Funds,4,3,0,0.5,16,1178,UPI Link,0,0
PAY_04475,15168,Card,User Abandoned,10,3,1,0.714,15,272,Reminder,1,15168
PAY_04476,3853,Wallet,User Abandoned,5,4,0,0.5,21,786,Reminder,1,3853
PAY_04477,252,Card,Technical Error,11,3,0,0.733,10,1272,Reminder,0,0
PAY_04478,3175,Card,Insufficient Funds,12,2,1,0.8,5,479,Reminder,0,0
PAY_04479,2869,Card,Insufficient Funds,8,1,1,0.8,15,874,Reminder,1,2869
PAY_04480,1046,UPI,Network Error,9,3,0,0.692,17,1271,Retry,0,0
PAY_04481,2982,UPI,User Abandoned,7,0,0,0.875,12,1094,Reminder,1,2982
PAY_04482,1506,UPI,Insufficient Funds,12,3,1,0.75,21,747,Reminder,0,0
PAY_04483,4764,UPI,Card Declined,7,2,1,0.7,13,838,UPI Link,1,4764
PAY_04484,2018,Wallet,Network Error,9,0,0,0.9,15,314,UPI Link,1,2018
PAY_04485,3831,Net Banking,Insufficient Funds,10,3,0,0.714,7,630,UPI Link,1,3831
PAY_04486,3118,UPI,User Abandoned,7,0,0,0.875,10,462,Retry,1,3118
PAY_04487,1884,Card,Card Declined,6,2,2,0.667,19,647,Reminder,0,0
PAY_04488,1291,UPI,Insufficient Funds,14,1,0,0.875,15,1004,UPI Link,1,1291
PAY_04489,808,Card,Insufficient Funds,8,0,1,0.889,11,128,Reminder,1,808
PAY_04490,7432,UPI,Network Error,12,0,2,0.923,5,93,Reminder,1,7432
PAY_04491,1946,Net Banking,Network Error,6,2,2,0.667,18,1224,UPI Link,0,0
PAY_04492,4903,Card,Network Error,5,2,1,0.625,6,431,Retry,0,0
PAY_04493,3926,Card,Technical Error,5,1,2,0.714,5,602,Retry,0,0
PAY_04494,5956,Net Banking,Technical Error,8,2,1,0.727,9,1127,Retry,0,0
PAY_04495,13456,Net Banking,Card Declined,8,2,1,0.727,0,910,Reminder,1,13456
PAY_04496,3170,Wallet,Bank Timeout,8,4,0,0.615,10,135,Reminder,0,0
PAY_04497,5744,UPI,User Abandoned,8,0,1,0.889,13,659,Reminder,0,0
PAY_04498,2721,UPI,Card Declined,17,2,2,0.85,1,1410,UPI Link,1,2721
PAY_04499,7144,Net Banking,Insufficient Funds,3,1,1,0.6,22,490,Retry,0,0
PAY_04500,2518,Card,Network Error,9,1,1,0.818,11,161,Retry,1,2518
PAY_04501,2698,Wallet,Bank Timeout,7,2,0,0.7,1,1240,UPI Link,0,0
PAY_04502,3893,Net Banking,Network Error,8,4,0,0.615,11,710,Retry,1,3893
PAY_04503,21828,UPI,User Abandoned,9,0,2,0.9,3,658,UPI Link,0,0
PAY_04504,2084,Wallet,Technical Error,13,2,0,0.812,22,1269,Retry,1,2084
PAY_04505,979,Net Banking,Bank Timeout,7,2,1,0.7,21,240,Reminder,0,0
PAY_04506,640,UPI,User Abandoned,7,0,1,0.875,15,6,Reminder,1,640
PAY_04507,4797,UPI,Network Error,11,4,0,0.688,0,1469,Retry,1,4797
PAY_04508,5050,Net Banking,Insufficient Funds,7,1,1,0.778,8,38,Retry,0,0
PAY_04509,1096,Card,Network Error,7,3,2,0.636,17,307,Reminder,0,0
PAY_04510,2899,UPI,User Abandoned,9,4,0,0.643,18,784,Reminder,1,2899
PAY_04511,4304,Card,User Abandoned,6,3,2,0.6,1,489,Reminder,0,0
PAY_04512,4981,Wallet,User Abandoned,5,0,0,0.833,20,1421,UPI Link,1,4981
PAY_04513,2007,Wallet,Network Error,6,1,1,0.75,0,311,Retry,1,2007
PAY_04514,2027,Card,Network Error,6,3,2,0.6,10,186,Retry,1,2027
PAY_04515,5684,Wallet,Technical Error,7,4,2,0.583,13,1453,UPI Link,0,0
PAY_04516,779,Card,User Abandoned,9,2,0,0.75,10,1477,Reminder,1,779
PAY_04517,8233,Card,Insufficient Funds,8,4,0,0.615,19,960,Reminder,0,0
PAY_04518,4965,UPI,Network Error,9,3,1,0.692,1,885,Retry,0,0
PAY_04519,2859,Wallet,Insufficient Funds,14,0,1,0.933,5,85,Retry,0,0
PAY_04520,11567,UPI,Network Error,11,3,2,0.733,19,190,UPI Link,1,11567
PAY_04521,10622,Net Banking,Bank Timeout,5,2,0,0.625,2,409,Retry,1,10622
PAY_04522,5843,Card,Card Declined,11,6,1,0.611,3,198,UPI Link,0,0
PAY_04523,1166,Net Banking,Network Error,4,4,0,0.444,17,97,Retry,0,0
PAY_04524,4212,Wallet,Bank Timeout,5,2,0,0.625,21,245,Retry,1,4212
PAY_04525,4708,Wallet,Insufficient Funds,8,1,0,0.8,14,1401,UPI Link,0,0
PAY_04526,10722,Card,Bank Timeout,14,5,0,0.7,10,463,Retry,1,10722
PAY_04527,5255,Wallet,User Abandoned,3,2,0,0.5,15,978,Retry,0,0
PAY_04528,4171,Net Banking,User Abandoned,6,4,0,0.545,9,984,UPI Link,0,0
PAY_04529,1732,UPI,Network Error,5,0,2,0.833,21,282,Retry,1,1732
PAY_04530,3804,Card,Insufficient Funds,6,1,1,0.75,2,593,Reminder,0,0
PAY_04531,5043,UPI,Network Error,12,1,1,0.857,10,1494,Retry,1,5043
PAY_04532,1617,Net Banking,Card Declined,4,4,1,0.444,12,836,UPI Link,1,1617
PAY_04533,1225,Wallet,Bank Timeout,8,2,0,0.727,10,1440,UPI Link,1,1225
PAY_04534,3766,Wallet,Insufficient Funds,5,0,0,0.833,7,28,Reminder,1,3766
PAY_04535,2009,Wallet,Insufficient Funds,9,0,2,0.9,17,617,Reminder,0,0
PAY_04536,1669,Net Banking,Card Declined,8,4,1,0.615,14,13,UPI Link,1,1669
PAY_04537,8236,Wallet,Network Error,9,2,1,0.75,1,678,Reminder,0,0
PAY_04538,10641,UPI,Card Declined,12,1,0,0.857,1,812,UPI Link,1,10641
PAY_04539,1477,Wallet,Insufficient Funds,9,3,0,0.692,1,265,UPI Link,0,0
PAY_04540,10777,UPI,User Abandoned,10,0,2,0.909,13,545,UPI Link,1,10777
PAY_04541,3130,UPI,Insufficient Funds,6,3,0,0.6,18,90,UPI Link,0,0
PAY_04542,3294,Card,Insufficient Funds,10,4,2,0.667,7,1309,Reminder,0,0
PAY_04543,22510,Net Banking,Bank Timeout,11,1,0,0.846,19,538,Retry,1,22510
PAY_04544,1305,Card,Card Declined,9,2,0,0.75,18,958,UPI Link,0,0
PAY_04545,1564,Net Banking,Bank Timeout,8,2,0,0.727,18,1330,UPI Link,0,0
PAY_04546,1979,Wallet,Insufficient Funds,7,1,0,0.778,19,1468,UPI Link,1,1979
PAY_04547,7388,UPI,Bank Timeout,9,0,1,0.9,11,1010,Reminder,1,7388
PAY_04548,6380,Net Banking,Technical Error,13,2,0,0.812,20,1210,Reminder,0,0
PAY_04549,1401,UPI,Technical Error,8,0,0,0.889,23,1141,Reminder,1,1401
PAY_04550,8091,Net Banking,User Abandoned,8,2,0,0.727,10,462,Reminder,1,8091
PAY_04551,1415,UPI,Network Error,3,1,0,0.6,20,1150,Retry,1,1415
PAY_04552,6925,Wallet,Technical Error,11,4,2,0.688,11,1085,Reminder,0,0
PAY_04553,9974,Net Banking,Technical Error,7,4,1,0.583,12,322,UPI Link,0,0
PAY_04554,20555,Net Banking,Bank Timeout,11,3,0,0.733,15,1263,Retry,1,20555
PAY_04555,669,Net Banking,User Abandoned,6,3,1,0.6,12,25,Reminder,0,0
PAY_04556,13259,Wallet,Insufficient Funds,5,3,1,0.556,4,635,UPI Link,1,13259
PAY_04557,2270,UPI,Card Declined,11,1,0,0.846,9,920,Reminder,1,2270
PAY_04558,2080,Card,Card Declined,8,3,1,0.667,0,269,UPI Link,1,2080
PAY_04559,1422,UPI,Technical Error,9,0,1,0.9,11,56,Retry,1,1422
PAY_04560,1751,Card,User Abandoned,1,2,0,0.25,2,904,Reminder,1,1751
PAY_04561,20612,UPI,Card Declined,6,1,1,0.75,3,648,UPI Link,0,0
PAY_04562,2870,Net Banking,Network Error,12,2,1,0.8,18,127,Retry,1,2870
PAY_04563,3906,Card,Technical Error,11,5,0,0.647,2,429,Retry,1,3906
PAY_04564,2083,Net Banking,Technical Error,4,0,1,0.8,18,544,Retry,1,2083
PAY_04565,2885,Wallet,Technical Error,4,4,2,0.444,23,749,Reminder,0,0
PAY_04566,741,Net Banking,User Abandoned,5,0,1,0.833,18,112,Reminder,1,741
PAY_04567,1701,Wallet,Insufficient Funds,15,5,1,0.714,23,164,UPI Link,0,0
PAY_04568,9990,Wallet,Card Declined,7,4,2,0.583,9,1472,UPI Link,1,9990
PAY_04569,4329,Card,Card Declined,4,1,0,0.667,12,253,UPI Link,1,4329
PAY_04570,4022,Card,Technical Error,6,3,2,0.6,19,1014,Reminder,1,4022
PAY_04571,1190,Wallet,Card Declined,4,1,1,0.667,0,767,UPI Link,1,1190
PAY_04572,741,UPI,Bank Timeout,8,3,0,0.667,23,1422,Retry,1,741
PAY_04573,13909,Wallet,User Abandoned,8,1,0,0.8,17,544,Reminder,0,0
PAY_04574,3885,UPI,User Abandoned,7,1,0,0.778,18,381,Reminder,1,3885
PAY_04575,4310,Net Banking,Card Declined,4,4,1,0.444,7,445,UPI Link,0,0
PAY_04576,9652,Card,User Abandoned,4,3,2,0.5,19,1431,Reminder,1,9652
PAY_04577,4023,Card,Bank Timeout,10,1,1,0.833,12,593,Retry,1,4023
PAY_04578,13841,Card,Network Error,4,2,0,0.571,10,492,UPI Link,0,0
PAY_04579,6836,Wallet,Card Declined,8,2,1,0.727,19,1216,UPI Link,1,6836
PAY_04580,9276,Net Banking,Bank Timeout,7,0,1,0.875,15,485,Retry,1,9276
PAY_04581,697,Card,Bank Timeout,9,3,2,0.692,17,693,UPI Link,1,697
PAY_04582,1154,UPI,Bank Timeout,7,5,0,0.538,21,374,Retry,1,1154
PAY_04583,3303,UPI,Technical Error,9,1,2,0.818,0,134,Reminder,1,3303
PAY_04584,2498,Card,Bank Timeout,7,2,0,0.7,16,572,Retry,1,2498
PAY_04585,1631,Card,Technical Error,17,2,1,0.85,21,145,Retry,1,1631
PAY_04586,4010,Card,Network Error,9,2,0,0.75,21,990,Retry,1,4010
PAY_04587,1313,Net Banking,Insufficient Funds,12,1,0,0.857,8,1414,Reminder,0,0
PAY_04588,1673,Wallet,Insufficient Funds,8,1,1,0.8,10,894,UPI Link,0,0
PAY_04589,1721,UPI,Bank Timeout,13,3,1,0.765,7,255,Retry,0,0
PAY_04590,726,Wallet,Technical Error,7,3,0,0.636,6,1380,Retry,1,726
PAY_04591,3156,Wallet,User Abandoned,7,1,2,0.778,4,263,Reminder,1,3156
PAY_04592,8895,Wallet,Card Declined,12,3,0,0.75,6,155,UPI Link,1,8895
PAY_04593,27517,UPI,Card Declined,11,1,1,0.846,9,1496,UPI Link,1,27517
PAY_04594,5934,Wallet,Insufficient Funds,5,2,0,0.625,17,741,Reminder,0,0
PAY_04595,6801,Wallet,Insufficient Funds,11,1,0,0.846,19,642,Reminder,1,6801
PAY_04596,654,Net Banking,Bank Timeout,6,2,2,0.667,9,174,UPI Link,0,0
PAY_04597,3076,UPI,User Abandoned,9,4,1,0.643,22,610,UPI Link,1,3076
PAY_04598,18536,Card,Card Declined,9,1,0,0.818,0,1384,UPI Link,1,18536
PAY_04599,17731,Wallet,Card Declined,3,2,0,0.5,16,343,UPI Link,0,0
PAY_04600,1285,Wallet,Bank Timeout,9,1,0,0.818,18,5,UPI Link,0,0
PAY_04601,2552,Wallet,Bank Timeout,6,1,0,0.75,1,502,UPI Link,0,0
PAY_04602,6419,Card,Network Error,8,2,2,0.727,11,1300,UPI Link,0,0
PAY_04603,3337,Wallet,Technical Error,10,2,1,0.769,23,146,Retry,0,0
PAY_04604,2475,Wallet,Technical Error,6,2,0,0.667,19,995,Retry,1,2475
PAY_04605,18412,Card,Insufficient Funds,9,5,1,0.6,6,1203,UPI Link,1,18412
PAY_04606,755,Wallet,User Abandoned,8,1,1,0.8,17,1451,Reminder,0,0
PAY_04607,8852,UPI,Technical Error,8,2,1,0.727,22,1037,Retry,1,8852
PAY_04608,5754,Net Banking,Technical Error,6,3,0,0.6,9,1224,UPI Link,0,0
PAY_04609,75026,Card,Bank Timeout,8,3,1,0.667,13,608,Retry,1,75026
PAY_04610,6465,Card,User Abandoned,12,2,0,0.8,18,527,UPI Link,0,0
PAY_04611,3488,UPI,Bank Timeout,6,0,0,0.857,5,1472,Retry,1,3488
PAY_04612,15124,UPI,User Abandoned,10,4,0,0.667,10,1262,Reminder,1,15124
PAY_04613,2133,Net Banking,Bank Timeout,5,0,0,0.833,0,9,Retry,1,2133
PAY_04614,9878,Card,User Abandoned,6,2,1,0.667,13,1432,Retry,0,0
PAY_04615,2656,Card,Bank Timeout,12,3,0,0.75,18,1088,UPI Link,0,0
PAY_04616,1122,Net Banking,Card Declined,3,3,0,0.429,5,1305,UPI Link,1,1122
PAY_04617,2477,Wallet,User Abandoned,10,5,1,0.625,23,1033,UPI Link,1,2477
PAY_04618,7048,UPI,Network Error,7,1,1,0.778,16,290,Reminder,1,7048
PAY_04619,2098,Card,Bank Timeout,13,4,1,0.722,16,1317,Retry,0,0
PAY_04620,3756,Wallet,Insufficient Funds,3,1,0,0.6,21,1120,Retry,0,0
PAY_04621,1504,Net Banking,Insufficient Funds,11,1,1,0.846,16,102,Reminder,0,0
PAY_04622,1956,UPI,User Abandoned,7,0,0,0.875,22,1482,Reminder,0,0
PAY_04623,5658,Net Banking,Card Declined,8,1,0,0.8,14,1178,UPI Link,1,5658
PAY_04624,3293,Net Banking,Card Declined,6,2,0,0.667,21,665,UPI Link,1,3293
PAY_04625,5941,Wallet,Network Error,10,3,0,0.714,18,793,Retry,1,5941
PAY_04626,1815,Card,Insufficient Funds,5,1,1,0.714,14,316,Reminder,1,1815
PAY_04627,3540,UPI,Insufficient Funds,2,3,1,0.333,1,1176,Retry,0,0
PAY_04628,5288,Wallet,Insufficient Funds,8,0,1,0.889,12,272,Reminder,1,5288
PAY_04629,8748,Wallet,Technical Error,11,2,0,0.786,10,921,Retry,1,8748
PAY_04630,5643,Wallet,Technical Error,8,1,0,0.8,15,1363,Reminder,1,5643
PAY_04631,3317,Wallet,Technical Error,8,2,0,0.727,11,1011,Retry,0,0
PAY_04632,5389,Card,Technical Error,9,2,1,0.75,13,563,Retry,1,5389
PAY_04633,4400,UPI,Card Declined,6,0,1,0.857,14,692,UPI Link,1,4400
PAY_04634,2477,Wallet,Network Error,14,3,0,0.778,9,1400,Retry,1,2477
PAY_04635,1562,UPI,Card Declined,11,2,1,0.786,11,523,UPI Link,1,1562
PAY_04636,7419,Card,Bank Timeout,9,0,0,0.9,9,533,Retry,1,7419
PAY_04637,17215,Wallet,Technical Error,9,1,0,0.818,4,414,Retry,1,17215
PAY_04638,3999,Wallet,Network Error,9,1,1,0.818,0,1050,UPI Link,1,3999
PAY_04639,6829,Net Banking,Card Declined,10,2,0,0.769,23,131,UPI Link,1,6829
PAY_04640,2547,Card,Card Declined,10,0,0,0.909,1,1275,UPI Link,1,2547
PAY_04641,2331,Net Banking,Bank Timeout,5,1,0,0.714,16,1317,Retry,0,0
PAY_04642,2914,Card,Insufficient Funds,8,3,2,0.667,10,1498,Reminder,0,0
PAY_04643,4739,Card,Insufficient Funds,3,3,1,0.429,8,142,Reminder,0,0
PAY_04644,3353,UPI,Network Error,11,3,1,0.733,20,136,UPI Link,0,0
PAY_04645,4087,Wallet,Network Error,7,2,1,0.7,18,998,Retry,0,0
PAY_04646,8373,Net Banking,Technical Error,9,0,0,0.9,17,551,Retry,1,8373
PAY_04647,7088,Net Banking,Card Declined,12,3,1,0.75,8,1079,UPI Link,0,0
PAY_04648,13782,Net Banking,Insufficient Funds,13,0,1,0.929,6,725,UPI Link,0,0
PAY_04649,4676,Wallet,User Abandoned,16,1,1,0.889,9,1044,Retry,1,4676
PAY_04650,2220,UPI,Network Error,4,5,0,0.4,15,1312,Retry,0,0
PAY_04651,4474,Card,Network Error,7,1,0,0.778,21,39,UPI Link,0,0
PAY_04652,14858,UPI,Bank Timeout,8,1,2,0.8,13,3,Reminder,1,14858
PAY_04653,4456,Net Banking,Technical Error,4,4,0,0.444,20,91,UPI Link,0,0
PAY_04654,1512,UPI,Technical Error,11,1,1,0.846,19,287,Retry,1,1512
PAY_04655,1508,Net Banking,Network Error,11,1,0,0.846,14,392,UPI Link,1,1508
PAY_04656,17040,Card,Insufficient Funds,12,1,0,0.857,3,1155,UPI Link,0,0
PAY_04657,777,Wallet,Card Declined,4,2,0,0.571,17,895,UPI Link,0,0
PAY_04658,3186,Net Banking,Insufficient Funds,7,2,2,0.7,9,137,UPI Link,0,0
PAY_04659,2283,Wallet,User Abandoned,10,3,0,0.714,21,1071,UPI Link,0,0
PAY_04660,4302,Card,Insufficient Funds,5,1,1,0.714,16,1483,Reminder,1,4302
PAY_04661,6310,Net Banking,User Abandoned,6,3,1,0.6,12,1427,Reminder,1,6310
PAY_04662,5892,Net Banking,Insufficient Funds,7,2,1,0.7,13,326,Reminder,0,0
PAY_04663,3163,Card,Bank Timeout,10,1,1,0.833,0,1317,Retry,1,3163
PAY_04664,7131,Wallet,User Abandoned,6,2,1,0.667,8,340,Reminder,1,7131
PAY_04665,4209,Wallet,Technical Error,8,6,1,0.533,6,203,UPI Link,0,0
PAY_04666,5081,Wallet,Bank Timeout,8,1,2,0.8,0,787,Reminder,0,0
PAY_04667,7491,Card,User Abandoned,12,4,2,0.706,21,178,Reminder,1,7491
PAY_04668,1280,UPI,Card Declined,6,3,1,0.6,16,307,UPI Link,1,1280
PAY_04669,4744,Card,Card Declined,8,1,0,0.8,10,1154,UPI Link,1,4744
PAY_04670,2422,UPI,Card Declined,5,0,0,0.833,7,274,UPI Link,1,2422
PAY_04671,4317,Card,Bank Timeout,7,4,2,0.583,15,244,UPI Link,0,0
PAY_04672,2607,UPI,Bank Timeout,6,4,0,0.545,7,966,Retry,1,2607
PAY_04673,2275,UPI,Insufficient Funds,4,2,2,0.571,13,648,UPI Link,1,2275
PAY_04674,10826,Wallet,Insufficient Funds,9,0,2,0.9,17,575,UPI Link,1,10826
PAY_04675,2374,Wallet,Network Error,6,1,0,0.75,22,532,Retry,0,0
PAY_04676,5880,Wallet,Card Declined,8,2,1,0.727,10,643,UPI Link,1,5880
PAY_04677,9990,UPI,Network Error,8,0,1,0.889,19,1404,Retry,1,9990
PAY_04678,6494,Wallet,User Abandoned,2,0,0,0.667,14,1054,Reminder,0,0
PAY_04679,4108,UPI,Technical Error,4,1,1,0.667,19,119,Retry,1,4108
PAY_04680,1458,Net Banking,Technical Error,9,5,1,0.6,19,1459,Retry,1,1458
PAY_04681,1180,Card,Card Declined,12,2,1,0.8,6,1036,UPI Link,1,1180
PAY_04682,5035,Wallet,Card Declined,16,4,0,0.762,16,47,Reminder,0,0
PAY_04683,3531,UPI,User Abandoned,8,0,1,0.889,12,163,Reminder,1,3531
PAY_04684,324,Wallet,User Abandoned,4,0,0,0.8,5,235,UPI Link,0,0
PAY_04685,1702,UPI,User Abandoned,7,0,0,0.875,23,181,Reminder,1,1702
PAY_04686,9337,UPI,Bank Timeout,5,3,1,0.556,20,1106,Retry,1,9337
PAY_04687,10572,Wallet,User Abandoned,11,4,0,0.688,16,275,UPI Link,0,0
PAY_04688,2009,UPI,User Abandoned,8,5,1,0.571,0,823,Reminder,1,2009
PAY_04689,4771,UPI,Insufficient Funds,6,1,0,0.75,14,1201,Reminder,1,4771
PAY_04690,2729,Wallet,Bank Timeout,8,1,1,0.8,17,295,Retry,1,2729
PAY_04691,2343,Card,Bank Timeout,6,0,0,0.857,22,1048,Retry,0,0
PAY_04692,3308,Wallet,User Abandoned,15,2,0,0.833,19,931,UPI Link,0,0
PAY_04693,4510,Card,User Abandoned,7,1,0,0.778,1,862,Reminder,0,0
PAY_04694,6153,Wallet,Network Error,12,4,1,0.706,13,1063,UPI Link,0,0
PAY_04695,2847,Card,Bank Timeout,9,3,0,0.692,11,1415,Retry,1,2847
PAY_04696,2714,Wallet,Card Declined,9,0,0,0.9,23,208,Reminder,1,2714
PAY_04697,4977,Card,Insufficient Funds,6,2,0,0.667,10,697,UPI Link,1,4977
PAY_04698,9880,Net Banking,Card Declined,8,2,2,0.727,1,733,UPI Link,0,0
PAY_04699,5201,UPI,Network Error,5,3,1,0.556,19,1236,Retry,0,0
PAY_04700,2539,Card,Network Error,8,1,0,0.8,22,574,Retry,1,2539
PAY_04701,9951,Net Banking,Technical Error,8,3,1,0.667,17,429,Retry,1,9951
PAY_04702,9293,UPI,Technical Error,11,3,0,0.733,9,990,Reminder,0,0
PAY_04703,3060,UPI,Bank Timeout,13,2,0,0.812,20,661,UPI Link,1,3060
PAY_04704,1215,Card,Card Declined,10,1,1,0.833,14,234,UPI Link,1,1215
PAY_04705,644,Wallet,Network Error,9,0,1,0.9,2,77,Retry,1,644
PAY_04706,9277,Wallet,Card Declined,7,3,1,0.636,14,1102,UPI Link,1,9277
PAY_04707,15029,Card,Bank Timeout,9,0,2,0.9,9,1286,Reminder,0,0
PAY_04708,9013,Wallet,Network Error,11,1,0,0.846,8,844,Reminder,1,9013
PAY_04709,1058,Net Banking,Insufficient Funds,6,1,0,0.75,13,1487,Retry,1,1058
PAY_04710,4941,Net Banking,Insufficient Funds,12,0,0,0.923,13,447,Retry,1,4941
PAY_04711,2110,Net Banking,Card Declined,8,0,0,0.889,15,1037,UPI Link,1,2110
PAY_04712,2012,UPI,Technical Error,5,4,1,0.5,15,750,Retry,1,2012
PAY_04713,1509,Card,Network Error,9,2,2,0.75,21,302,UPI Link,1,1509
PAY_04714,2649,Card,Insufficient Funds,13,1,1,0.867,12,1146,UPI Link,1,2649
PAY_04715,9196,Card,User Abandoned,5,1,0,0.714,4,1157,UPI Link,0,0
PAY_04716,5693,Net Banking,Network Error,7,1,0,0.778,22,1356,Retry,1,5693
PAY_04717,12739,Card,Bank Timeout,10,2,0,0.769,5,615,Retry,0,0
PAY_04718,10372,Net Banking,Insufficient Funds,12,2,1,0.8,11,1284,UPI Link,1,10372
PAY_04719,6681,Card,Network Error,5,2,1,0.625,12,50,Reminder,0,0
PAY_04720,941,Card,Technical Error,6,0,0,0.857,12,965,UPI Link,1,941
PAY_04721,3879,Wallet,Bank Timeout,7,1,2,0.778,3,708,UPI Link,0,0
PAY_04722,8553,Net Banking,Network Error,6,1,0,0.75,20,169,Reminder,0,0
PAY_04723,2947,Wallet,Technical Error,8,3,2,0.667,19,236,Reminder,0,0
PAY_04724,4169,Wallet,Insufficient Funds,5,1,0,0.714,0,331,Retry,0,0
PAY_04725,7134,UPI,Network Error,5,0,2,0.833,3,829,UPI Link,1,7134
PAY_04726,1051,UPI,User Abandoned,11,4,0,0.688,3,467,UPI Link,1,1051
PAY_04727,1886,Net Banking,Technical Error,13,3,2,0.765,15,792,UPI Link,0,0
PAY_04728,1490,UPI,User Abandoned,9,4,1,0.643,8,1152,Reminder,1,1490
PAY_04729,2061,Wallet,Card Declined,6,2,0,0.667,0,264,UPI Link,1,2061
PAY_04730,642,Card,Network Error,9,2,1,0.75,9,1361,Retry,1,642
PAY_04731,4322,Card,Bank Timeout,9,1,0,0.818,4,870,Reminder,1,4322
PAY_04732,2941,Net Banking,User Abandoned,6,3,0,0.6,18,1487,UPI Link,0,0
PAY_04733,1513,Wallet,User Abandoned,6,1,0,0.75,3,1143,UPI Link,0,0
PAY_04734,939,Wallet,Card Declined,8,2,1,0.727,14,253,UPI Link,1,939
PAY_04735,3321,Wallet,Card Declined,10,0,1,0.909,13,160,UPI Link,1,3321
PAY_04736,2621,Net Banking,User Abandoned,4,2,1,0.571,7,570,Reminder,1,2621
PAY_04737,8410,UPI,Bank Timeout,11,2,0,0.786,4,1393,Retry,1,8410
PAY_04738,900,Card,Technical Error,6,2,1,0.667,18,1115,Retry,1,900
PAY_04739,4819,Card,User Abandoned,9,2,1,0.75,13,1135,Reminder,0,0
PAY_04740,992,Wallet,Card Declined,8,0,0,0.889,19,34,UPI Link,1,992
PAY_04741,6556,Wallet,Network Error,12,3,0,0.75,10,307,Retry,1,6556
PAY_04742,3728,Net Banking,Card Declined,8,4,0,0.615,8,602,UPI Link,1,3728
PAY_04743,3285,Card,Bank Timeout,3,2,0,0.5,11,129,Retry,1,3285
PAY_04744,4246,Wallet,Technical Error,9,5,1,0.6,9,287,UPI Link,0,0
PAY_04745,5426,Wallet,Insufficient Funds,8,2,0,0.727,17,786,Reminder,1,5426
PAY_04746,5081,Card,Card Declined,9,1,0,0.818,2,1163,UPI Link,1,5081
PAY_04747,2696,Net Banking,User Abandoned,9,4,2,0.643,12,1255,UPI Link,1,2696
PAY_04748,15468,Net Banking,Network Error,2,2,0,0.4,20,375,Retry,1,15468
PAY_04749,6186,Wallet,Card Declined,6,3,0,0.6,2,612,UPI Link,1,6186
PAY_04750,2030,UPI,Bank Timeout,9,3,1,0.692,10,6,Reminder,1,2030
PAY_04751,3644,Net Banking,Technical Error,5,0,0,0.833,23,1479,Reminder,1,3644
PAY_04752,5539,Net Banking,Technical Error,7,2,2,0.7,8,1126,Reminder,0,0
PAY_04753,14232,Card,Bank Timeout,5,0,1,0.833,17,469,Retry,1,14232
PAY_04754,2920,Net Banking,Card Declined,4,2,0,0.571,7,136,UPI Link,1,2920
PAY_04755,481,Net Banking,Technical Error,15,1,1,0.882,23,1425,Retry,1,481
PAY_04756,12613,Wallet,Technical Error,9,3,1,0.692,6,305,Retry,1,12613
PAY_04757,4553,UPI,Technical Error,10,0,2,0.909,18,938,UPI Link,0,0
PAY_04758,1718,Wallet,Network Error,7,4,0,0.583,6,131,Retry,1,1718
PAY_04759,2821,UPI,Technical Error,8,2,0,0.727,18,660,Retry,1,2821
PAY_04760,2514,Wallet,Card Declined,10,1,2,0.833,13,871,UPI Link,1,2514
PAY_04761,4379,Card,Insufficient Funds,5,0,2,0.833,16,766,UPI Link,1,4379
PAY_04762,4538,UPI,Insufficient Funds,6,5,2,0.5,22,1098,UPI Link,0,0
PAY_04763,12001,Card,Insufficient Funds,6,2,0,0.667,6,1193,Reminder,0,0
PAY_04764,1486,UPI,Insufficient Funds,9,1,0,0.818,7,888,UPI Link,1,1486
PAY_04765,22057,Wallet,Bank Timeout,11,2,2,0.786,3,31,UPI Link,0,0
PAY_04766,2137,UPI,Network Error,7,2,1,0.7,3,93,Retry,1,2137
PAY_04767,4042,Wallet,User Abandoned,7,7,1,0.467,10,867,Reminder,1,4042
PAY_04768,1445,Net Banking,Card Declined,6,0,0,0.857,13,1316,UPI Link,1,1445
PAY_04769,492,UPI,Bank Timeout,10,2,1,0.769,18,1345,Retry,1,492
PAY_04770,1041,UPI,Technical Error,7,1,0,0.778,5,1448,UPI Link,1,1041
PAY_04771,7842,UPI,Card Declined,3,4,0,0.375,1,379,UPI Link,1,7842
PAY_04772,3201,Card,Network Error,16,1,1,0.889,10,1326,Retry,1,3201
PAY_04773,4976,Net Banking,User Abandoned,4,1,0,0.667,21,669,UPI Link,0,0
PAY_04774,2384,Card,Bank Timeout,6,2,0,0.667,23,196,Retry,1,2384
PAY_04775,6162,Card,Insufficient Funds,4,2,1,0.571,13,984,Reminder,1,6162
PAY_04776,5139,Net Banking,Insufficient Funds,10,2,0,0.769,10,1206,UPI Link,0,0
PAY_04777,2211,UPI,Insufficient Funds,10,0,1,0.909,13,512,Reminder,1,2211
PAY_04778,18103,Card,Bank Timeout,10,1,0,0.833,4,570,Retry,1,18103
PAY_04779,4420,Net Banking,Bank Timeout,9,0,1,0.9,4,378,Retry,0,0
PAY_04780,558,UPI,Technical Error,12,3,1,0.75,4,1342,Retry,1,558
PAY_04781,868,UPI,Insufficient Funds,5,3,0,0.556,6,525,UPI Link,1,868
PAY_04782,909,Card,Bank Timeout,10,3,1,0.714,3,395,Retry,1,909
PAY_04783,2837,Card,Technical Error,8,1,0,0.8,16,776,Reminder,1,2837
PAY_04784,29251,UPI,Bank Timeout,11,2,0,0.786,7,1225,Retry,1,29251
PAY_04785,2283,Wallet,User Abandoned,13,1,0,0.867,10,259,Reminder,0,0
PAY_04786,1962,Card,Network Error,12,1,1,0.857,9,611,Retry,1,1962
PAY_04787,9439,Wallet,Insufficient Funds,5,1,0,0.714,8,1196,UPI Link,0,0
PAY_04788,3284,Wallet,Bank Timeout,12,3,0,0.75,5,112,UPI Link,1,3284
PAY_04789,3207,Net Banking,Bank Timeout,9,1,1,0.818,14,1304,Retry,1,3207
PAY_04790,1867,Card,Technical Error,10,2,2,0.769,18,1127,UPI Link,0,0
PAY_04791,3188,Net Banking,Bank Timeout,5,2,1,0.625,15,476,Retry,0,0
PAY_04792,4681,UPI,Technical Error,10,5,2,0.625,5,786,Retry,1,4681
PAY_04793,8076,Wallet,Technical Error,12,1,0,0.857,18,136,Retry,0,0
PAY_04794,983,Wallet,Bank Timeout,6,0,0,0.857,7,1310,Retry,1,983
PAY_04795,3658,Wallet,Card Declined,10,1,0,0.833,3,546,UPI Link,1,3658
PAY_04796,6487,Net Banking,Bank Timeout,5,4,0,0.5,12,1192,Retry,1,6487
PAY_04797,3263,Card,Technical Error,8,2,1,0.727,8,807,Retry,1,3263
PAY_04798,8547,Net Banking,User Abandoned,16,1,0,0.889,10,427,UPI Link,1,8547
PAY_04799,2429,Wallet,Bank Timeout,6,3,2,0.6,18,1130,Retry,0,0
PAY_04800,13006,Card,Bank Timeout,6,2,0,0.667,6,1449,UPI Link,1,13006
PAY_04801,7777,Wallet,Card Declined,4,0,1,0.8,4,610,UPI Link,1,7777
PAY_04802,6552,Wallet,Insufficient Funds,8,2,0,0.727,20,938,Retry,0,0
PAY_04803,10580,Wallet,Bank Timeout,8,1,2,0.8,20,1121,Retry,0,0
PAY_04804,1495,Net Banking,Technical Error,11,0,0,0.917,21,587,Retry,1,1495
PAY_04805,26678,Net Banking,Network Error,8,2,2,0.727,13,505,UPI Link,0,0
PAY_04806,12603,UPI,Card Declined,13,1,0,0.867,12,1497,UPI Link,0,0
PAY_04807,1264,Net Banking,Network Error,3,2,1,0.5,18,1309,Retry,1,1264
PAY_04808,7134,UPI,Card Declined,8,2,0,0.727,11,460,UPI Link,1,7134
PAY_04809,697,UPI,Insufficient Funds,13,2,1,0.812,16,1344,Reminder,1,697
PAY_04810,2411,Wallet,Insufficient Funds,8,3,0,0.667,7,48,UPI Link,0,0
PAY_04811,2235,Card,Card Declined,10,2,0,0.769,12,121,UPI Link,1,2235
PAY_04812,5399,Card,Insufficient Funds,7,5,0,0.538,8,1099,UPI Link,0,0
PAY_04813,6014,Wallet,Network Error,14,3,2,0.778,0,1139,Retry,0,0
PAY_04814,9228,Wallet,User Abandoned,10,1,0,0.833,18,426,Reminder,1,9228
PAY_04815,11719,UPI,Technical Error,13,2,1,0.812,6,1213,UPI Link,1,11719
PAY_04816,360,Wallet,Card Declined,3,2,0,0.5,10,1316,UPI Link,1,360
PAY_04817,4522,Card,User Abandoned,10,0,1,0.909,20,337,Reminder,0,0
PAY_04818,1896,Net Banking,Technical Error,11,0,1,0.917,6,392,Retry,1,1896
PAY_04819,1622,Wallet,Bank Timeout,5,2,2,0.625,18,1206,UPI Link,1,1622
PAY_04820,5760,Net Banking,Insufficient Funds,11,6,0,0.611,12,1173,Reminder,0,0
PAY_04821,1523,UPI,User Abandoned,6,1,0,0.75,5,1315,Reminder,1,1523
PAY_04822,3858,Wallet,User Abandoned,11,2,0,0.786,18,943,Reminder,0,0
PAY_04823,2439,Wallet,Card Declined,11,2,2,0.786,0,844,UPI Link,0,0
PAY_04824,6448,Card,Bank Timeout,7,0,0,0.875,7,1229,Retry,1,6448
PAY_04825,673,UPI,Card Declined,13,1,0,0.867,5,717,Reminder,1,673
PAY_04826,7067,UPI,Insufficient Funds,14,1,1,0.875,22,506,UPI Link,0,0
PAY_04827,1640,Net Banking,User Abandoned,3,6,1,0.3,1,167,Reminder,1,1640
PAY_04828,6743,Card,Technical Error,4,0,0,0.8,6,976,Reminder,0,0
PAY_04829,4676,Wallet,Card Declined,5,0,2,0.833,6,1405,UPI Link,1,4676
PAY_04830,18131,UPI,Technical Error,8,0,0,0.889,18,1118,UPI Link,1,18131
PAY_04831,7431,Net Banking,Insufficient Funds,8,2,2,0.727,1,146,Retry,0,0
PAY_04832,4642,Wallet,Network Error,3,2,0,0.5,1,152,Reminder,1,4642
PAY_04833,1560,UPI,Insufficient Funds,4,0,1,0.8,0,580,UPI Link,0,0
PAY_04834,6469,UPI,Insufficient Funds,7,2,0,0.7,9,1344,Retry,0,0
PAY_04835,800,Card,Insufficient Funds,5,4,0,0.5,16,1151,UPI Link,1,800
PAY_04836,19933,Wallet,Card Declined,12,1,0,0.857,12,1115,Retry,1,19933
PAY_04837,53060,UPI,Network Error,10,0,1,0.909,1,505,Retry,0,0
PAY_04838,14806,UPI,Bank Timeout,10,2,0,0.769,16,675,Retry,1,14806
PAY_04839,3688,Net Banking,Bank Timeout,14,3,0,0.778,6,654,Retry,0,0
PAY_04840,1348,Wallet,Insufficient Funds,9,1,2,0.818,15,1159,Retry,1,1348
PAY_04841,3083,UPI,Card Declined,4,1,1,0.667,3,421,Retry,1,3083
PAY_04842,15033,Wallet,Insufficient Funds,10,5,0,0.625,10,985,Reminder,0,0
PAY_04843,8972,UPI,Card Declined,4,2,0,0.571,6,277,Reminder,0,0
PAY_04844,9431,UPI,Network Error,5,1,2,0.714,9,34,Retry,1,9431
PAY_04845,26751,Net Banking,Card Declined,10,0,2,0.909,0,331,Retry,0,0
PAY_04846,7623,UPI,Technical Error,6,2,0,0.667,3,272,UPI Link,0,0
PAY_04847,26974,Wallet,User Abandoned,5,5,0,0.455,10,280,UPI Link,1,26974
PAY_04848,2098,UPI,Network Error,7,2,0,0.7,13,976,UPI Link,0,0
PAY_04849,947,Net Banking,Card Declined,8,3,1,0.667,9,878,UPI Link,1,947
PAY_04850,3998,UPI,Bank Timeout,6,1,1,0.75,2,77,Reminder,0,0
PAY_04851,20763,Wallet,Technical Error,9,3,1,0.692,3,1347,Reminder,0,0
PAY_04852,2827,UPI,Network Error,8,2,0,0.727,5,511,Retry,1,2827
PAY_04853,2838,UPI,Technical Error,12,2,0,0.8,1,156,UPI Link,1,2838
PAY_04854,9002,UPI,Technical Error,8,2,0,0.727,10,106,Retry,0,0
PAY_04855,1151,Wallet,User Abandoned,8,2,0,0.727,12,137,Reminder,0,0
PAY_04856,2058,Net Banking,Technical Error,11,3,0,0.733,5,662,Retry,0,0
PAY_04857,790,Wallet,User Abandoned,10,5,0,0.625,2,5,Reminder,0,0
PAY_04858,2697,Net Banking,Technical Error,10,1,1,0.833,23,134,Reminder,0,0
PAY_04859,2859,Wallet,Network Error,9,4,1,0.643,19,1444,Retry,1,2859
PAY_04860,4263,Net Banking,Card Declined,12,3,1,0.75,19,579,UPI Link,1,4263
PAY_04861,7613,Card,Insufficient Funds,10,1,0,0.833,11,218,UPI Link,0,0
PAY_04862,1154,Net Banking,Card Declined,7,4,1,0.583,11,1359,Retry,0,0
PAY_04863,11250,Card,Technical Error,8,2,0,0.727,16,607,UPI Link,1,11250
PAY_04864,8624,Card,Card Declined,6,2,2,0.667,23,177,UPI Link,1,8624
PAY_04865,1594,Wallet,Card Declined,5,2,0,0.625,20,741,UPI Link,1,1594
PAY_04866,5067,UPI,Technical Error,15,3,1,0.789,0,976,Retry,1,5067
PAY_04867,2596,UPI,Insufficient Funds,21,0,0,0.955,20,563,Reminder,1,2596
PAY_04868,4432,Card,Insufficient Funds,9,1,1,0.818,16,1328,Retry,1,4432
PAY_04869,2566,Wallet,Bank Timeout,8,0,0,0.889,1,1435,Retry,1,2566
PAY_04870,1214,UPI,Insufficient Funds,16,2,0,0.842,20,844,Reminder,0,0
PAY_04871,2049,UPI,User Abandoned,5,2,0,0.625,3,996,Reminder,0,0
PAY_04872,2041,Card,Insufficient Funds,8,5,1,0.571,13,346,Reminder,0,0
PAY_04873,2469,UPI,Insufficient Funds,4,6,0,0.364,21,331,Reminder,1,2469
PAY_04874,19284,Card,Network Error,9,1,0,0.818,5,359,Retry,1,19284
PAY_04875,2353,Net Banking,Insufficient Funds,6,0,1,0.857,8,965,Reminder,0,0
PAY_04876,4917,Card,Network Error,3,0,0,0.75,11,1242,Retry,1,4917
PAY_04877,4254,Net Banking,Insufficient Funds,13,3,0,0.765,8,189,Reminder,0,0
PAY_04878,1242,Net Banking,Card Declined,7,1,1,0.778,3,468,UPI Link,0,0
PAY_04879,1297,UPI,User Abandoned,4,3,0,0.5,7,711,UPI Link,0,0
PAY_04880,2477,Net Banking,Bank Timeout,11,5,0,0.647,14,299,Retry,0,0
PAY_04881,58823,Card,Insufficient Funds,8,1,1,0.8,9,241,UPI Link,0,0
PAY_04882,1318,Net Banking,Card Declined,10,2,1,0.769,1,1227,Reminder,0,0
PAY_04883,8976,Card,Insufficient Funds,8,5,0,0.571,17,36,Retry,0,0
PAY_04884,3488,UPI,Technical Error,12,2,0,0.8,19,590,Reminder,1,3488
PAY_04885,4477,Net Banking,Bank Timeout,5,6,0,0.417,2,1256,Retry,0,0
PAY_04886,5183,Card,Network Error,10,6,0,0.588,20,538,Retry,1,5183
PAY_04887,351,Wallet,Card Declined,9,2,0,0.75,23,1288,UPI Link,0,0
PAY_04888,6817,UPI,Bank Timeout,6,1,0,0.75,20,1045,Retry,1,6817
PAY_04889,6277,Card,Insufficient Funds,7,1,1,0.778,7,706,UPI Link,0,0
PAY_04890,3788,UPI,User Abandoned,6,3,0,0.6,14,1144,UPI Link,1,3788
PAY_04891,11820,UPI,User Abandoned,10,2,0,0.769,3,455,UPI Link,1,11820
PAY_04892,9603,Wallet,Technical Error,5,0,0,0.833,23,825,Retry,1,9603
PAY_04893,2125,UPI,Technical Error,8,1,0,0.8,17,662,Reminder,0,0
PAY_04894,883,Wallet,Technical Error,8,1,1,0.8,18,627,Retry,0,0
PAY_04895,2749,UPI,Network Error,9,3,0,0.692,5,1180,UPI Link,0,0
PAY_04896,3155,UPI,Card Declined,4,5,1,0.4,13,1161,UPI Link,1,3155
PAY_04897,1335,Net Banking,Technical Error,9,3,0,0.692,16,1245,UPI Link,1,1335
PAY_04898,3968,Wallet,Insufficient Funds,5,2,1,0.625,2,1491,Reminder,0,0
PAY_04899,1645,Net Banking,Card Declined,9,2,1,0.75,7,479,UPI Link,0,0
PAY_04900,1457,Net Banking,Technical Error,6,0,1,0.857,1,170,Retry,1,1457
PAY_04901,1732,Card,Card Declined,10,2,1,0.769,2,457,UPI Link,1,1732
PAY_04902,937,UPI,Technical Error,7,0,1,0.875,17,120,Retry,1,937
PAY_04903,543,Card,User Abandoned,12,2,0,0.8,16,575,Reminder,0,0
PAY_04904,4785,Wallet,Network Error,10,2,1,0.769,5,1312,Retry,1,4785
PAY_04905,3131,Wallet,Technical Error,8,3,0,0.667,9,942,UPI Link,0,0
PAY_04906,1047,Wallet,Bank Timeout,4,0,0,0.8,0,1089,Retry,1,1047
PAY_04907,2243,Card,Bank Timeout,5,1,2,0.714,4,514,Reminder,1,2243
PAY_04908,1361,Net Banking,Network Error,6,3,0,0.6,1,561,Retry,1,1361
PAY_04909,1925,Card,Technical Error,11,5,0,0.647,23,678,Retry,0,0
PAY_04910,5766,Wallet,Network Error,5,3,0,0.556,10,1095,Retry,1,5766
PAY_04911,16161,Wallet,Technical Error,9,1,1,0.818,0,787,Retry,1,16161
PAY_04912,3187,Wallet,Network Error,10,2,1,0.769,0,333,Retry,1,3187
PAY_04913,2449,Net Banking,Card Declined,5,3,0,0.556,7,437,UPI Link,1,2449
PAY_04914,6562,Card,Network Error,8,1,0,0.8,21,1229,Retry,1,6562
PAY_04915,13770,Card,Bank Timeout,5,3,0,0.556,10,1311,Retry,1,13770
PAY_04916,1221,Card,Network Error,7,2,1,0.7,7,95,Retry,1,1221
PAY_04917,2677,Card,Network Error,9,2,1,0.75,12,377,Reminder,1,2677
PAY_04918,3192,UPI,Card Declined,8,2,0,0.727,3,995,UPI Link,1,3192
PAY_04919,6295,Card,Network Error,3,3,0,0.429,4,55,Retry,1,6295
PAY_04920,16811,Wallet,Card Declined,5,3,1,0.556,5,245,UPI Link,1,16811
PAY_04921,14406,Card,Network Error,11,0,0,0.917,12,784,Retry,1,14406
PAY_04922,3919,Wallet,Insufficient Funds,10,1,1,0.833,7,259,UPI Link,1,3919
PAY_04923,4739,UPI,Bank Timeout,8,0,0,0.889,7,1201,Retry,1,4739
PAY_04924,745,UPI,Technical Error,7,0,1,0.875,11,16,Retry,1,745
PAY_04925,18806,UPI,Card Declined,11,2,0,0.786,21,1199,UPI Link,1,18806
PAY_04926,1412,Card,User Abandoned,5,3,0,0.556,6,766,UPI Link,1,1412
PAY_04927,9395,Wallet,Network Error,8,3,1,0.667,2,1237,Retry,1,9395
PAY_04928,3913,UPI,User Abandoned,10,2,0,0.769,5,1452,UPI Link,0,0
PAY_04929,848,Net Banking,Card Declined,12,0,0,0.923,12,300,UPI Link,1,848
PAY_04930,3628,Net Banking,Card Declined,7,0,2,0.875,22,1387,UPI Link,1,3628
PAY_04931,3427,Wallet,Insufficient Funds,7,1,1,0.778,23,755,Reminder,0,0
PAY_04932,6001,Net Banking,Insufficient Funds,8,1,2,0.8,14,1187,Retry,0,0
PAY_04933,3592,Card,Bank Timeout,6,3,0,0.6,9,705,UPI Link,1,3592
PAY_04934,952,Card,Bank Timeout,4,0,2,0.8,7,170,Retry,1,952
PAY_04935,4649,Wallet,Card Declined,8,3,1,0.667,2,584,UPI Link,0,0
PAY_04936,5102,Net Banking,Card Declined,8,2,2,0.727,9,502,UPI Link,1,5102
PAY_04937,12963,UPI,Network Error,5,1,0,0.714,11,402,Retry,1,12963
PAY_04938,932,UPI,Insufficient Funds,8,4,2,0.615,14,1022,Reminder,1,932
PAY_04939,5068,Wallet,User Abandoned,5,3,1,0.556,10,120,Reminder,1,5068
PAY_04940,4337,Wallet,User Abandoned,8,0,1,0.889,2,257,Reminder,1,4337
PAY_04941,12891,Card,Network Error,7,1,0,0.778,22,1328,Retry,1,12891
PAY_04942,725,UPI,Card Declined,4,1,2,0.667,2,1478,UPI Link,1,725
PAY_04943,6746,Card,Bank Timeout,16,5,0,0.727,2,1383,Retry,1,6746
PAY_04944,1406,Wallet,User Abandoned,9,2,1,0.75,21,905,Reminder,1,1406
PAY_04945,1627,Wallet,User Abandoned,18,2,1,0.857,6,687,Reminder,0,0
PAY_04946,8384,Card,Bank Timeout,6,0,2,0.857,15,253,UPI Link,0,0
PAY_04947,2410,Card,Insufficient Funds,5,4,0,0.5,12,1303,UPI Link,1,2410
PAY_04948,5356,Net Banking,User Abandoned,11,1,1,0.846,11,849,Reminder,1,5356
PAY_04949,5343,Wallet,Insufficient Funds,12,0,0,0.923,9,312,UPI Link,1,5343
PAY_04950,4160,Card,Insufficient Funds,9,4,0,0.643,0,502,UPI Link,1,4160
PAY_04951,3983,Net Banking,Bank Timeout,7,3,1,0.636,17,1157,Reminder,0,0
PAY_04952,3263,Card,Bank Timeout,6,2,2,0.667,22,150,Reminder,0,0
PAY_04953,994,Net Banking,Card Declined,12,4,0,0.706,19,1350,UPI Link,0,0
PAY_04954,1694,Wallet,Card Declined,6,1,1,0.75,6,260,Retry,1,1694
PAY_04955,2661,Net Banking,Insufficient Funds,6,3,1,0.6,21,1135,Reminder,1,2661
PAY_04956,2725,Wallet,Card Declined,7,1,0,0.778,18,147,Reminder,0,0
PAY_04957,5173,Net Banking,Bank Timeout,12,2,1,0.8,4,85,Retry,1,5173
PAY_04958,818,Net Banking,User Abandoned,9,3,0,0.692,12,724,Reminder,1,818
PAY_04959,2672,Wallet,Card Declined,9,1,0,0.818,5,883,UPI Link,1,2672
PAY_04960,3833,Card,Technical Error,3,4,0,0.375,4,1000,Retry,0,0
PAY_04961,3250,Net Banking,Technical Error,6,6,0,0.462,7,510,Retry,1,3250
PAY_04962,2655,Net Banking,User Abandoned,4,0,1,0.8,10,791,UPI Link,1,2655
PAY_04963,2167,Wallet,Technical Error,7,2,1,0.7,14,1048,Retry,1,2167
PAY_04964,1627,Wallet,Bank Timeout,9,0,0,0.9,8,1184,Retry,1,1627
PAY_04965,2935,Net Banking,Insufficient Funds,11,1,0,0.846,9,834,UPI Link,0,0
PAY_04966,13123,Net Banking,Insufficient Funds,13,3,1,0.765,18,266,Retry,0,0
PAY_04967,10432,Wallet,Technical Error,9,3,1,0.692,17,684,UPI Link,1,10432
PAY_04968,5766,Card,User Abandoned,8,1,0,0.8,13,259,UPI Link,1,5766
PAY_04969,3260,Wallet,User Abandoned,11,5,1,0.647,5,1224,UPI Link,1,3260
PAY_04970,986,Net Banking,User Abandoned,6,3,0,0.6,19,903,UPI Link,0,0
PAY_04971,2199,Card,Technical Error,5,1,2,0.714,8,284,Reminder,1,2199
PAY_04972,8698,UPI,Technical Error,4,0,1,0.8,21,761,Reminder,1,8698
PAY_04973,2913,Card,Bank Timeout,5,3,0,0.556,9,1011,Retry,1,2913
PAY_04974,4943,UPI,Technical Error,4,2,0,0.571,15,1481,Retry,1,4943
PAY_04975,3863,Card,Technical Error,13,2,0,0.812,16,597,Retry,1,3863
PAY_04976,997,UPI,Card Declined,6,4,0,0.545,6,472,UPI Link,1,997
PAY_04977,1655,Card,Insufficient Funds,8,5,0,0.571,14,1138,UPI Link,0,0
PAY_04978,2518,Card,Bank Timeout,12,0,0,0.923,14,1322,UPI Link,0,0
PAY_04979,5854,Card,User Abandoned,10,3,0,0.714,18,1431,UPI Link,1,5854
PAY_04980,7568,Net Banking,Insufficient Funds,9,0,2,0.9,12,1000,Reminder,1,7568
PAY_04981,2640,Wallet,Insufficient Funds,11,2,1,0.786,6,834,UPI Link,1,2640
PAY_04982,2053,Card,Network Error,5,3,1,0.556,6,9,Retry,1,2053
PAY_04983,3837,Card,Bank Timeout,7,3,0,0.636,1,1475,Retry,1,3837
PAY_04984,12278,Net Banking,Network Error,8,4,0,0.615,4,795,UPI Link,0,0
PAY_04985,1488,Card,Bank Timeout,9,1,0,0.818,13,925,Retry,0,0
PAY_04986,428,Wallet,Insufficient Funds,15,2,1,0.833,5,1416,UPI Link,0,0
PAY_04987,2324,Wallet,Card Declined,8,3,2,0.667,23,1307,UPI Link,1,2324
PAY_04988,761,Card,Card Declined,5,3,0,0.556,10,1311,UPI Link,0,0
PAY_04989,4121,Net Banking,Card Declined,9,0,1,0.9,4,50,UPI Link,1,4121
PAY_04990,9723,Net Banking,Card Declined,12,2,0,0.8,18,1465,Reminder,1,9723
PAY_04991,4960,UPI,Bank Timeout,9,3,0,0.692,8,1274,Retry,1,4960
PAY_04992,8261,UPI,Network Error,6,2,0,0.667,11,103,UPI Link,0,0
PAY_04993,2442,UPI,Insufficient Funds,10,1,0,0.833,10,598,Reminder,1,2442
PAY_04994,2775,Wallet,Technical Error,7,3,1,0.636,22,1416,UPI Link,1,2775
PAY_04995,4844,UPI,Network Error,7,2,0,0.7,6,1073,UPI Link,1,4844
PAY_04996,2561,UPI,Technical Error,7,1,0,0.778,20,140,Retry,1,2561
PAY_04997,11690,UPI,Technical Error,5,1,0,0.714,2,714,Retry,0,0
PAY_04998,9970,Net Banking,Insufficient Funds,11,3,2,0.733,6,677,Reminder,0,0
PAY_04999,1485,UPI,Technical Error,10,3,1,0.714,20,445,Retry,0,0
PAY_05000,1382,Wallet,Technical Error,15,0,0,0.938,16,103,Retry,1,1382
